-- =============================================
-- Author:	Richard Luo
-- Author:	Justin Webster
-- Create date:	2008/10/06
-- Description:	Loads (i.e. inserts) the minimum set of data that is required to "test" the functions of sorting and paging.
-- Note:	Adapted from a script generated by Red Gate SQL Compare.
-- Warning:	This script (as currently implemented) may reseed Identity columns in tables that are not otherwise modified by the script.
-- =============================================

SET NUMERIC_ROUNDABORT OFF
GO
SET XACT_ABORT, ANSI_PADDING, ANSI_WARNINGS, CONCAT_NULL_YIELDS_NULL, ARITHABORT, QUOTED_IDENTIFIER, ANSI_NULLS, NOCOUNT ON
GO

BEGIN TRY
	BEGIN TRANSACTION

	PRINT 'Loading "Test" DB data'

	DECLARE @strDefaultValue_CreatedBy NVARCHAR(50);
	DECLARE @strDefaultValue_ModifiedBy NVARCHAR(50);
	DECLARE @intRowStatus_Active int;
	DECLARE @intRowStatus_Inactive int;
	DECLARE @intRowStatus_Deleted int;
	DECLARE @intRole_Administrator int;
	DECLARE @intRole_DataAdmin int;
	DECLARE @intRole_UserAdmin int;
	DECLARE @intRole_OfferViewer int;
	DECLARE @intRole_OfferEditor int;
	DECLARE @intRole_OfferValidator int;
	DECLARE @intRole_OfferCoordinator int;
	DECLARE @intRole_AccountLocked int;
	DECLARE @intOfferStatus_Modified int;
	DECLARE @intOfferStatus_ReadyForValidation int;
	DECLARE @intOfferStatus_Validated int;
	DECLARE @intOfferStatus_Published int;
	DECLARE @intOfferStatus_Expired int;
	DECLARE @intOfferStatus_Cancelled int;
	DECLARE @intOfferStatus_Abandoned int;
	DECLARE @intOfferType_Accessory int;
	DECLARE @intOfferType_Bounty int;
	DECLARE @intOfferType_Carepack int;
	DECLARE @intOfferType_Informational int;
	DECLARE @intOfferType_Supply int;
	DECLARE @intOfferType_Support int;
	DECLARE @intOfferPlatform_ITG int;
	DECLARE @intOfferPlatform_Production int;
	DECLARE @intOfferPlatform_Development int;
	DECLARE @personId INT;

	SET @strDefaultValue_CreatedBy = N'system';
	SET @strDefaultValue_ModifiedBy = @strDefaultValue_CreatedBy;
	SET @intRowStatus_Active = 1;
	SET @intRowStatus_Inactive = 2;
	SET @intRowStatus_Deleted = 3;
	SET @intRole_Administrator = 1;
	SET @intRole_DataAdmin = 2;
	SET @intRole_UserAdmin = 3;
	SET @intRole_OfferViewer = 4;
	SET @intRole_OfferEditor = 5;
	SET @intRole_OfferValidator = 6;
	SET @intRole_OfferCoordinator = 7;
	SET @intRole_AccountLocked = 8;
	SET @intOfferStatus_Modified = 1;
	SET @intOfferStatus_ReadyForValidation = 2;
	SET @intOfferStatus_Validated = 3;
	SET @intOfferStatus_Published = 4;
	SET @intOfferStatus_Expired = 4;
	SET @intOfferStatus_Cancelled = 5;
	SET @intOfferStatus_Abandoned = 6;
	SET @intOfferType_Accessory = 1;
	SET @intOfferType_Bounty = 2;
	SET @intOfferType_Carepack = 3;
	SET @intOfferType_Informational = 4;
	SET @intOfferType_Supply = 5;
	SET @intOfferType_Support = 6;
	SET @intOfferPlatform_ITG = 1;
	SET @intOfferPlatform_Production = 2;
	SET @intOfferPlatform_Development = 3;

	PRINT 'Adding rows to [dbo].[RowStatus]'
	BEGIN
		SET IDENTITY_INSERT [dbo].[RowStatus] ON
		INSERT INTO [dbo].[RowStatus] ([Id], [Name], [CreatedBy], [CreatedOn], [ModifiedBy], [ModifiedOn]) VALUES (1, N'Active', @strDefaultValue_CreatedBy, getdate(), @strDefaultValue_ModifiedBy, getdate())
		INSERT INTO [dbo].[RowStatus] ([Id], [Name], [CreatedBy], [CreatedOn], [ModifiedBy], [ModifiedOn]) VALUES (2, N'Inactive', @strDefaultValue_CreatedBy, getdate(), @strDefaultValue_ModifiedBy, getdate())
		INSERT INTO [dbo].[RowStatus] ([Id], [Name], [CreatedBy], [CreatedOn], [ModifiedBy], [ModifiedOn]) VALUES (3, N'Deleted', @strDefaultValue_CreatedBy, getdate(), @strDefaultValue_ModifiedBy, getdate())
		SET IDENTITY_INSERT [dbo].[RowStatus] OFF
	END

	PRINT 'Adding rows to [dbo].[Role]'
	BEGIN
		SET IDENTITY_INSERT [dbo].[Role] ON
		INSERT INTO [dbo].[Role] ([Id], [Name], [CreatedBy], [CreatedOn], [ModifiedBy], [ModifiedOn], [RowStatusId]) VALUES (@intRole_Administrator, N'Administrator', @strDefaultValue_CreatedBy, getdate(), @strDefaultValue_ModifiedBy, getdate(), @intRowStatus_Active)
		INSERT INTO [dbo].[Role] ([Id], [Name], [CreatedBy], [CreatedOn], [ModifiedBy], [ModifiedOn], [RowStatusId]) VALUES (@intRole_DataAdmin, N'DataAdmin', @strDefaultValue_CreatedBy, getdate(), @strDefaultValue_ModifiedBy, getdate(), @intRowStatus_Active)
		INSERT INTO [dbo].[Role] ([Id], [Name], [CreatedBy], [CreatedOn], [ModifiedBy], [ModifiedOn], [RowStatusId]) VALUES (@intRole_UserAdmin, N'UserAdmin', @strDefaultValue_CreatedBy, getdate(), @strDefaultValue_ModifiedBy, getdate(), @intRowStatus_Active)
		INSERT INTO [dbo].[Role] ([Id], [Name], [CreatedBy], [CreatedOn], [ModifiedBy], [ModifiedOn], [RowStatusId]) VALUES (@intRole_OfferViewer, N'OfferViewer', @strDefaultValue_CreatedBy, getdate(), @strDefaultValue_ModifiedBy, getdate(), @intRowStatus_Active)
		INSERT INTO [dbo].[Role] ([Id], [Name], [CreatedBy], [CreatedOn], [ModifiedBy], [ModifiedOn], [RowStatusId]) VALUES (@intRole_OfferEditor, N'OfferEditor', @strDefaultValue_CreatedBy, getdate(), @strDefaultValue_ModifiedBy, getdate(), @intRowStatus_Active)
		INSERT INTO [dbo].[Role] ([Id], [Name], [CreatedBy], [CreatedOn], [ModifiedBy], [ModifiedOn], [RowStatusId]) VALUES (@intRole_OfferValidator, N'OfferValidator', @strDefaultValue_CreatedBy, getdate(), @strDefaultValue_ModifiedBy, getdate(), @intRowStatus_Active)
		INSERT INTO [dbo].[Role] ([Id], [Name], [CreatedBy], [CreatedOn], [ModifiedBy], [ModifiedOn], [RowStatusId]) VALUES (@intRole_OfferCoordinator, N'OfferCoordinator', @strDefaultValue_CreatedBy, getdate(), @strDefaultValue_ModifiedBy, getdate(), @intRowStatus_Active)
		INSERT INTO [dbo].[Role] ([Id], [Name], [CreatedBy], [CreatedOn], [ModifiedBy], [ModifiedOn], [RowStatusId]) VALUES (@intRole_AccountLocked, N'AccountLocked', @strDefaultValue_CreatedBy, getdate(), @strDefaultValue_ModifiedBy, getdate(), @intRowStatus_Active)
		SET IDENTITY_INSERT [dbo].[Role] OFF
	END

	PRINT 'Adding rows to [dbo].[Person]'
	BEGIN
		SET IDENTITY_INSERT [dbo].[Person] ON
		INSERT INTO [dbo].[Person] ([Id], [WindowsId], [FirstName], [MiddleName], [LastName], [Email], [CreatedOn], [CreatedBy], [ModifiedOn], [ModifiedBy], [RowStatusId]) VALUES (1, N'system\system', N'ElementsCPS', null, N'ServiceAccount', N'ElementsCPS.Support@hp.com', getdate(), @strDefaultValue_CreatedBy, getdate(), @strDefaultValue_ModifiedBy, @intRowStatus_Active)
		INSERT INTO [dbo].[Person] ([Id], [WindowsId], [FirstName], [MiddleName], [LastName], [Email], [CreatedOn], [CreatedBy], [ModifiedOn], [ModifiedBy], [RowStatusId]) VALUES (2, N'americas\websterj', N'Justin', NULL, N'Webster', N'justin.webster@hp.com', getdate(), @strDefaultValue_CreatedBy, getdate(), @strDefaultValue_ModifiedBy, @intRowStatus_Active)
		INSERT INTO [dbo].[Person] ([Id], [WindowsId], [FirstName], [MiddleName], [LastName], [Email], [CreatedOn], [CreatedBy], [ModifiedOn], [ModifiedBy], [RowStatusId]) VALUES (3, N'americas\mukaimur', N'Robert', N'S', N'Mukai', N'robert.mukai@hp.com', getdate(), @strDefaultValue_CreatedBy, getdate(), @strDefaultValue_ModifiedBy, @intRowStatus_Active)
		INSERT INTO [dbo].[Person] ([Id], [WindowsId], [FirstName], [MiddleName], [LastName], [Email], [CreatedOn], [CreatedBy], [ModifiedOn], [ModifiedBy], [RowStatusId]) VALUES (4, N'asiapacific\dengz', N'Zhao-Hui (Jeffrey)', N'', N'Deng', N'zhaohui.deng@hp.com', getdate(), @strDefaultValue_CreatedBy, getdate(), @strDefaultValue_ModifiedBy, @intRowStatus_Active)
		INSERT INTO [dbo].[Person] ([Id], [WindowsId], [FirstName], [MiddleName], [LastName], [Email], [CreatedOn], [CreatedBy], [ModifiedOn], [ModifiedBy], [RowStatusId]) VALUES (5, N'asiapacific\luozh', N'Zhi-Peng (Richard)', N'', N'Luo', N'zhipeng.luo@hp.com', getdate(), @strDefaultValue_CreatedBy, getdate(), @strDefaultValue_ModifiedBy, @intRowStatus_Active)
		INSERT INTO [dbo].[Person] ([Id], [WindowsId], [FirstName], [MiddleName], [LastName], [Email], [CreatedOn], [CreatedBy], [ModifiedOn], [ModifiedBy], [RowStatusId]) VALUES (6, N'americas\activeperson', N'Active', Null, N'Person', N'person.active@hp.com', getdate(), @strDefaultValue_CreatedBy, getdate(), @strDefaultValue_ModifiedBy, @intRowStatus_Active)
		INSERT INTO [dbo].[Person] ([Id], [WindowsId], [FirstName], [MiddleName], [LastName], [Email], [CreatedOn], [CreatedBy], [ModifiedOn], [ModifiedBy], [RowStatusId]) VALUES (7, N'americas\inactiveperson', N'Inactive', NULL, N'Person', N'person.inactive@hp.com', getdate(), @strDefaultValue_CreatedBy, getdate(), @strDefaultValue_ModifiedBy, @intRowStatus_Inactive)
		INSERT INTO [dbo].[Person] ([Id], [WindowsId], [FirstName], [MiddleName], [LastName], [Email], [CreatedOn], [CreatedBy], [ModifiedOn], [ModifiedBy], [RowStatusId]) VALUES (8, N'americas\deletedperson', N'Deleted', NULL, N'Person', N'person.deleted@hp.com', getdate(), @strDefaultValue_CreatedBy, getdate(), @strDefaultValue_ModifiedBy, @intRowStatus_Deleted)
		INSERT INTO [dbo].[Person] ([Id], [WindowsId], [FirstName], [MiddleName], [LastName], [Email], [CreatedOn], [CreatedBy], [ModifiedOn], [ModifiedBy], [RowStatusId]) VALUES (9, N'americas\lasta', N'firsta', Null, N'lasta', N'firsta.lasta@hp.com', '01-JAN-2008', N'americas\lasta', '01-JAN-2008', N'americas\lasta', @intRowStatus_Active)
		INSERT INTO [dbo].[Person] ([Id], [WindowsId], [FirstName], [MiddleName], [LastName], [Email], [CreatedOn], [CreatedBy], [ModifiedOn], [ModifiedBy], [RowStatusId]) VALUES (10, N'americas\lastb', N'firstb', NULL, N'lastb', N'firstb.lastb@hp.com', '02-JAN-2008', N'americas\lastb', '02-JAN-2008', N'americas\lastb', @intRowStatus_Inactive)
		INSERT INTO [dbo].[Person] ([Id], [WindowsId], [FirstName], [MiddleName], [LastName], [Email], [CreatedOn], [CreatedBy], [ModifiedOn], [ModifiedBy], [RowStatusId]) VALUES (11, N'americas\lastc', N'firstc', NULL, N'lastc', N'firstc.lastc@hp.com', '03-JAN-2008', N'americas\lastc', '03-JAN-2008', N'americas\lastc', @intRowStatus_Deleted)
		INSERT INTO [dbo].[Person] ([Id], [WindowsId], [FirstName], [MiddleName], [LastName], [Email], [CreatedOn], [CreatedBy], [ModifiedOn], [ModifiedBy], [RowStatusId]) VALUES (12, N'system\Administrator', N'Administrator', Null, N'Role', N'person.Administrator@hp.com', getdate(), @strDefaultValue_CreatedBy, getdate(), @strDefaultValue_ModifiedBy, @intRowStatus_Active)
		INSERT INTO [dbo].[Person] ([Id], [WindowsId], [FirstName], [MiddleName], [LastName], [Email], [CreatedOn], [CreatedBy], [ModifiedOn], [ModifiedBy], [RowStatusId]) VALUES (13, N'system\DataAdmin', N'DataAdmin', Null, N'Role', N'person.DataAdmin@hp.com', getdate(), @strDefaultValue_CreatedBy, getdate(), @strDefaultValue_ModifiedBy, @intRowStatus_Active)
		INSERT INTO [dbo].[Person] ([Id], [WindowsId], [FirstName], [MiddleName], [LastName], [Email], [CreatedOn], [CreatedBy], [ModifiedOn], [ModifiedBy], [RowStatusId]) VALUES (14, N'system\UserAdmin', N'UserAdmin', Null, N'Role', N'person.UserAdmin@hp.com', getdate(), @strDefaultValue_CreatedBy, getdate(), @strDefaultValue_ModifiedBy, @intRowStatus_Active)
		INSERT INTO [dbo].[Person] ([Id], [WindowsId], [FirstName], [MiddleName], [LastName], [Email], [CreatedOn], [CreatedBy], [ModifiedOn], [ModifiedBy], [RowStatusId]) VALUES (15, N'system\OfferViewer', N'Viewer', Null, N'Role', N'person.OfferViewer@hp.com', getdate(), @strDefaultValue_CreatedBy, getdate(), @strDefaultValue_ModifiedBy, @intRowStatus_Active)
		INSERT INTO [dbo].[Person] ([Id], [WindowsId], [FirstName], [MiddleName], [LastName], [Email], [CreatedOn], [CreatedBy], [ModifiedOn], [ModifiedBy], [RowStatusId]) VALUES (16, N'system\OfferEditor', N'Editor', Null, N'Role', N'person.OfferEditor@hp.com', getdate(), @strDefaultValue_CreatedBy, getdate(), @strDefaultValue_ModifiedBy, @intRowStatus_Active)
		INSERT INTO [dbo].[Person] ([Id], [WindowsId], [FirstName], [MiddleName], [LastName], [Email], [CreatedOn], [CreatedBy], [ModifiedOn], [ModifiedBy], [RowStatusId]) VALUES (17, N'system\OfferValidator', N'Validator', Null, N'Role', N'person.OfferValidator@hp.com', getdate(), @strDefaultValue_CreatedBy, getdate(), @strDefaultValue_ModifiedBy, @intRowStatus_Active)
		INSERT INTO [dbo].[Person] ([Id], [WindowsId], [FirstName], [MiddleName], [LastName], [Email], [CreatedOn], [CreatedBy], [ModifiedOn], [ModifiedBy], [RowStatusId]) VALUES (18, N'system\OfferCoordinator', N'Coordinator', Null, N'Role', N'person.OfferCoordinator@hp.com', getdate(), @strDefaultValue_CreatedBy, getdate(), @strDefaultValue_ModifiedBy, @intRowStatus_Active)
		INSERT INTO [dbo].[Person] ([Id], [WindowsId], [FirstName], [MiddleName], [LastName], [Email], [CreatedOn], [CreatedBy], [ModifiedOn], [ModifiedBy], [RowStatusId]) VALUES (19, N'system\AccountLocked', N'LockedOut', Null, N'Role', N'person.AccountLocked@hp.com', getdate(), @strDefaultValue_CreatedBy, getdate(), @strDefaultValue_ModifiedBy, @intRowStatus_Active)
		INSERT INTO [dbo].[Person] ([Id], [WindowsId], [FirstName], [MiddleName], [LastName], [Email], [CreatedOn], [CreatedBy], [ModifiedOn], [ModifiedBy], [RowStatusId]) VALUES (20, N'americas\lastd', N'firstd', Null, N'lastd', N'firstd.lastd@hp.com', '04-JAN-2008', N'americas\lastd', '04-JAN-2008', N'americas\lastd', @intRowStatus_Active)
		INSERT INTO [dbo].[Person] ([Id], [WindowsId], [FirstName], [MiddleName], [LastName], [Email], [CreatedOn], [CreatedBy], [ModifiedOn], [ModifiedBy], [RowStatusId]) VALUES (21, N'americas\laste', N'firste', NULL, N'laste', N'firste.laste@hp.com', '05-JAN-2008', N'americas\laste', '05-JAN-2008', N'americas\laste', @intRowStatus_Inactive)
		INSERT INTO [dbo].[Person] ([Id], [WindowsId], [FirstName], [MiddleName], [LastName], [Email], [CreatedOn], [CreatedBy], [ModifiedOn], [ModifiedBy], [RowStatusId]) VALUES (22, N'americas\lastf', N'firstf', NULL, N'lastf', N'firstf.lastf@hp.com', '06-JAN-2008', N'americas\lastf', '06-JAN-2008', N'americas\lastf', @intRowStatus_Deleted)
		INSERT INTO [dbo].[Person] ([Id], [WindowsId], [FirstName], [MiddleName], [LastName], [Email], [CreatedOn], [CreatedBy], [ModifiedOn], [ModifiedBy], [RowStatusId]) VALUES (23, N'asiapacific\liujion', N'Liu_Jiong(Josh)', N'liu', N'liu', N'jiongl@hp.com', getdate(), 'system', getdate(), 'system', @intRowStatus_Active)
		SET IDENTITY_INSERT [dbo].[Person] OFF
	END

	PRINT 'Adding rows to [dbo].[Person_Role]'
	BEGIN
		--SET IDENTITY_INSERT [dbo].[Person_Role] ON
		INSERT INTO [dbo].[Person_Role] ([PersonId], [RoleId], [CreatedBy], [CreatedOn], [ModifiedBy], [ModifiedOn]) VALUES (1, @intRole_Administrator, @strDefaultValue_CreatedBy, getdate(), @strDefaultValue_ModifiedBy, getdate())
		INSERT INTO [dbo].[Person_Role] ([PersonId], [RoleId], [CreatedBy], [CreatedOn], [ModifiedBy], [ModifiedOn]) VALUES (2, @intRole_Administrator, @strDefaultValue_CreatedBy, getdate(), @strDefaultValue_ModifiedBy, getdate())
		INSERT INTO [dbo].[Person_Role] ([PersonId], [RoleId], [CreatedBy], [CreatedOn], [ModifiedBy], [ModifiedOn]) VALUES (3, @intRole_Administrator, @strDefaultValue_CreatedBy, getdate(), @strDefaultValue_ModifiedBy, getdate())
		INSERT INTO [dbo].[Person_Role] ([PersonId], [RoleId], [CreatedBy], [CreatedOn], [ModifiedBy], [ModifiedOn]) VALUES (4, @intRole_Administrator, @strDefaultValue_CreatedBy, getdate(), @strDefaultValue_ModifiedBy, getdate())
		INSERT INTO [dbo].[Person_Role] ([PersonId], [RoleId], [CreatedBy], [CreatedOn], [ModifiedBy], [ModifiedOn]) VALUES (5, @intRole_Administrator, @strDefaultValue_CreatedBy, getdate(), @strDefaultValue_ModifiedBy, getdate())
		INSERT INTO [dbo].[Person_Role] ([PersonId], [RoleId], [CreatedBy], [CreatedOn], [ModifiedBy], [ModifiedOn]) VALUES (6, @intRole_Administrator, @strDefaultValue_CreatedBy, getdate(), @strDefaultValue_ModifiedBy, getdate())
		INSERT INTO [dbo].[Person_Role] ([PersonId], [RoleId], [CreatedBy], [CreatedOn], [ModifiedBy], [ModifiedOn]) VALUES (7, @intRole_OfferEditor, @strDefaultValue_CreatedBy, getdate(), @strDefaultValue_ModifiedBy, getdate())
		INSERT INTO [dbo].[Person_Role] ([PersonId], [RoleId], [CreatedBy], [CreatedOn], [ModifiedBy], [ModifiedOn]) VALUES (8, @intRole_OfferValidator, @strDefaultValue_CreatedBy, getdate(), @strDefaultValue_ModifiedBy, getdate())
		INSERT INTO [dbo].[Person_Role] ([PersonId], [RoleId], [CreatedBy], [CreatedOn], [ModifiedBy], [ModifiedOn]) VALUES (12, @intRole_Administrator, @strDefaultValue_CreatedBy, getdate(), @strDefaultValue_ModifiedBy, getdate())
		INSERT INTO [dbo].[Person_Role] ([PersonId], [RoleId], [CreatedBy], [CreatedOn], [ModifiedBy], [ModifiedOn]) VALUES (13, @intRole_DataAdmin, @strDefaultValue_CreatedBy, getdate(), @strDefaultValue_ModifiedBy, getdate())
		INSERT INTO [dbo].[Person_Role] ([PersonId], [RoleId], [CreatedBy], [CreatedOn], [ModifiedBy], [ModifiedOn]) VALUES (14, @intRole_UserAdmin, @strDefaultValue_CreatedBy, getdate(), @strDefaultValue_ModifiedBy, getdate())
		INSERT INTO [dbo].[Person_Role] ([PersonId], [RoleId], [CreatedBy], [CreatedOn], [ModifiedBy], [ModifiedOn]) VALUES (15, @intRole_OfferViewer, @strDefaultValue_CreatedBy, getdate(), @strDefaultValue_ModifiedBy, getdate())
		INSERT INTO [dbo].[Person_Role] ([PersonId], [RoleId], [CreatedBy], [CreatedOn], [ModifiedBy], [ModifiedOn]) VALUES (16, @intRole_OfferEditor, @strDefaultValue_CreatedBy, getdate(), @strDefaultValue_ModifiedBy, getdate())
		INSERT INTO [dbo].[Person_Role] ([PersonId], [RoleId], [CreatedBy], [CreatedOn], [ModifiedBy], [ModifiedOn]) VALUES (17, @intRole_OfferValidator, @strDefaultValue_CreatedBy, getdate(), @strDefaultValue_ModifiedBy, getdate())
		INSERT INTO [dbo].[Person_Role] ([PersonId], [RoleId], [CreatedBy], [CreatedOn], [ModifiedBy], [ModifiedOn]) VALUES (18, @intRole_OfferCoordinator, @strDefaultValue_CreatedBy, getdate(), @strDefaultValue_ModifiedBy, getdate())
		INSERT INTO [dbo].[Person_Role] ([PersonId], [RoleId], [CreatedBy], [CreatedOn], [ModifiedBy], [ModifiedOn]) VALUES (19, @intRole_AccountLocked, @strDefaultValue_CreatedBy, getdate(), @strDefaultValue_ModifiedBy, getdate())
		SELECT @personId = Id FROM [dbo].[Person] WHERE WindowsId = 'asiapacific\liujion'
		INSERT INTO [dbo].[Person_Role] ([PersonId], [RoleId], [CreatedBy], [CreatedOn], [ModifiedBy], [ModifiedOn]) VALUES (@personId, @intRole_Administrator, @strDefaultValue_CreatedBy, getdate(), @strDefaultValue_ModifiedBy, getdate())
	
		--SET IDENTITY_INSERT [dbo].[Person_Role] OFF
	END	
	
	PRINT 'Adding rows to [dbo].[Tag]'
	BEGIN
		SET IDENTITY_INSERT [dbo].[Tag] ON
		INSERT INTO [dbo].[Tag] ([Id],[Name],[CreatedBy],[CreatedOn],[ModifiedBy],[ModifiedOn],[RowStatusId],[Notes]) VALUES (1,N'Tag1a', 'system', getdate(), 'system', getdate(), @intRowStatus_Active, null)
		INSERT INTO [dbo].[Tag] ([Id],[Name],[CreatedBy],[CreatedOn],[ModifiedBy],[ModifiedOn],[RowStatusId],[Notes]) VALUES (2,N'Tag1b', 'system', getdate(), 'system', getdate(), @intRowStatus_Active, null)
		INSERT INTO [dbo].[Tag] ([Id],[Name],[CreatedBy],[CreatedOn],[ModifiedBy],[ModifiedOn],[RowStatusId],[Notes]) VALUES (3,N'Tag1c', 'system', getdate(), 'system', getdate(), @intRowStatus_Active, null)
		INSERT INTO [dbo].[Tag] ([Id],[Name],[CreatedBy],[CreatedOn],[ModifiedBy],[ModifiedOn],[RowStatusId],[Notes]) VALUES (4,N'Tag2a', 'system', getdate(), 'system', getdate(), @intRowStatus_Active, null)
		INSERT INTO [dbo].[Tag] ([Id],[Name],[CreatedBy],[CreatedOn],[ModifiedBy],[ModifiedOn],[RowStatusId],[Notes]) VALUES (5,N'Tag2b', 'system', getdate(), 'system', getdate(), @intRowStatus_Active, null)
		INSERT INTO [dbo].[Tag] ([Id],[Name],[CreatedBy],[CreatedOn],[ModifiedBy],[ModifiedOn],[RowStatusId],[Notes]) VALUES (6,N'Tag3a', 'system', getdate(), 'system', getdate(), @intRowStatus_Active, null)
		INSERT INTO [dbo].[Tag] ([Id],[Name],[CreatedBy],[CreatedOn],[ModifiedBy],[ModifiedOn],[RowStatusId],[Notes]) VALUES (7,N'InactiveTag4a', 'system', getdate(), 'system', getdate(), @intRowStatus_Inactive, null)
		INSERT INTO [dbo].[Tag] ([Id],[Name],[CreatedBy],[CreatedOn],[ModifiedBy],[ModifiedOn],[RowStatusId],[Notes]) VALUES (8,N'InactiveTag4b', 'system', getdate(), 'system', getdate(), @intRowStatus_Inactive, null)
		INSERT INTO [dbo].[Tag] ([Id],[Name],[CreatedBy],[CreatedOn],[ModifiedBy],[ModifiedOn],[RowStatusId],[Notes]) VALUES (9,N'DeletedTag5a', 'system', getdate(), 'system', getdate(), @intRowStatus_Deleted, null)
		INSERT INTO [dbo].[Tag] ([Id],[Name],[CreatedBy],[CreatedOn],[ModifiedBy],[ModifiedOn],[RowStatusId],[Notes]) VALUES (10,N'DeletedTag5b', 'system', getdate(), 'system', getdate(), @intRowStatus_Deleted, null)
		SET IDENTITY_INSERT [dbo].[Tag] OFF
	END
	
	PRINT 'Adding rows to [dbo].[ProxyURLDomain]'
	BEGIN
	SET IDENTITY_INSERT [dbo].[ProxyURLDomain] ON
	INSERT INTO [ElementsCPSDB].[dbo].[ProxyURLDomain]([Id],[Name],[CreatedBy],[CreatedOn],[ModifiedBy],[ModifiedOn],[RowStatusId],[Description],[ValidationDomain],[ProductionDomain]) VALUES(1,'DomainOfA','system\Administrator', '03-JAN-2009', 'americas\lasta','04-JAN-2009',@intRowStatus_Active, 'New','vdev1.redirect.hp.com', 'vpro1.redirect.hp.com')
	INSERT INTO [ElementsCPSDB].[dbo].[ProxyURLDomain]([Id],[Name],[CreatedBy],[CreatedOn],[ModifiedBy],[ModifiedOn],[RowStatusId],[Description],[ValidationDomain],[ProductionDomain]) VALUES(2,'DomainOfB','americas\lasta', '02-JAN-2009', 'americas\mukaimur','02-JAN-2009',@intRowStatus_Inactive, 'New','vdev2.redirect.hp.com', 'vpro2.redirect.hp.com')
	INSERT INTO [ElementsCPSDB].[dbo].[ProxyURLDomain]([Id],[Name],[CreatedBy],[CreatedOn],[ModifiedBy],[ModifiedOn],[RowStatusId],[Description],[ValidationDomain],[ProductionDomain]) VALUES(3,'DomainOfC','americas\mukaimur', '01-JAN-2009', 'system\DataAdmin','01-JAN-2009',@intRowStatus_Deleted, 'New','vdev3.redirect.hp.com', 'vpro3.redirect.hp.com')
	INSERT INTO [ElementsCPSDB].[dbo].[ProxyURLDomain]([Id],[Name],[CreatedBy],[CreatedOn],[ModifiedBy],[ModifiedOn],[RowStatusId],[Description],[ValidationDomain],[ProductionDomain]) VALUES(4,'DomainOfD','system\DataAdmin', '05-JAN-2009', 'americas\mukaimur','03-JAN-2009',@intRowStatus_Active, 'New','vdev4.redirect.hp.com', 'vpro4.redirect.hp.com')
	INSERT INTO [ElementsCPSDB].[dbo].[ProxyURLDomain]([Id],[Name],[CreatedBy],[CreatedOn],[ModifiedBy],[ModifiedOn],[RowStatusId],[Description],[ValidationDomain],[ProductionDomain]) VALUES(5,'DomainOfE','system\Administrator', '04-JAN-2009', 'system\Administrator','05-JAN-2009',@intRowStatus_Inactive, 'New','vdev5.redirect.hp.com', 'vpro5.redirect.hp.com')
	INSERT INTO [ElementsCPSDB].[dbo].[ProxyURLDomain]([Id],[Name],[CreatedBy],[CreatedOn],[ModifiedBy],[ModifiedOn],[RowStatusId],[Description],[ValidationDomain],[ProductionDomain]) VALUES(6,'Active.DomainStatus','system\UserAdmin', '04-JAN-2009', 'system\UserAdmin','05-JAN-2009',@intRowStatus_Active, 'New','vdev6.redirect.hp.com', 'vpro6.redirect.hp.com')
	INSERT INTO [ElementsCPSDB].[dbo].[ProxyURLDomain]([Id],[Name],[CreatedBy],[CreatedOn],[ModifiedBy],[ModifiedOn],[RowStatusId],[Description],[ValidationDomain],[ProductionDomain]) VALUES(7,'Inactive.DomainStatus','system\ODM', '04-JAN-2009', 'system\AccountLocked','05-JAN-2009',@intRowStatus_Inactive, 'New','vdev7.redirect.hp.com', 'vpro7.redirect.hp.com')
	INSERT INTO [ElementsCPSDB].[dbo].[ProxyURLDomain]([Id],[Name],[CreatedBy],[CreatedOn],[ModifiedBy],[ModifiedOn],[RowStatusId],[Description],[ValidationDomain],[ProductionDomain]) VALUES(8,'Deleted.DomainStatus','system\AccountLocked', '04-JAN-2009', 'system\ODM','05-JAN-2009',@intRowStatus_Deleted, 'New','vdev8.redirect.hp.com', 'vpro8.redirect.hp.com')
	SET IDENTITY_INSERT [dbo].[ProxyURLDomain] OFF
	END
	
	PRINT 'Adding rows to [dbo].[ProxyURLGroupType]'
	BEGIN
	SET IDENTITY_INSERT [dbo].[ProxyURLGroupType] ON
	INSERT INTO [ElementsCPSDB].[dbo].[ProxyURLGroupType]([Id],[Name],[CreatedBy],[CreatedOn],[ModifiedBy],[ModifiedOn],[RowStatusId],[Description]) VALUES(1,'ProxyURL_ProxyURLGroupTypeOfA','system\Administrator', '03-JAN-2009', 'americas\lasta','04-JAN-2009',@intRowStatus_Active, 'New')
	INSERT INTO [ElementsCPSDB].[dbo].[ProxyURLGroupType]([Id],[Name],[CreatedBy],[CreatedOn],[ModifiedBy],[ModifiedOn],[RowStatusId],[Description]) VALUES(2,'ProxyURL_ProxyURLGroupTypeOfB','americas\lasta', '02-JAN-2009', 'americas\mukaimur','02-JAN-2009',@intRowStatus_Inactive, 'New')
	INSERT INTO [ElementsCPSDB].[dbo].[ProxyURLGroupType]([Id],[Name],[CreatedBy],[CreatedOn],[ModifiedBy],[ModifiedOn],[RowStatusId],[Description]) VALUES(3,'ProxyURL_ProxyURLGroupTypeOfC','americas\mukaimur', '01-JAN-2009', 'system\DataAdmin','01-JAN-2009',@intRowStatus_Deleted, 'New')
	INSERT INTO [ElementsCPSDB].[dbo].[ProxyURLGroupType]([Id],[Name],[CreatedBy],[CreatedOn],[ModifiedBy],[ModifiedOn],[RowStatusId],[Description]) VALUES(4,'ProxyURL_ProxyURLGroupTypeOfD','system\DataAdmin', '05-JAN-2009', 'americas\mukaimur','03-JAN-2009',@intRowStatus_Active, 'New')
	INSERT INTO [ElementsCPSDB].[dbo].[ProxyURLGroupType]([Id],[Name],[CreatedBy],[CreatedOn],[ModifiedBy],[ModifiedOn],[RowStatusId],[Description]) VALUES(5,'ProxyURLGroupTypeOfE','system\Administrator', '04-JAN-2009', 'system\Administrator','05-JAN-2009',@intRowStatus_Inactive, 'New')
	INSERT INTO [ElementsCPSDB].[dbo].[ProxyURLGroupType]([Id],[Name],[CreatedBy],[CreatedOn],[ModifiedBy],[ModifiedOn],[RowStatusId],[Description]) VALUES(6,'Active.ProxyURLGroupTypeStatus',@strDefaultValue_CreatedBy, getdate(), @strDefaultValue_ModifiedBy,getdate(),@intRowStatus_Active, 'New')
	INSERT INTO [ElementsCPSDB].[dbo].[ProxyURLGroupType]([Id],[Name],[CreatedBy],[CreatedOn],[ModifiedBy],[ModifiedOn],[RowStatusId],[Description]) VALUES(7,'Inactive.ProxyURLGroupTypeStatus',@strDefaultValue_CreatedBy, getdate(), @strDefaultValue_ModifiedBy,getdate(),@intRowStatus_Inactive, 'New')
	INSERT INTO [ElementsCPSDB].[dbo].[ProxyURLGroupType]([Id],[Name],[CreatedBy],[CreatedOn],[ModifiedBy],[ModifiedOn],[RowStatusId],[Description]) VALUES(8,'Deleted.ProxyURLGroupTypeStatus',@strDefaultValue_CreatedBy, getdate(), @strDefaultValue_ModifiedBy,getdate(),@intRowStatus_Deleted, 'New')
	SET IDENTITY_INSERT [dbo].[ProxyURLGroupType] OFF
	END
	
	PRINT 'Adding rows to [dbo].[ProxyURLType]'
	BEGIN
	SET IDENTITY_INSERT [dbo].[ProxyURLType] ON
	INSERT INTO [ElementsCPSDB].[dbo].[ProxyURLType]([Id],[Name],[CreatedBy],[CreatedOn],[ModifiedBy],[ModifiedOn],[RowStatusId],[ProxyURLDomainId],[ProxyURLGroupTypeId],[Description],[ElementsKey])VALUES(1,'ProxyURLTypeOfA','system\Administrator', '03-JAN-2009', 'americas\lasta','04-JAN-2009', @intRowStatus_Active, 1, 1, 'New',1)
	INSERT INTO [ElementsCPSDB].[dbo].[ProxyURLType]([Id],[Name],[CreatedBy],[CreatedOn],[ModifiedBy],[ModifiedOn],[RowStatusId],[ProxyURLDomainId],[ProxyURLGroupTypeId],[Description],[ElementsKey])VALUES(2,'ProxyURLTypeOfB','americas\lasta', '02-JAN-2009', 'americas\mukaimur','02-JAN-2009', @intRowStatus_Inactive, 1, 1, 'New',2)
	INSERT INTO [ElementsCPSDB].[dbo].[ProxyURLType]([Id],[Name],[CreatedBy],[CreatedOn],[ModifiedBy],[ModifiedOn],[RowStatusId],[ProxyURLDomainId],[ProxyURLGroupTypeId],[Description],[ElementsKey])VALUES(3,'ProxyURLTypeOfC','americas\mukaimur', '01-JAN-2009', 'system\DataAdmin','01-JAN-2009', @intRowStatus_Deleted, 1, 1, 'New',3)
	INSERT INTO [ElementsCPSDB].[dbo].[ProxyURLType]([Id],[Name],[CreatedBy],[CreatedOn],[ModifiedBy],[ModifiedOn],[RowStatusId],[ProxyURLDomainId],[ProxyURLGroupTypeId],[Description],[ElementsKey])VALUES(4,'ProxyURLTypeOfD','system\DataAdmin', '05-JAN-2009', 'americas\mukaimur','03-JAN-2009', @intRowStatus_Active, 1, 1, 'New',4)
	INSERT INTO [ElementsCPSDB].[dbo].[ProxyURLType]([Id],[Name],[CreatedBy],[CreatedOn],[ModifiedBy],[ModifiedOn],[RowStatusId],[ProxyURLDomainId],[ProxyURLGroupTypeId],[Description],[ElementsKey])VALUES(5,'ProxyURLTypeOfE','system\Administrator', '04-JAN-2009', 'system\Administrator','05-JAN-2009', @intRowStatus_Inactive, 1, 2,'New',5)
	INSERT INTO [ElementsCPSDB].[dbo].[ProxyURLType]([Id],[Name],[CreatedBy],[CreatedOn],[ModifiedBy],[ModifiedOn],[RowStatusId],[ProxyURLDomainId],[ProxyURLGroupTypeId],[Description],[ElementsKey])VALUES(6,'Active.ProxyURLTypeStatus','system\Administrator', '03-JAN-2009', 'americas\lasta','04-JAN-2009', @intRowStatus_Active, 1, 2,'New',6)
	INSERT INTO [ElementsCPSDB].[dbo].[ProxyURLType]([Id],[Name],[CreatedBy],[CreatedOn],[ModifiedBy],[ModifiedOn],[RowStatusId],[ProxyURLDomainId],[ProxyURLGroupTypeId],[Description],[ElementsKey])VALUES(7,'Inactive.ProxyURLTypeStatus','system\Administrator', '03-JAN-2009', 'americas\lasta','04-JAN-2009', @intRowStatus_Inactive, 1, 2, 'New',7)
	INSERT INTO [ElementsCPSDB].[dbo].[ProxyURLType]([Id],[Name],[CreatedBy],[CreatedOn],[ModifiedBy],[ModifiedOn],[RowStatusId],[ProxyURLDomainId],[ProxyURLGroupTypeId],[Description],[ElementsKey])VALUES(8,'Deleted.ProxyURLTypeStatus','system\Administrator', '03-JAN-2009', 'americas\lasta','04-JAN-2009', @intRowStatus_Deleted, 1, 2, 'New',8)
	SET IDENTITY_INSERT [dbo].[ProxyURLType] OFF
	END	
		
	PRINT 'Adding rows to [dbo].[QueryParameter]'
	BEGIN
	SET IDENTITY_INSERT [dbo].[QueryParameter] ON
	INSERT INTO [ElementsCPSDB].[dbo].[QueryParameter]([Id],[Name],[ElementsKey],[CreatedBy],[CreatedOn],[ModifiedBy],[ModifiedOn],[RowStatusId],[Description])VALUES(1,'QueryParameterOfA','ElementsKey1','system\Administrator', '03-JAN-2009', 'americas\lasta','04-JAN-2009',@intRowStatus_Active,'New')
	INSERT INTO [ElementsCPSDB].[dbo].[QueryParameter]([Id],[Name],[ElementsKey],[CreatedBy],[CreatedOn],[ModifiedBy],[ModifiedOn],[RowStatusId],[Description])VALUES(2,'QueryParameterOfB','ElementsKey2','americas\lasta', '02-JAN-2009', 'americas\mukaimur','02-JAN-2009',@intRowStatus_Inactive,'New')
	INSERT INTO [ElementsCPSDB].[dbo].[QueryParameter]([Id],[Name],[ElementsKey],[CreatedBy],[CreatedOn],[ModifiedBy],[ModifiedOn],[RowStatusId],[Description])VALUES(3,'QueryParameterOfC','ElementsKey3','americas\mukaimur', '01-JAN-2009', 'system\DataAdmin','01-JAN-2009',@intRowStatus_Deleted,'New')
	INSERT INTO [ElementsCPSDB].[dbo].[QueryParameter]([Id],[Name],[ElementsKey],[CreatedBy],[CreatedOn],[ModifiedBy],[ModifiedOn],[RowStatusId],[Description])VALUES(4,'QueryParameterOfD','ElementsKey4','system\DataAdmin', '05-JAN-2009', 'americas\mukaimur','03-JAN-2009',@intRowStatus_Active,'New')
	INSERT INTO [ElementsCPSDB].[dbo].[QueryParameter]([Id],[Name],[ElementsKey],[CreatedBy],[CreatedOn],[ModifiedBy],[ModifiedOn],[RowStatusId],[Description])VALUES(5,'QueryParameterOfE','ElementsKey5','system\Administrator', '04-JAN-2009', 'system\Administrator','05-JAN-2009',@intRowStatus_Inactive,'New')
	INSERT INTO [ElementsCPSDB].[dbo].[QueryParameter]([Id],[Name],[ElementsKey],[CreatedBy],[CreatedOn],[ModifiedBy],[ModifiedOn],[RowStatusId],[Description])VALUES(6,'Active.QueryParameterStatus','ElementsKey6','system\Administrator', '03-JAN-2009', 'americas\lasta','04-JAN-2009',@intRowStatus_Active,'New')
	INSERT INTO [ElementsCPSDB].[dbo].[QueryParameter]([Id],[Name],[ElementsKey],[CreatedBy],[CreatedOn],[ModifiedBy],[ModifiedOn],[RowStatusId],[Description])VALUES(7,'Inactive.QueryParameterStatus','ElementsKey7','system\Administrator', '03-JAN-2009', 'americas\lasta','04-JAN-2009',@intRowStatus_Inactive,'New')
	INSERT INTO [ElementsCPSDB].[dbo].[QueryParameter]([Id],[Name],[ElementsKey],[CreatedBy],[CreatedOn],[ModifiedBy],[ModifiedOn],[RowStatusId],[Description])VALUES(8,'Deleted.QueryParameterStatus','ElementsKey8','system\Administrator', '03-JAN-2009', 'americas\lasta','04-JAN-2009',@intRowStatus_Deleted,'New')
	SET IDENTITY_INSERT [dbo].[QueryParameter] OFF
	END	    
	
	PRINT 'Adding rows to [dbo].[QueryParameterValue]'
	BEGIN
	SET IDENTITY_INSERT [dbo].[QueryParameterValue] ON
	INSERT INTO [ElementsCPSDB].[dbo].[QueryParameterValue]([Id],[Name],[CreatedBy],[CreatedOn],[ModifiedBy],[ModifiedOn],[RowStatusId],[QueryParameterId],[Description])VALUES(1,'QueryParameterValueOfA','system\Administrator', '03-JAN-2009', 'americas\lasta','04-JAN-2009',@intRowStatus_Active,1,'New')
    INSERT INTO [ElementsCPSDB].[dbo].[QueryParameterValue]([Id],[Name],[CreatedBy],[CreatedOn],[ModifiedBy],[ModifiedOn],[RowStatusId],[QueryParameterId],[Description])VALUES(2,'QueryParameterValueOfB','americas\lasta', '02-JAN-2009', 'americas\mukaimur','02-JAN-2009',@intRowStatus_Inactive,2,'New')
    INSERT INTO [ElementsCPSDB].[dbo].[QueryParameterValue]([Id],[Name],[CreatedBy],[CreatedOn],[ModifiedBy],[ModifiedOn],[RowStatusId],[QueryParameterId],[Description])VALUES(3,'QueryParameterValueOfC','americas\mukaimur', '01-JAN-2009', 'system\DataAdmin','01-JAN-2009',@intRowStatus_Deleted,3,'New')
    INSERT INTO [ElementsCPSDB].[dbo].[QueryParameterValue]([Id],[Name],[CreatedBy],[CreatedOn],[ModifiedBy],[ModifiedOn],[RowStatusId],[QueryParameterId],[Description])VALUES(4,'QueryParameterValueOfD','system\DataAdmin', '05-JAN-2009', 'americas\mukaimur','03-JAN-2009',@intRowStatus_Active,4,'New')
    INSERT INTO [ElementsCPSDB].[dbo].[QueryParameterValue]([Id],[Name],[CreatedBy],[CreatedOn],[ModifiedBy],[ModifiedOn],[RowStatusId],[QueryParameterId],[Description])VALUES(5,'QueryParameterValueOfE','system\Administrator', '04-JAN-2009', 'system\Administrator','05-JAN-2009',@intRowStatus_Inactive,5,'New')
    INSERT INTO [ElementsCPSDB].[dbo].[QueryParameterValue]([Id],[Name],[CreatedBy],[CreatedOn],[ModifiedBy],[ModifiedOn],[RowStatusId],[QueryParameterId],[Description])VALUES(6,'Active.QueryParameterValueStatus','system\Administrator', '03-JAN-2009', 'americas\lasta','04-JAN-2009',@intRowStatus_Active,6,'New')    
    INSERT INTO [ElementsCPSDB].[dbo].[QueryParameterValue]([Id],[Name],[CreatedBy],[CreatedOn],[ModifiedBy],[ModifiedOn],[RowStatusId],[QueryParameterId],[Description])VALUES(7,'Inactive.QueryParameterValueStatus','system\Administrator', '03-JAN-2009', 'americas\lasta','04-JAN-2009',@intRowStatus_Inactive,7,'New')
    INSERT INTO [ElementsCPSDB].[dbo].[QueryParameterValue]([Id],[Name],[CreatedBy],[CreatedOn],[ModifiedBy],[ModifiedOn],[RowStatusId],[QueryParameterId],[Description])VALUES(8,'Deleted.QueryParameterValueStatus','system\Administrator', '03-JAN-2009', 'americas\lasta','04-JAN-2009',@intRowStatus_Deleted,8,'New')
    SET IDENTITY_INSERT [dbo].[QueryParameterValue] OFF
	END

	PRINT 'Adding rows to [dbo].[ProxyURLStatus]'
	BEGIN
	SET IDENTITY_INSERT [dbo].[ProxyURLStatus] ON
	INSERT INTO [dbo].[ProxyURLStatus] ([Id], [Name], [CreatedBy], [CreatedOn], [ModifiedBy], [ModifiedOn], [RowStatusId]) VALUES (1, N'Modified', @strDefaultValue_CreatedBy, getdate(), @strDefaultValue_ModifiedBy, getdate(), @intRowStatus_Active)
	INSERT INTO [dbo].[ProxyURLStatus] ([Id], [Name], [CreatedBy], [CreatedOn], [ModifiedBy], [ModifiedOn], [RowStatusId]) VALUES (2, N'Ready For Validation', @strDefaultValue_CreatedBy, getdate(), @strDefaultValue_ModifiedBy, getdate(), @intRowStatus_Active)
	INSERT INTO [dbo].[ProxyURLStatus] ([Id], [Name], [CreatedBy], [CreatedOn], [ModifiedBy], [ModifiedOn], [RowStatusId]) VALUES (3, N'Validated', @strDefaultValue_CreatedBy, getdate(), @strDefaultValue_ModifiedBy, getdate(), @intRowStatus_Active)
	INSERT INTO [dbo].[ProxyURLStatus] ([Id], [Name], [CreatedBy], [CreatedOn], [ModifiedBy], [ModifiedOn], [RowStatusId]) VALUES (4, N'Published', @strDefaultValue_CreatedBy, getdate(), @strDefaultValue_ModifiedBy, getdate(), @intRowStatus_Active)
	INSERT INTO [dbo].[ProxyURLStatus] ([Id], [Name], [CreatedBy], [CreatedOn], [ModifiedBy], [ModifiedOn], [RowStatusId]) VALUES (5, N'Cancelled', @strDefaultValue_CreatedBy, getdate(), @strDefaultValue_ModifiedBy, getdate(), @intRowStatus_Active)
	INSERT INTO [dbo].[ProxyURLStatus] ([Id], [Name], [CreatedBy], [CreatedOn], [ModifiedBy], [ModifiedOn], [RowStatusId]) VALUES (6, N'Abandoned', @strDefaultValue_CreatedBy, getdate(), @strDefaultValue_ModifiedBy, getdate(), @intRowStatus_Active)
	SET IDENTITY_INSERT [dbo].[ProxyURLStatus] OFF
	END
	      
	PRINT 'Adding rows to [dbo].[ProxyURL]'
	BEGIN
	SET IDENTITY_INSERT [dbo].[ProxyURL] ON
	INSERT INTO [ElementsCPSDB].[dbo].[ProxyURL]([Id],[CreatedBy],[CreatedOn],[ModifiedBy],[ModifiedOn],[RowStatusId],[Description],[ProxyURLStatusId],[ProxyURLTypeId],[OwnerId],[URL],[ProductionId],[ValidationId])VALUES(1,'system\Administrator', '03-JAN-2009', 'americas\lasta','04-JAN-2009',@intRowStatus_Active,'ProxyURLOfA',1,1,1,'www.ProxyURLOfA.com',1,6)
    INSERT INTO [ElementsCPSDB].[dbo].[ProxyURL]([Id],[CreatedBy],[CreatedOn],[ModifiedBy],[ModifiedOn],[RowStatusId],[Description],[ProxyURLStatusId],[ProxyURLTypeId],[OwnerId],[URL],[ProductionId],[ValidationId])VALUES(2,'americas\lasta', '02-JAN-2009', 'americas\mukaimur','02-JAN-2009',@intRowStatus_Inactive,'ProxyURLOfB',2,2,2,'www.ProxyURLOfB.com',2,7)
    INSERT INTO [ElementsCPSDB].[dbo].[ProxyURL]([Id],[CreatedBy],[CreatedOn],[ModifiedBy],[ModifiedOn],[RowStatusId],[Description],[ProxyURLStatusId],[ProxyURLTypeId],[OwnerId],[URL],[ProductionId],[ValidationId])VALUES(3,'americas\mukaimur', '01-JAN-2009', 'system\DataAdmin','01-JAN-2009',@intRowStatus_Deleted,'ProxyURLOfC',3,3,3,'www.ProxyURLOfC.com',3,8)
    INSERT INTO [ElementsCPSDB].[dbo].[ProxyURL]([Id],[CreatedBy],[CreatedOn],[ModifiedBy],[ModifiedOn],[RowStatusId],[Description],[ProxyURLStatusId],[ProxyURLTypeId],[OwnerId],[URL],[ProductionId],[ValidationId])VALUES(4,'system\DataAdmin', '05-JAN-2009', 'americas\mukaimur','03-JAN-2009',@intRowStatus_Active,'ProxyURLOfD',4,4,4,'www.ProxyURLOfD.com',4,9)
    INSERT INTO [ElementsCPSDB].[dbo].[ProxyURL]([Id],[CreatedBy],[CreatedOn],[ModifiedBy],[ModifiedOn],[RowStatusId],[Description],[ProxyURLStatusId],[ProxyURLTypeId],[OwnerId],[URL],[ProductionId],[ValidationId])VALUES(5,'system\Administrator', '04-JAN-2009', 'system\Administrator','05-JAN-2009',@intRowStatus_Inactive,'ProxyURLOfE',5,5,5,'www.ProxyURLOfE.com',5,10)
    SET IDENTITY_INSERT [dbo].[ProxyURL] OFF
	END   
	
	PRINT 'Finished loading "Test" DB data'

	COMMIT TRANSACTION
END TRY
BEGIN CATCH
	---Capture the details of the original error
	DECLARE @ErrMsg nvarchar(4000), @ErrSeverity int
	SELECT	@ErrMsg = ERROR_MESSAGE(),
			@ErrSeverity = ERROR_SEVERITY()

	PRINT 'Error occurred while loading "Test" DB data'
	ROLLBACK TRANSACTION

	---Raise an error with the details of the original error
	RAISERROR(@ErrMsg, @ErrSeverity, 1)
END CATCH
GO

--- Reseed identities for each table
/*

	Note: Not sure we need to reset identities.

BEGIN
	PRINT 'Reseeding Identities'
	EXEC sp_MSForEachTable ' 
		IF OBJECTPROPERTY(object_id(''?''), ''TableHasIdentity'') = 1 
			BEGIN
				--DECLARE @highestId int
				--DECLARE @newSeed int
				--SET @highestId = (SELECT MAX([Id]) FROM ?);
				--SET @newSeed = (SELECT 1+ISNULL(@highestId, 0));
				--PRINT N''Reseeding ''''?'''' Identity to '' + CONVERT(NVARCHAR(20), @newSeed)
				--DBCC CHECKIDENT (''?'', RESEED, @newSeed) 
				PRINT N''Reseeding ''''?'''' Identity''
				DBCC CHECKIDENT (''?'', RESEED)
			END
	' 
END
*/

GO
