-- =============================================
-- Author:	Robert Mukai
-- Author:	Justin Webster
-- Create date:	2008/07/15
-- Description:	Loads (i.e. inserts) the minimum set of data that is required to "test" the system.
-- Note:	Adapted from a script generated by Red Gate SQL Compare.
-- Warning:	This script (as currently implemented) may reseed Identity columns in tables that are not otherwise modified by the script.
-- =============================================

SET NUMERIC_ROUNDABORT OFF
GO
SET XACT_ABORT, ANSI_PADDING, ANSI_WARNINGS, CONCAT_NULL_YIELDS_NULL, ARITHABORT, QUOTED_IDENTIFIER, ANSI_NULLS, NOCOUNT ON
GO

BEGIN TRY
	BEGIN TRANSACTION

	PRINT 'Loading "Test" DB data'

	DECLARE @strDefaultValue_CreatedBy NVARCHAR(50);
	DECLARE @strDefaultValue_ModifiedBy NVARCHAR(50);
	DECLARE @intRowStatus_Active int;
	DECLARE @intRowStatus_Inactive int;
	DECLARE @intRowStatus_Deleted int;
	DECLARE @intRole_Administrator int;
	DECLARE @intRole_DataAdmin int;
	DECLARE @intRole_UserAdmin int;
	DECLARE @intRole_OfferViewer int;
	DECLARE @intRole_OfferEditor int;
	DECLARE @intRole_OfferValidator int;
	DECLARE @intRole_OfferCoordinator int;
	DECLARE @intRole_AccountLocked int;
	DECLARE @intOfferStatus_Modified int;
	DECLARE @intOfferStatus_ReadyForValidation int;
	DECLARE @intOfferStatus_Validated int;
	DECLARE @intOfferStatus_Published int;
	DECLARE @intOfferStatus_Expired int;
	DECLARE @intOfferStatus_Cancelled int;
	DECLARE @intOfferStatus_Abandoned int;
	DECLARE @intOfferType_Accessory int;
	DECLARE @intOfferType_Bounty int;
	DECLARE @intOfferType_Carepack int;
	DECLARE @intOfferType_Informational int;
	DECLARE @intOfferType_Supply int;
	DECLARE @intOfferType_Support int;
	DECLARE @intOfferPlatform_ITG int;
	DECLARE @intOfferPlatform_Production int;
	DECLARE @intOfferPlatform_Development int;

	SET @strDefaultValue_CreatedBy = 'system';
	SET @strDefaultValue_ModifiedBy = @strDefaultValue_CreatedBy;
	SET @intRowStatus_Active = 1;
	SET @intRowStatus_Inactive = 2;
	SET @intRowStatus_Deleted = 3;
	SET @intRole_Administrator = 1;
	SET @intRole_DataAdmin = 2;
	SET @intRole_UserAdmin = 3;
	SET @intRole_OfferViewer = 4;
	SET @intRole_OfferEditor = 5;
	SET @intRole_OfferValidator = 6;
	SET @intRole_OfferCoordinator = 7;
	SET @intRole_AccountLocked = 8;
	SET @intOfferStatus_Modified = 1;
	SET @intOfferStatus_ReadyForValidation = 2;
	SET @intOfferStatus_Validated = 3;
	SET @intOfferStatus_Published = 4;
	SET @intOfferStatus_Expired = 4;
	SET @intOfferStatus_Cancelled = 5;
	SET @intOfferStatus_Abandoned = 6;
	SET @intOfferType_Accessory = 1;
	SET @intOfferType_Bounty = 2;
	SET @intOfferType_Carepack = 3;
	SET @intOfferType_Informational = 4;
	SET @intOfferType_Supply = 5;
	SET @intOfferType_Support = 6;
	SET @intOfferPlatform_ITG = 1;
	SET @intOfferPlatform_Production = 2;
	SET @intOfferPlatform_Development = 3;
	

	PRINT 'Adding rows to [dbo].[Person]'
	BEGIN
		INSERT INTO [dbo].[Person] ([WindowsId], [FirstName], [MiddleName], [LastName], [Email], [CreatedOn], [CreatedBy], [ModifiedOn], [ModifiedBy], [RowStatusId]) VALUES ('americas\activeperson', 'Active', Null, 'Person', 'person.active@hp.com', getdate(), @strDefaultValue_CreatedBy, getdate(), @strDefaultValue_ModifiedBy, @intRowStatus_Active)
		INSERT INTO [dbo].[Person] ([WindowsId], [FirstName], [MiddleName], [LastName], [Email], [CreatedOn], [CreatedBy], [ModifiedOn], [ModifiedBy], [RowStatusId]) VALUES ('americas\inactiveperson', 'Inactive', NULL,'Person', 'person.inactive@hp.com', getdate(), @strDefaultValue_CreatedBy, getdate(), @strDefaultValue_ModifiedBy, @intRowStatus_Inactive)
		INSERT INTO [dbo].[Person] ([WindowsId], [FirstName], [MiddleName], [LastName], [Email], [CreatedOn], [CreatedBy], [ModifiedOn], [ModifiedBy], [RowStatusId]) VALUES ('americas\deletedperson', 'Deleted', NULL, 'Person', 'person.deleted@hp.com', getdate(), @strDefaultValue_CreatedBy, getdate(), @strDefaultValue_ModifiedBy, @intRowStatus_Deleted)
		INSERT INTO [dbo].[Person] ([WindowsId], [FirstName], [MiddleName], [LastName], [Email], [CreatedOn], [CreatedBy], [ModifiedOn], [ModifiedBy], [RowStatusId]) VALUES ('americas\lasta', 'firsta', Null, 'lasta', 'firsta.lasta@hp.com', '01-JAN-2008', 'americas\lasta', '01-JAN-2008', 'americas\lasta', @intRowStatus_Active)
		INSERT INTO [dbo].[Person] ([WindowsId], [FirstName], [MiddleName], [LastName], [Email], [CreatedOn], [CreatedBy], [ModifiedOn], [ModifiedBy], [RowStatusId]) VALUES ('americas\lastb', 'firstb', NULL,'lastb', 'firstb.lastb@hp.com', '02-JAN-2008', 'americas\lastb', '02-JAN-2008', 'americas\lastb', @intRowStatus_Inactive)
		INSERT INTO [dbo].[Person] ([WindowsId], [FirstName], [MiddleName], [LastName], [Email], [CreatedOn], [CreatedBy], [ModifiedOn], [ModifiedBy], [RowStatusId]) VALUES ('americas\lastc', 'firstc', NULL, 'lastc', 'firstc.lastc@hp.com', '03-JAN-2008', 'americas\lastc', '03-JAN-2008', 'americas\lastc', @intRowStatus_Deleted)
		INSERT INTO [dbo].[Person] ([WindowsId], [FirstName], [MiddleName], [LastName], [Email], [CreatedOn], [CreatedBy], [ModifiedOn], [ModifiedBy], [RowStatusId]) VALUES ('system\Administrator', 'Administrator', Null, 'Role', 'person.Administrator@hp.com', getdate(), @strDefaultValue_CreatedBy, getdate(), @strDefaultValue_ModifiedBy, @intRowStatus_Active)
		INSERT INTO [dbo].[Person] ([WindowsId], [FirstName], [MiddleName], [LastName], [Email], [CreatedOn], [CreatedBy], [ModifiedOn], [ModifiedBy], [RowStatusId]) VALUES ('system\DataAdmin', 'DataAdmin', Null, 'Role', 'person.DataAdmin@hp.com', getdate(), @strDefaultValue_CreatedBy, getdate(), @strDefaultValue_ModifiedBy, @intRowStatus_Active)
		INSERT INTO [dbo].[Person] ([WindowsId], [FirstName], [MiddleName], [LastName], [Email], [CreatedOn], [CreatedBy], [ModifiedOn], [ModifiedBy], [RowStatusId]) VALUES ('system\UserAdmin', 'UserAdmin', Null, 'Role', 'person.UserAdmin@hp.com', getdate(), @strDefaultValue_CreatedBy, getdate(), @strDefaultValue_ModifiedBy, @intRowStatus_Active)
		INSERT INTO [dbo].[Person] ([WindowsId], [FirstName], [MiddleName], [LastName], [Email], [CreatedOn], [CreatedBy], [ModifiedOn], [ModifiedBy], [RowStatusId]) VALUES ('system\OfferViewer', 'Viewer', Null, 'Role', 'person.OfferViewer@hp.com', getdate(), @strDefaultValue_CreatedBy, getdate(), @strDefaultValue_ModifiedBy, @intRowStatus_Active)
		INSERT INTO [dbo].[Person] ([WindowsId], [FirstName], [MiddleName], [LastName], [Email], [CreatedOn], [CreatedBy], [ModifiedOn], [ModifiedBy], [RowStatusId]) VALUES ('system\OfferEditor', 'Editor', Null, 'Role', 'person.OfferEditor@hp.com', getdate(), @strDefaultValue_CreatedBy, getdate(), @strDefaultValue_ModifiedBy, @intRowStatus_Active)
		INSERT INTO [dbo].[Person] ([WindowsId], [FirstName], [MiddleName], [LastName], [Email], [CreatedOn], [CreatedBy], [ModifiedOn], [ModifiedBy], [RowStatusId]) VALUES ('system\OfferValidator', 'Validator', Null, 'Role', 'person.OfferValidator@hp.com', getdate(), @strDefaultValue_CreatedBy, getdate(), @strDefaultValue_ModifiedBy, @intRowStatus_Active)
		INSERT INTO [dbo].[Person] ([WindowsId], [FirstName], [MiddleName], [LastName], [Email], [CreatedOn], [CreatedBy], [ModifiedOn], [ModifiedBy], [RowStatusId]) VALUES ('system\OfferCoordinator', 'Coordinator', Null, 'Role', 'person.OfferCoordinator@hp.com', getdate(), @strDefaultValue_CreatedBy, getdate(), @strDefaultValue_ModifiedBy, @intRowStatus_Active)
		INSERT INTO [dbo].[Person] ([WindowsId], [FirstName], [MiddleName], [LastName], [Email], [CreatedOn], [CreatedBy], [ModifiedOn], [ModifiedBy], [RowStatusId]) VALUES ('system\AccountLocked', 'LockedOut', Null, 'Role', 'person.AccountLocked@hp.com', getdate(), @strDefaultValue_CreatedBy, getdate(), @strDefaultValue_ModifiedBy, @intRowStatus_Active)
		INSERT INTO [dbo].[Person] ([WindowsId], [FirstName], [MiddleName], [LastName], [Email], [CreatedOn], [CreatedBy], [ModifiedOn], [ModifiedBy], [RowStatusId]) VALUES ('americas\lastd', 'firstd', Null, 'lastd', 'firstd.lastd@hp.com', '04-JAN-2008', 'americas\lastd', '04-JAN-2008', 'americas\lastd', @intRowStatus_Active)
		INSERT INTO [dbo].[Person] ([WindowsId], [FirstName], [MiddleName], [LastName], [Email], [CreatedOn], [CreatedBy], [ModifiedOn], [ModifiedBy], [RowStatusId]) VALUES ('americas\laste', 'firste', NULL, 'laste', 'firste.laste@hp.com', '05-JAN-2008', 'americas\laste', '05-JAN-2008', 'americas\laste', @intRowStatus_Inactive)
		INSERT INTO [dbo].[Person] ([WindowsId], [FirstName], [MiddleName], [LastName], [Email], [CreatedOn], [CreatedBy], [ModifiedOn], [ModifiedBy], [RowStatusId]) VALUES ('americas\lastf', 'firstf', NULL, 'lastf', 'firstf.lastf@hp.com', '06-JAN-2008', 'americas\lastf', '06-JAN-2008', 'americas\lastf', @intRowStatus_Deleted)
	END

	PRINT 'Adding rows to [dbo].[Person_Role]'
	BEGIN
		DECLARE @personId INT;
		SELECT @personId = Id FROM [dbo].[Person] WHERE WindowsId = 'americas\activeperson'
		INSERT INTO [dbo].[Person_Role] ([PersonId], [RoleId], [CreatedBy], [CreatedOn], [ModifiedBy], [ModifiedOn]) VALUES (@personId, @intRole_Administrator, @strDefaultValue_CreatedBy, getdate(), @strDefaultValue_ModifiedBy, getdate())
		SELECT @personId = Id FROM [dbo].[Person] WHERE WindowsId = 'americas\inactiveperson'
		INSERT INTO [dbo].[Person_Role] ([PersonId], [RoleId], [CreatedBy], [CreatedOn], [ModifiedBy], [ModifiedOn]) VALUES (@personId, @intRole_OfferEditor, @strDefaultValue_CreatedBy, getdate(), @strDefaultValue_ModifiedBy, getdate())
		SELECT @personId = Id FROM [dbo].[Person] WHERE WindowsId = 'americas\deletedperson'
		INSERT INTO [dbo].[Person_Role] ([PersonId], [RoleId], [CreatedBy], [CreatedOn], [ModifiedBy], [ModifiedOn]) VALUES (@personId, @intRole_OfferValidator, @strDefaultValue_CreatedBy, getdate(), @strDefaultValue_ModifiedBy, getdate())

		SELECT @personId = Id FROM [dbo].[Person] WHERE WindowsId = 'system\Administrator'
		INSERT INTO [dbo].[Person_Role] ([PersonId], [RoleId], [CreatedBy], [CreatedOn], [ModifiedBy], [ModifiedOn]) VALUES (@personId, @intRole_Administrator, @strDefaultValue_CreatedBy, getdate(), @strDefaultValue_ModifiedBy, getdate())
		SELECT @personId = Id FROM [dbo].[Person] WHERE WindowsId = 'system\DataAdmin'
		INSERT INTO [dbo].[Person_Role] ([PersonId], [RoleId], [CreatedBy], [CreatedOn], [ModifiedBy], [ModifiedOn]) VALUES (@personId, @intRole_DataAdmin, @strDefaultValue_CreatedBy, getdate(), @strDefaultValue_ModifiedBy, getdate())
		SELECT @personId = Id FROM [dbo].[Person] WHERE WindowsId = 'system\UserAdmin'
		INSERT INTO [dbo].[Person_Role] ([PersonId], [RoleId], [CreatedBy], [CreatedOn], [ModifiedBy], [ModifiedOn]) VALUES (@personId, @intRole_UserAdmin, @strDefaultValue_CreatedBy, getdate(), @strDefaultValue_ModifiedBy, getdate())
		SELECT @personId = Id FROM [dbo].[Person] WHERE WindowsId = 'system\OfferViewer'
		INSERT INTO [dbo].[Person_Role] ([PersonId], [RoleId], [CreatedBy], [CreatedOn], [ModifiedBy], [ModifiedOn]) VALUES (@personId, @intRole_OfferViewer, @strDefaultValue_CreatedBy, getdate(), @strDefaultValue_ModifiedBy, getdate())
		SELECT @personId = Id FROM [dbo].[Person] WHERE WindowsId = 'system\OfferEditor'
		INSERT INTO [dbo].[Person_Role] ([PersonId], [RoleId], [CreatedBy], [CreatedOn], [ModifiedBy], [ModifiedOn]) VALUES (@personId, @intRole_OfferEditor, @strDefaultValue_CreatedBy, getdate(), @strDefaultValue_ModifiedBy, getdate())
		SELECT @personId = Id FROM [dbo].[Person] WHERE WindowsId = 'system\OfferValidator'
		INSERT INTO [dbo].[Person_Role] ([PersonId], [RoleId], [CreatedBy], [CreatedOn], [ModifiedBy], [ModifiedOn]) VALUES (@personId, @intRole_OfferValidator, @strDefaultValue_CreatedBy, getdate(), @strDefaultValue_ModifiedBy, getdate())
		SELECT @personId = Id FROM [dbo].[Person] WHERE WindowsId = 'system\OfferCoordinator'
		INSERT INTO [dbo].[Person_Role] ([PersonId], [RoleId], [CreatedBy], [CreatedOn], [ModifiedBy], [ModifiedOn]) VALUES (@personId, @intRole_OfferCoordinator, @strDefaultValue_CreatedBy, getdate(), @strDefaultValue_ModifiedBy, getdate())
		SELECT @personId = Id FROM [dbo].[Person] WHERE WindowsId = 'system\AccountLocked'
		INSERT INTO [dbo].[Person_Role] ([PersonId], [RoleId], [CreatedBy], [CreatedOn], [ModifiedBy], [ModifiedOn]) VALUES (@personId, @intRole_AccountLocked, @strDefaultValue_CreatedBy, getdate(), @strDefaultValue_ModifiedBy, getdate())
		
		--SELECT @personId = Id FROM [dbo].[Person] WHERE WindowsId = 'asiapacific\liujion'
		--INSERT INTO [dbo].[Person_Role] ([PersonId], [RoleId], [CreatedBy], [CreatedOn], [ModifiedBy], [ModifiedOn]) VALUES (@personId, @intRole_Administrator, @strDefaultValue_CreatedBy, getdate(), @strDefaultValue_ModifiedBy, getdate())
	END
		
	
	PRINT 'Adding rows to [dbo].[ProxyURLDomain]'
	BEGIN
	SET IDENTITY_INSERT [dbo].[ProxyURLDomain] ON
	INSERT INTO [ElementsCPSDB].[dbo].[ProxyURLDomain]([Id],[Name],[CreatedBy],[CreatedOn],[ModifiedBy],[ModifiedOn],[RowStatusId],[Description],[ValidationDomain],[ProductionDomain]) VALUES(1,'DomainOfA','system\Administrator', '03-JAN-2009', 'americas\lasta','04-JAN-2009',@intRowStatus_Active, 'New','itg-search.rssx.hp.com', 'itg-search.rssx.hp.com')
	INSERT INTO [ElementsCPSDB].[dbo].[ProxyURLDomain]([Id],[Name],[CreatedBy],[CreatedOn],[ModifiedBy],[ModifiedOn],[RowStatusId],[Description],[ValidationDomain],[ProductionDomain]) VALUES(2,'DomainOfB','americas\lasta', '02-JAN-2009', 'americas\mukaimur','02-JAN-2009',@intRowStatus_Inactive, 'New','itg-search.rssx.hp.com', 'itg-search.rssx.hp.com')
	INSERT INTO [ElementsCPSDB].[dbo].[ProxyURLDomain]([Id],[Name],[CreatedBy],[CreatedOn],[ModifiedBy],[ModifiedOn],[RowStatusId],[Description],[ValidationDomain],[ProductionDomain]) VALUES(3,'DomainOfC','americas\mukaimur', '01-JAN-2009', 'system\DataAdmin','01-JAN-2009',@intRowStatus_Deleted, 'New','itg-search.rssx.hp.com', 'itg-search.rssx.hp.com')
	INSERT INTO [ElementsCPSDB].[dbo].[ProxyURLDomain]([Id],[Name],[CreatedBy],[CreatedOn],[ModifiedBy],[ModifiedOn],[RowStatusId],[Description],[ValidationDomain],[ProductionDomain]) VALUES(4,'DomainOfD','system\DataAdmin', '05-JAN-2009', 'americas\mukaimur','03-JAN-2009',@intRowStatus_Active, 'New','itg-search.rssx.hp.com', 'itg-search.rssx.hp.com')
	INSERT INTO [ElementsCPSDB].[dbo].[ProxyURLDomain]([Id],[Name],[CreatedBy],[CreatedOn],[ModifiedBy],[ModifiedOn],[RowStatusId],[Description],[ValidationDomain],[ProductionDomain]) VALUES(5,'DomainOfE','system\Administrator', '04-JAN-2009', 'system\Administrator','05-JAN-2009',@intRowStatus_Inactive, 'New','itg-search.rssx.hp.com', 'itg-search.rssx.hp.com')
	INSERT INTO [ElementsCPSDB].[dbo].[ProxyURLDomain]([Id],[Name],[CreatedBy],[CreatedOn],[ModifiedBy],[ModifiedOn],[RowStatusId],[Description],[ValidationDomain],[ProductionDomain]) VALUES(6,'Active.DomainStatus','system\UserAdmin', '04-JAN-2009', 'system\UserAdmin','05-JAN-2009',@intRowStatus_Active, 'New','itg-search.rssx.hp.com', 'itg-search.rssx.hp.com')
	INSERT INTO [ElementsCPSDB].[dbo].[ProxyURLDomain]([Id],[Name],[CreatedBy],[CreatedOn],[ModifiedBy],[ModifiedOn],[RowStatusId],[Description],[ValidationDomain],[ProductionDomain]) VALUES(7,'Inactive.DomainStatus','system\ODM', '04-JAN-2009', 'system\AccountLocked','05-JAN-2009',@intRowStatus_Inactive, 'New','itg-search.rssx.hp.com', 'itg-search.rssx.hp.com')
	INSERT INTO [ElementsCPSDB].[dbo].[ProxyURLDomain]([Id],[Name],[CreatedBy],[CreatedOn],[ModifiedBy],[ModifiedOn],[RowStatusId],[Description],[ValidationDomain],[ProductionDomain]) VALUES(8,'Deleted.DomainStatus','system\AccountLocked', '04-JAN-2009', 'system\ODM','05-JAN-2009',@intRowStatus_Deleted, 'New','itg-search.rssx.hp.com', 'itg-search.rssx.hp.com')
	INSERT INTO [ElementsCPSDB].[dbo].[ProxyURLDomain]([Id],[Name],[CreatedBy],[CreatedOn],[ModifiedBy],[ModifiedOn],[RowStatusId],[Description],[ValidationDomain],[ProductionDomain]) VALUES(9,'redirect.hp.com',@strDefaultValue_CreatedBy, getdate(), @strDefaultValue_ModifiedBy,getdate(),@intRowStatus_Active, 'New','itg-search.rssx.hp.com', 'itg-search.rssx.hp.com')
	INSERT INTO [ElementsCPSDB].[dbo].[ProxyURLDomain]([Id],[Name],[CreatedBy],[CreatedOn],[ModifiedBy],[ModifiedOn],[RowStatusId],[Description],[ValidationDomain],[ProductionDomain]) VALUES(10,'itg-search.rssx.hp.com',@strDefaultValue_CreatedBy, getdate(), @strDefaultValue_ModifiedBy,getdate(),@intRowStatus_Active, 'New','itg-search.rssx.hp.com', 'itg-search.rssx.hp.com')
	SET IDENTITY_INSERT [dbo].[ProxyURLDomain] OFF
	END


    PRINT 'Adding rows to [dbo].[ConfigurationServiceApplicationType]'
	BEGIN
	SET IDENTITY_INSERT [dbo].[ConfigurationServiceApplicationType] ON
	INSERT INTO [ElementsCPSDB].[dbo].[ConfigurationServiceApplicationType]([Id],[Name],[CreatedBy],[CreatedOn],[ModifiedBy],[ModifiedOn],[RowStatusId],[Description]) VALUES(1,'ApplicationType','system\AccountLocked', '04-JAN-2009', 'system\ODM','05-JAN-2009',@intRowStatus_Deleted,'Application Type 1 Description')
	SET IDENTITY_INSERT [dbo].[ConfigurationServiceApplicationType] OFF
	END

	


--Adding data for ConfigServiceApplicationList page--begin
    PRINT 'Adding rows to [dbo].[ConfigurationServiceApplication]'
	BEGIN
	SET IDENTITY_INSERT [dbo].[ConfigurationServiceApplication] ON
	INSERT INTO [ElementsCPSDB].[dbo].[ConfigurationServiceApplication]([Id],[Name],[CreatedBy],[CreatedOn],[ModifiedBy],[ModifiedOn],[RowStatusId],[Version],[Description],[ElementsKey],[ConfigurationServiceApplicationTypeId]) VALUES(1,'ApplicationOfA','system\Administrator', '03-JAN-2009', 'americas\lasta','04-JAN-2009',@intRowStatus_Active, '1.0','vdev1.configservice.hp.com', '20100801',1)
	INSERT INTO [ElementsCPSDB].[dbo].[ConfigurationServiceApplication]([Id],[Name],[CreatedBy],[CreatedOn],[ModifiedBy],[ModifiedOn],[RowStatusId],[Version],[Description],[ElementsKey],[ConfigurationServiceApplicationTypeId]) VALUES(2,'ApplicationOfB','americas\lasta', '02-JAN-2009', 'americas\mukaimur','02-JAN-2009',@intRowStatus_Inactive, '2.0','vdev2.configservice.hp.com', '20100802',1)
	INSERT INTO [ElementsCPSDB].[dbo].[ConfigurationServiceApplication]([Id],[Name],[CreatedBy],[CreatedOn],[ModifiedBy],[ModifiedOn],[RowStatusId],[Version],[Description],[ElementsKey],[ConfigurationServiceApplicationTypeId]) VALUES(3,'ApplicationOfC','americas\mukaimur', '01-JAN-2009', 'system\DataAdmin','01-JAN-2009',@intRowStatus_Deleted, '1.1','vdev3.configservice.hp.com', '20100803',1)
	INSERT INTO [ElementsCPSDB].[dbo].[ConfigurationServiceApplication]([Id],[Name],[CreatedBy],[CreatedOn],[ModifiedBy],[ModifiedOn],[RowStatusId],[Version],[Description],[ElementsKey],[ConfigurationServiceApplicationTypeId]) VALUES(4,'ApplicationOfD','system\DataAdmin', '05-JAN-2009', 'americas\mukaimur','03-JAN-2009',@intRowStatus_Active, '1.2','vdev4.configservice.hp.com', '20100804',1)
	INSERT INTO [ElementsCPSDB].[dbo].[ConfigurationServiceApplication]([Id],[Name],[CreatedBy],[CreatedOn],[ModifiedBy],[ModifiedOn],[RowStatusId],[Version],[Description],[ElementsKey],[ConfigurationServiceApplicationTypeId]) VALUES(5,'ApplicationOfE','system\Administrator', '04-JAN-2009', 'system\Administrator','05-JAN-2009',@intRowStatus_Inactive, '3.0','vdev5.configservice.hp.com', '20100805',1)
	INSERT INTO [ElementsCPSDB].[dbo].[ConfigurationServiceApplication]([Id],[Name],[CreatedBy],[CreatedOn],[ModifiedBy],[ModifiedOn],[RowStatusId],[Version],[Description],[ElementsKey],[ConfigurationServiceApplicationTypeId]) VALUES(6,'Active.ApplicationStatus','system\UserAdmin', '04-JAN-2009', 'system\UserAdmin','05-JAN-2009',@intRowStatus_Active, '3','vdev6.configservice.hp.com', 'Active.Status',1)
	INSERT INTO [ElementsCPSDB].[dbo].[ConfigurationServiceApplication]([Id],[Name],[CreatedBy],[CreatedOn],[ModifiedBy],[ModifiedOn],[RowStatusId],[Version],[Description],[ElementsKey],[ConfigurationServiceApplicationTypeId]) VALUES(7,'Inactive.ApplicationStatus','system\ODM', '04-JAN-2009', 'system\AccountLocked','05-JAN-2009',@intRowStatus_Inactive, '1.1','vdev7.configservice.hp.com','Inactive.Status',1)
	INSERT INTO [ElementsCPSDB].[dbo].[ConfigurationServiceApplication]([Id],[Name],[CreatedBy],[CreatedOn],[ModifiedBy],[ModifiedOn],[RowStatusId],[Version],[Description],[ElementsKey],[ConfigurationServiceApplicationTypeId]) VALUES(8,'Deleted.ApplicationStatus','system\AccountLocked', '04-JAN-2009', 'system\ODM','05-JAN-2009',@intRowStatus_Deleted, '2.2','vdev8.configservice.hp.com','Deleted.Status',1)
	INSERT INTO [ElementsCPSDB].[dbo].[ConfigurationServiceApplication]([Id],[Name],[CreatedBy],[CreatedOn],[ModifiedBy],[ModifiedOn],[RowStatusId],[Version],[Description],[ElementsKey],[ConfigurationServiceApplicationTypeId]) VALUES(9,'Application9','system\Administrator', '03-JAN-2009', 'americas\lasta','04-JAN-2009',@intRowStatus_Active, '10','vdev9.configservice.hp.com','Application9',1)
	INSERT INTO [ElementsCPSDB].[dbo].[ConfigurationServiceApplication]([Id],[Name],[CreatedBy],[CreatedOn],[ModifiedBy],[ModifiedOn],[RowStatusId],[Version],[Description],[ElementsKey],[ConfigurationServiceApplicationTypeId]) VALUES(10,'Application10','americas\lasta', '02-JAN-2009', 'americas\mukaimur','02-JAN-2009',@intRowStatus_Inactive, '1.1','vdev10.configservice.hp.com','Application10',1)
	INSERT INTO [ElementsCPSDB].[dbo].[ConfigurationServiceApplication]([Id],[Name],[CreatedBy],[CreatedOn],[ModifiedBy],[ModifiedOn],[RowStatusId],[Version],[Description],[ElementsKey],[ConfigurationServiceApplicationTypeId]) VALUES(11,'Application11','americas\mukaimur', '01-JAN-2009', 'system\DataAdmin','01-JAN-2009',@intRowStatus_Deleted, '2.1','vdev11.configservice.hp.com','Application11',1)
	INSERT INTO [ElementsCPSDB].[dbo].[ConfigurationServiceApplication]([Id],[Name],[CreatedBy],[CreatedOn],[ModifiedBy],[ModifiedOn],[RowStatusId],[Version],[Description],[ElementsKey],[ConfigurationServiceApplicationTypeId]) VALUES(12,'Application12','system\DataAdmin', '05-JAN-2009', 'americas\mukaimur','03-JAN-2009',@intRowStatus_Active, '2.2','vdev12.configservice.hp.com','Application12',1)
	INSERT INTO [ElementsCPSDB].[dbo].[ConfigurationServiceApplication]([Id],[Name],[CreatedBy],[CreatedOn],[ModifiedBy],[ModifiedOn],[RowStatusId],[Version],[Description],[ElementsKey],[ConfigurationServiceApplicationTypeId]) VALUES(13,'Application13','system\Administrator', '04-JAN-2009', 'system\Administrator','05-JAN-2009',@intRowStatus_Inactive, '1','vdev13.configservice.hp.com','Application13',1)
	INSERT INTO [ElementsCPSDB].[dbo].[ConfigurationServiceApplication]([Id],[Name],[CreatedBy],[CreatedOn],[ModifiedBy],[ModifiedOn],[RowStatusId],[Version],[Description],[ElementsKey],[ConfigurationServiceApplicationTypeId]) VALUES(14,'Application14','system\UserAdmin', '04-JAN-2009', 'system\UserAdmin','05-JAN-2009',@intRowStatus_Active, '2.2','vdev14.configservice.hp.com','Application14',1)
	INSERT INTO [ElementsCPSDB].[dbo].[ConfigurationServiceApplication]([Id],[Name],[CreatedBy],[CreatedOn],[ModifiedBy],[ModifiedOn],[RowStatusId],[Version],[Description],[ElementsKey],[ConfigurationServiceApplicationTypeId]) VALUES(15,'Application15','system\ODM', '04-JAN-2009', 'system\AccountLocked','05-JAN-2009',@intRowStatus_Inactive, '1.0','vdev15.configservice.hp.com','Application15',1)
	INSERT INTO [ElementsCPSDB].[dbo].[ConfigurationServiceApplication]([Id],[Name],[CreatedBy],[CreatedOn],[ModifiedBy],[ModifiedOn],[RowStatusId],[Version],[Description],[ElementsKey],[ConfigurationServiceApplicationTypeId]) VALUES(16,'Application16','system\AccountLocked', '04-JAN-2009', 'system\ODM','05-JAN-2009',@intRowStatus_Deleted, '1.0','vdev16.configservice.hp.com','Application16',1)
	INSERT INTO [ElementsCPSDB].[dbo].[ConfigurationServiceApplication]([Id],[Name],[CreatedBy],[CreatedOn],[ModifiedBy],[ModifiedOn],[RowStatusId],[Version],[Description],[ElementsKey],[ConfigurationServiceApplicationTypeId]) VALUES(17,'Application17','system\Administrator', '03-JAN-2009', 'americas\lasta','04-JAN-2009',@intRowStatus_Active, '1.0','vdev9.configservice.hp.com','Application17',1)
	INSERT INTO [ElementsCPSDB].[dbo].[ConfigurationServiceApplication]([Id],[Name],[CreatedBy],[CreatedOn],[ModifiedBy],[ModifiedOn],[RowStatusId],[Version],[Description],[ElementsKey],[ConfigurationServiceApplicationTypeId]) VALUES(18,'Application18','americas\lasta', '02-JAN-2009', 'americas\mukaimur','02-JAN-2009',@intRowStatus_Inactive, '1.0','vdev10.configservice.hp.com','Application18',1)
	INSERT INTO [ElementsCPSDB].[dbo].[ConfigurationServiceApplication]([Id],[Name],[CreatedBy],[CreatedOn],[ModifiedBy],[ModifiedOn],[RowStatusId],[Version],[Description],[ElementsKey],[ConfigurationServiceApplicationTypeId]) VALUES(19,'Application19','americas\mukaimur', '01-JAN-2009', 'system\DataAdmin','01-JAN-2009',@intRowStatus_Deleted, '1.0','vdev11.configservice.hp.com','Application19',1)
	INSERT INTO [ElementsCPSDB].[dbo].[ConfigurationServiceApplication]([Id],[Name],[CreatedBy],[CreatedOn],[ModifiedBy],[ModifiedOn],[RowStatusId],[Version],[Description],[ElementsKey],[ConfigurationServiceApplicationTypeId]) VALUES(20,'Application20','system\DataAdmin', '05-JAN-2009', 'americas\mukaimur','03-JAN-2009',@intRowStatus_Active, '1.0','vdev12.configservice.hp.com','Application20',1)
	INSERT INTO [ElementsCPSDB].[dbo].[ConfigurationServiceApplication]([Id],[Name],[CreatedBy],[CreatedOn],[ModifiedBy],[ModifiedOn],[RowStatusId],[Version],[Description],[ElementsKey],[ConfigurationServiceApplicationTypeId]) VALUES(21,'Application21','system\Administrator', '04-JAN-2009', 'system\Administrator','05-JAN-2009',@intRowStatus_Inactive, '1.0','vdev13.configservice.hp.com','Application21',1)
	INSERT INTO [ElementsCPSDB].[dbo].[ConfigurationServiceApplication]([Id],[Name],[CreatedBy],[CreatedOn],[ModifiedBy],[ModifiedOn],[RowStatusId],[Version],[Description],[ElementsKey],[ConfigurationServiceApplicationTypeId]) VALUES(22,'Application22','system\UserAdmin', '04-JAN-2009', 'system\UserAdmin','05-JAN-2009',@intRowStatus_Active, '1.0','vdev14.configservice.hp.com','Application22',1)
	INSERT INTO [ElementsCPSDB].[dbo].[ConfigurationServiceApplication]([Id],[Name],[CreatedBy],[CreatedOn],[ModifiedBy],[ModifiedOn],[RowStatusId],[Version],[Description],[ElementsKey],[ConfigurationServiceApplicationTypeId]) VALUES(23,'Application23','system\ODM', '04-JAN-2009', 'system\AccountLocked','05-JAN-2009',@intRowStatus_Inactive, '1.0','vdev15.configservice.hp.com','Application23',1)
	INSERT INTO [ElementsCPSDB].[dbo].[ConfigurationServiceApplication]([Id],[Name],[CreatedBy],[CreatedOn],[ModifiedBy],[ModifiedOn],[RowStatusId],[Version],[Description],[ElementsKey],[ConfigurationServiceApplicationTypeId]) VALUES(24,'Application24','system\AccountLocked', '04-JAN-2009', 'system\ODM','05-JAN-2009',@intRowStatus_Deleted, '1.0','vdev16.configservice.hp.com','Application24',1)
	SET IDENTITY_INSERT [dbo].[ConfigurationServiceApplication] OFF
	END
--Adding data for ConfigurationServiceApplicationList page--end



--Adding data for ConfigurationServiceGroupTypeList page--begin
    PRINT 'Adding rows to [dbo].[ConfigurationServiceGroupType]'
	BEGIN
	SET IDENTITY_INSERT [dbo].[ConfigurationServiceGroupType] ON
	INSERT INTO [ElementsCPSDB].[dbo].[ConfigurationServiceGroupType]([Id],[Name],[CreatedBy],[CreatedOn],[ModifiedBy],[ModifiedOn],[RowStatusId],[Description],[ConfigurationServiceApplicationId]) VALUES(1,'GroupTypeOfA','system\Administrator', '03-JAN-2009', 'americas\lasta','04-JAN-2009',@intRowStatus_Active, 'vdev1.configservice.hp.com',1)
	INSERT INTO [ElementsCPSDB].[dbo].[ConfigurationServiceGroupType]([Id],[Name],[CreatedBy],[CreatedOn],[ModifiedBy],[ModifiedOn],[RowStatusId],[Description],[ConfigurationServiceApplicationId]) VALUES(2,'GroupTypeOfB','americas\lasta', '02-JAN-2009', 'americas\mukaimur','02-JAN-2009',@intRowStatus_Inactive, 'vdev2.configservice.hp.com',1)
	INSERT INTO [ElementsCPSDB].[dbo].[ConfigurationServiceGroupType]([Id],[Name],[CreatedBy],[CreatedOn],[ModifiedBy],[ModifiedOn],[RowStatusId],[Description],[ConfigurationServiceApplicationId]) VALUES(3,'GroupTypeOfC','americas\mukaimur', '01-JAN-2009', 'system\DataAdmin','01-JAN-2009',@intRowStatus_Deleted, 'vdev3.configservice.hp.com',1)
	INSERT INTO [ElementsCPSDB].[dbo].[ConfigurationServiceGroupType]([Id],[Name],[CreatedBy],[CreatedOn],[ModifiedBy],[ModifiedOn],[RowStatusId],[Description],[ConfigurationServiceApplicationId]) VALUES(4,'GroupTypeOfD','system\DataAdmin', '05-JAN-2009', 'americas\mukaimur','03-JAN-2009',@intRowStatus_Active, 'vdev4.configservice.hp.com',1)
	INSERT INTO [ElementsCPSDB].[dbo].[ConfigurationServiceGroupType]([Id],[Name],[CreatedBy],[CreatedOn],[ModifiedBy],[ModifiedOn],[RowStatusId],[Description],[ConfigurationServiceApplicationId]) VALUES(5,'GroupTypeOfE','system\Administrator', '04-JAN-2009', 'system\Administrator','05-JAN-2009',@intRowStatus_Inactive, 'vdev5.configservice.hp.com',1)
	INSERT INTO [ElementsCPSDB].[dbo].[ConfigurationServiceGroupType]([Id],[Name],[CreatedBy],[CreatedOn],[ModifiedBy],[ModifiedOn],[RowStatusId],[Description],[ConfigurationServiceApplicationId]) VALUES(6,'Active.GroupTypeStatus','system\UserAdmin', '04-JAN-2009', 'system\UserAdmin','05-JAN-2009',@intRowStatus_Active, 'vdev6.configservice.hp.com',1)
	INSERT INTO [ElementsCPSDB].[dbo].[ConfigurationServiceGroupType]([Id],[Name],[CreatedBy],[CreatedOn],[ModifiedBy],[ModifiedOn],[RowStatusId],[Description],[ConfigurationServiceApplicationId]) VALUES(7,'Inactive.GroupTypeStatus','system\ODM', '04-JAN-2009', 'system\AccountLocked','05-JAN-2009',@intRowStatus_Inactive, 'vdev7.configservice.hp.com',1)
	INSERT INTO [ElementsCPSDB].[dbo].[ConfigurationServiceGroupType]([Id],[Name],[CreatedBy],[CreatedOn],[ModifiedBy],[ModifiedOn],[RowStatusId],[Description],[ConfigurationServiceApplicationId]) VALUES(8,'Deleted.GroupTypeStatus','system\AccountLocked', '04-JAN-2009', 'system\ODM','05-JAN-2009',@intRowStatus_Deleted, 'vdev8.configservice.hp.com',1)
	INSERT INTO [ElementsCPSDB].[dbo].[ConfigurationServiceGroupType]([Id],[Name],[CreatedBy],[CreatedOn],[ModifiedBy],[ModifiedOn],[RowStatusId],[Description],[ConfigurationServiceApplicationId]) VALUES(9,'GroupType9','system\Administrator', '03-JAN-2009', 'americas\lasta','04-JAN-2009',@intRowStatus_Active, 'vdev9.configservice.hp.com',1)
	INSERT INTO [ElementsCPSDB].[dbo].[ConfigurationServiceGroupType]([Id],[Name],[CreatedBy],[CreatedOn],[ModifiedBy],[ModifiedOn],[RowStatusId],[Description],[ConfigurationServiceApplicationId]) VALUES(10,'GroupType10','americas\lasta', '02-JAN-2009', 'americas\mukaimur','02-JAN-2009',@intRowStatus_Inactive, 'vdev10.configservice.hp.com',1)
	SET IDENTITY_INSERT [dbo].[ConfigurationServiceGroupType] OFF
	END
--Adding data for ConfigurationServiceGroupTypeList page--end




--Adding data for ConfigurationServiceItemList page--begin
    PRINT 'Adding rows to [dbo].[ConfigurationServiceItem]'
	BEGIN
	SET IDENTITY_INSERT [dbo].[ConfigurationServiceItem] ON
	INSERT INTO [ElementsCPSDB].[dbo].[ConfigurationServiceItem]([Id],[Name],[CreatedBy],[CreatedOn],[ModifiedBy],[ModifiedOn],[RowStatusId],[ElementsKey],[Description],[Parent]) VALUES(1,'ItemOfA','system\Administrator', '03-JAN-2009', 'americas\lasta','04-JAN-2009',@intRowStatus_Active, '1','vdev1.configservice.hp.com',0)
	INSERT INTO [ElementsCPSDB].[dbo].[ConfigurationServiceItem]([Id],[Name],[CreatedBy],[CreatedOn],[ModifiedBy],[ModifiedOn],[RowStatusId],[ElementsKey],[Description],[Parent]) VALUES(2,'ItemOfB','americas\lasta', '02-JAN-2009', 'americas\mukaimur','02-JAN-2009',@intRowStatus_Inactive, '2','vdev2.configservice.hp.com',0)
	INSERT INTO [ElementsCPSDB].[dbo].[ConfigurationServiceItem]([Id],[Name],[CreatedBy],[CreatedOn],[ModifiedBy],[ModifiedOn],[RowStatusId],[ElementsKey],[Description],[Parent]) VALUES(3,'ItemOfC','americas\mukaimur', '01-JAN-2009', 'system\DataAdmin','01-JAN-2009',@intRowStatus_Deleted, '3','vdev3.configservice.hp.com',0)
	INSERT INTO [ElementsCPSDB].[dbo].[ConfigurationServiceItem]([Id],[Name],[CreatedBy],[CreatedOn],[ModifiedBy],[ModifiedOn],[RowStatusId],[ElementsKey],[Description],[Parent]) VALUES(4,'ItemOfD','system\DataAdmin', '05-JAN-2009', 'americas\mukaimur','03-JAN-2009',@intRowStatus_Active, '4','vdev4.configservice.hp.com',1)
	INSERT INTO [ElementsCPSDB].[dbo].[ConfigurationServiceItem]([Id],[Name],[CreatedBy],[CreatedOn],[ModifiedBy],[ModifiedOn],[RowStatusId],[ElementsKey],[Description],[Parent]) VALUES(5,'ItemOfE','system\Administrator', '04-JAN-2009', 'system\Administrator','05-JAN-2009',@intRowStatus_Inactive, '5','vdev5.configservice.hp.com',0)
	INSERT INTO [ElementsCPSDB].[dbo].[ConfigurationServiceItem]([Id],[Name],[CreatedBy],[CreatedOn],[ModifiedBy],[ModifiedOn],[RowStatusId],[ElementsKey],[Description],[Parent]) VALUES(6,'Active.ItemStatus','system\UserAdmin', '04-JAN-2009', 'system\UserAdmin','05-JAN-2009',@intRowStatus_Active, '6','vdev6.configservice.hp.com',0)
	INSERT INTO [ElementsCPSDB].[dbo].[ConfigurationServiceItem]([Id],[Name],[CreatedBy],[CreatedOn],[ModifiedBy],[ModifiedOn],[RowStatusId],[ElementsKey],[Description],[Parent]) VALUES(7,'Inactive.ItemStatus','system\ODM', '04-JAN-2009', 'system\AccountLocked','05-JAN-2009',@intRowStatus_Inactive, '7','vdev7.configservice.hp.com',0)
	INSERT INTO [ElementsCPSDB].[dbo].[ConfigurationServiceItem]([Id],[Name],[CreatedBy],[CreatedOn],[ModifiedBy],[ModifiedOn],[RowStatusId],[ElementsKey],[Description],[Parent]) VALUES(8,'Deleted.ItemStatus','system\AccountLocked', '04-JAN-2009', 'system\ODM','05-JAN-2009',@intRowStatus_Deleted, '8','vdev8.configservice.hp.com',0)
	INSERT INTO [ElementsCPSDB].[dbo].[ConfigurationServiceItem]([Id],[Name],[CreatedBy],[CreatedOn],[ModifiedBy],[ModifiedOn],[RowStatusId],[ElementsKey],[Description],[Parent]) VALUES(9,'Item9','system\Administrator', '03-JAN-2009', 'americas\lasta','04-JAN-2009',@intRowStatus_Active, '9','vdev9.configservice.hp.com',1)
	INSERT INTO [ElementsCPSDB].[dbo].[ConfigurationServiceItem]([Id],[Name],[CreatedBy],[CreatedOn],[ModifiedBy],[ModifiedOn],[RowStatusId],[ElementsKey],[Description],[Parent]) VALUES(10,'Item10','americas\lasta', '02-JAN-2009', 'americas\mukaimur','02-JAN-2009',@intRowStatus_Inactive, '10','vdev10.configservice.hp.com',0)
	SET IDENTITY_INSERT [dbo].[ConfigurationServiceItem] OFF
	END
--Adding data for ConfigurationServiceItemList page--end



--Adding data for ConfigurationServiceLabelList page--begin

    PRINT 'Adding rows to [dbo].[ConfigurationServiceLabelType]'
	BEGIN
	SET IDENTITY_INSERT [dbo].[ConfigurationServiceLabelType] ON
	INSERT INTO [ElementsCPSDB].[dbo].[ConfigurationServiceLabelType]([Id],[Name],[CreatedBy],[CreatedOn],[ModifiedBy],[ModifiedOn],[RowStatusId],[Description]) VALUES(1,'QA_test0909','system\system','09-Sep-2010','system\system','09-Sep-2010',1,'QA_test0909_Description')
	INSERT INTO [ElementsCPSDB].[dbo].[ConfigurationServiceLabelType]([Id],[Name],[CreatedBy],[CreatedOn],[ModifiedBy],[ModifiedOn],[RowStatusId],[Description]) VALUES(2,'LabelTypeOfA','system\system','09-Sep-2010','system\system','09-Sep-2010',2,'QA_test0909_Description')
	INSERT INTO [ElementsCPSDB].[dbo].[ConfigurationServiceLabelType]([Id],[Name],[CreatedBy],[CreatedOn],[ModifiedBy],[ModifiedOn],[RowStatusId],[Description]) VALUES(3,'LabelTypeOfB','system\system','09-Sep-2010','system\system','09-Sep-2010',3,'QA_test0909_Description')
	SET IDENTITY_INSERT [dbo].[ConfigurationServiceLabelType] OFF
	END


    PRINT 'Adding rows to [dbo].[ConfigurationServiceLabel]'
	BEGIN
	SET IDENTITY_INSERT [dbo].[ConfigurationServiceLabel] ON
	INSERT INTO [ElementsCPSDB].[dbo].[ConfigurationServiceLabel]([Id],[Name],[CreatedBy],[CreatedOn],[ModifiedBy],[ModifiedOn],[RowStatusId],[ElementsKey],[Description],[ConfigurationServiceItemId],[Help],[ConfigurationServiceLabelTypeId],[ValueList]) VALUES(1,'LabelOfA','system\Administrator', '03-JAN-2009', 'americas\lasta','04-JAN-2009',@intRowStatus_Active, '1','vdev1.configservice.hp.com','1','help1',1,'value1')
	INSERT INTO [ElementsCPSDB].[dbo].[ConfigurationServiceLabel]([Id],[Name],[CreatedBy],[CreatedOn],[ModifiedBy],[ModifiedOn],[RowStatusId],[ElementsKey],[Description],[ConfigurationServiceItemId],[Help],[ConfigurationServiceLabelTypeId],[ValueList]) VALUES(2,'LabelOfB','americas\lasta', '02-JAN-2009', 'americas\mukaimur','02-JAN-2009',@intRowStatus_Inactive, '2','vdev2.configservice.hp.com','4','help2',1,'value2')
	INSERT INTO [ElementsCPSDB].[dbo].[ConfigurationServiceLabel]([Id],[Name],[CreatedBy],[CreatedOn],[ModifiedBy],[ModifiedOn],[RowStatusId],[ElementsKey],[Description],[ConfigurationServiceItemId],[Help],[ConfigurationServiceLabelTypeId],[ValueList]) VALUES(3,'LabelOfC','americas\mukaimur', '01-JAN-2009', 'system\DataAdmin','01-JAN-2009',@intRowStatus_Deleted, '3','vdev3.configservice.hp.com','6','help3',1,'value3')
	INSERT INTO [ElementsCPSDB].[dbo].[ConfigurationServiceLabel]([Id],[Name],[CreatedBy],[CreatedOn],[ModifiedBy],[ModifiedOn],[RowStatusId],[ElementsKey],[Description],[ConfigurationServiceItemId],[Help],[ConfigurationServiceLabelTypeId],[ValueList]) VALUES(4,'LabelOfD','system\DataAdmin', '05-JAN-2009', 'americas\mukaimur','03-JAN-2009',@intRowStatus_Active, '4','vdev4.configservice.hp.com','9','help4',1,'value4')
	INSERT INTO [ElementsCPSDB].[dbo].[ConfigurationServiceLabel]([Id],[Name],[CreatedBy],[CreatedOn],[ModifiedBy],[ModifiedOn],[RowStatusId],[ElementsKey],[Description],[ConfigurationServiceItemId],[Help],[ConfigurationServiceLabelTypeId],[ValueList]) VALUES(5,'LabelOfE','system\Administrator', '04-JAN-2009', 'system\Administrator','05-JAN-2009',@intRowStatus_Inactive, '5','vdev5.configservice.hp.com','1','help5',1,'value5')
	INSERT INTO [ElementsCPSDB].[dbo].[ConfigurationServiceLabel]([Id],[Name],[CreatedBy],[CreatedOn],[ModifiedBy],[ModifiedOn],[RowStatusId],[ElementsKey],[Description],[ConfigurationServiceItemId],[Help],[ConfigurationServiceLabelTypeId],[ValueList]) VALUES(6,'Active.LabelStatus','system\UserAdmin', '04-JAN-2009', 'system\UserAdmin','05-JAN-2009',@intRowStatus_Active, '6','vdev6.configservice.hp.com','4','help6',1,'value6')
	INSERT INTO [ElementsCPSDB].[dbo].[ConfigurationServiceLabel]([Id],[Name],[CreatedBy],[CreatedOn],[ModifiedBy],[ModifiedOn],[RowStatusId],[ElementsKey],[Description],[ConfigurationServiceItemId],[Help],[ConfigurationServiceLabelTypeId],[ValueList]) VALUES(7,'Inactive.LabelStatus','system\ODM', '04-JAN-2009', 'system\AccountLocked','05-JAN-2009',@intRowStatus_Inactive, '7','vdev7.configservice.hp.com','6','help7',1,'value7')
	INSERT INTO [ElementsCPSDB].[dbo].[ConfigurationServiceLabel]([Id],[Name],[CreatedBy],[CreatedOn],[ModifiedBy],[ModifiedOn],[RowStatusId],[ElementsKey],[Description],[ConfigurationServiceItemId],[Help],[ConfigurationServiceLabelTypeId],[ValueList]) VALUES(8,'Deleted.LabelStatus','system\AccountLocked', '04-JAN-2009', 'system\ODM','05-JAN-2009',@intRowStatus_Deleted, '8','vdev8.configservice.hp.com','9','help8',1,'value8')
	INSERT INTO [ElementsCPSDB].[dbo].[ConfigurationServiceLabel]([Id],[Name],[CreatedBy],[CreatedOn],[ModifiedBy],[ModifiedOn],[RowStatusId],[ElementsKey],[Description],[ConfigurationServiceItemId],[Help],[ConfigurationServiceLabelTypeId],[ValueList]) VALUES(9,'Label9','system\Administrator', '03-JAN-2009', 'americas\lasta','04-JAN-2009',@intRowStatus_Active, '9','vdev9.configservice.hp.com','2','help9',1,'value9')
	INSERT INTO [ElementsCPSDB].[dbo].[ConfigurationServiceLabel]([Id],[Name],[CreatedBy],[CreatedOn],[ModifiedBy],[ModifiedOn],[RowStatusId],[ElementsKey],[Description],[ConfigurationServiceItemId],[Help],[ConfigurationServiceLabelTypeId],[ValueList]) VALUES(10,'Label10','americas\lasta', '02-JAN-2009', 'americas\mukaimur','02-JAN-2009',@intRowStatus_Inactive, '10','vdev10.configservice.hp.com','3','help10',1,'value10')
	SET IDENTITY_INSERT [dbo].[ConfigurationServiceLabel] OFF
	END
--Adding data for ConfigurationServiceLabelList page--end

--Adding data for ConfigurationServiceGroupStatus page--begin
    PRINT 'Adding rows to [dbo].[ConfigurationServiceGroupStatus]'					
	BEGIN
	SET IDENTITY_INSERT [dbo].[ConfigurationServiceGroupStatus] ON
	INSERT INTO [ElementsCPSDB].[dbo].[ConfigurationServiceGroupStatus]([ID],[Name],[CreatedBy],[CreatedOn],[ModifiedBy],[ModifiedOn],[RowStatusId],[Description]) VALUES (1,'None','system\system','09-Sep-2010','system\system','09-Sep-2010',1,'QA_test0926_Desc1')	
	INSERT INTO [ElementsCPSDB].[dbo].[ConfigurationServiceGroupStatus]([ID],[Name],[CreatedBy],[CreatedOn],[ModifiedBy],[ModifiedOn],[RowStatusId],[Description]) VALUES (2,'Modified','system\system','09-Sep-2010','system\system','09-Sep-2010',2,'QA_test0926_Desc2')
	INSERT INTO [ElementsCPSDB].[dbo].[ConfigurationServiceGroupStatus]([ID],[Name],[CreatedBy],[CreatedOn],[ModifiedBy],[ModifiedOn],[RowStatusId],[Description]) VALUES (3,'ReadyForValidation','system\system','09-Sep-2010','system\system','09-Sep-2010',3,'QA_test0926_Desc3')
	INSERT INTO [ElementsCPSDB].[dbo].[ConfigurationServiceGroupStatus]([ID],[Name],[CreatedBy],[CreatedOn],[ModifiedBy],[ModifiedOn],[RowStatusId],[Description]) VALUES (4,'Validated','system\system','09-Sep-2010','system\system','09-Sep-2010',1,'QA_test0926_Desc4')
	INSERT INTO [ElementsCPSDB].[dbo].[ConfigurationServiceGroupStatus]([ID],[Name],[CreatedBy],[CreatedOn],[ModifiedBy],[ModifiedOn],[RowStatusId],[Description]) VALUES (5,'Published','system\system','09-Sep-2010','system\system','09-Sep-2010',2,'QA_test0926_Desc5')	
	INSERT INTO [ElementsCPSDB].[dbo].[ConfigurationServiceGroupStatus]([ID],[Name],[CreatedBy],[CreatedOn],[ModifiedBy],[ModifiedOn],[RowStatusId],[Description]) VALUES (6,'PublishedProductionOnly','system\system','09-Sep-2010','system\system','09-Sep-2010',3,'QA_test0926_Desc6')
	INSERT INTO [ElementsCPSDB].[dbo].[ConfigurationServiceGroupStatus]([ID],[Name],[CreatedBy],[CreatedOn],[ModifiedBy],[ModifiedOn],[RowStatusId],[Description]) VALUES (7,'Cancelled','system\system','09-Sep-2010','system\system','09-Sep-2010',1,'QA_test0926_Desc7')
	INSERT INTO [ElementsCPSDB].[dbo].[ConfigurationServiceGroupStatus]([ID],[Name],[CreatedBy],[CreatedOn],[ModifiedBy],[ModifiedOn],[RowStatusId],[Description]) VALUES (8,'Abandoned','system\system','09-Sep-2010','system\system','09-Sep-2010',2,'QA_test0926_Desc8')
	INSERT INTO [ElementsCPSDB].[dbo].[ConfigurationServiceGroupStatus]([ID],[Name],[CreatedBy],[CreatedOn],[ModifiedBy],[ModifiedOn],[RowStatusId],[Description]) VALUES (9,'Deleted','system\system','09-Sep-2010','system\system','09-Sep-2010',3,'QA_test0926_Desc9')
	INSERT INTO [ElementsCPSDB].[dbo].[ConfigurationServiceGroupStatus]([ID],[Name],[CreatedBy],[CreatedOn],[ModifiedBy],[ModifiedOn],[RowStatusId],[Description]) VALUES (10,'Active','system\system','09-Sep-2010','system\system','09-Sep-2010',2,'QA_test0926_Desc10')
	SET IDENTITY_INSERT [dbo].[ConfigurationServiceGroupStatus] OFF
	END
--Adding data for ConfigurationServiceGroupStatus page--end
	--	None = 0,
	--	Modified = 1,
	--	ReadyForValidation = 2,
	--	Validated = 3,
	--	Published = 4,
	--	PublishedProductionOnly = 5,
	--	Cancelled = 6,
	--	Abandoned = 7,
	--	Deleted = 8




--Adding data for [ConfigurationServiceItem_ConfigurationServiceGroupType] page--begin
    PRINT 'Adding rows to [dbo].[ConfigurationServiceItem_ConfigurationServiceGroupType]'
	BEGIN	
	SET IDENTITY_INSERT [dbo].[ConfigurationServiceItem_ConfigurationServiceGroupType] ON
	INSERT INTO [ElementsCPSDB].[dbo].[ConfigurationServiceItem_ConfigurationServiceGroupType]([Id],[CreatedBy],[CreatedOn],[ModifiedBy],[ModifiedOn],[ConfigurationServiceGroupTypeId],[ConfigurationServiceItemId]) VALUES(1,'asiapacific\mahai',getdate(),'asiapacific\mahai',getdate(),1,1)
	INSERT INTO [ElementsCPSDB].[dbo].[ConfigurationServiceItem_ConfigurationServiceGroupType]([Id],[CreatedBy],[CreatedOn],[ModifiedBy],[ModifiedOn],[ConfigurationServiceGroupTypeId],[ConfigurationServiceItemId]) VALUES(2,'asiapacific\mahai',getdate(),'asiapacific\mahai',getdate(),4,2)
	INSERT INTO [ElementsCPSDB].[dbo].[ConfigurationServiceItem_ConfigurationServiceGroupType]([Id],[CreatedBy],[CreatedOn],[ModifiedBy],[ModifiedOn],[ConfigurationServiceGroupTypeId],[ConfigurationServiceItemId]) VALUES(3,'asiapacific\mahai',getdate(),'asiapacific\mahai',getdate(),6,3)
	INSERT INTO [ElementsCPSDB].[dbo].[ConfigurationServiceItem_ConfigurationServiceGroupType]([Id],[CreatedBy],[CreatedOn],[ModifiedBy],[ModifiedOn],[ConfigurationServiceGroupTypeId],[ConfigurationServiceItemId]) VALUES(4,'asiapacific\mahai',getdate(),'asiapacific\mahai',getdate(),9,4)
	INSERT INTO [ElementsCPSDB].[dbo].[ConfigurationServiceItem_ConfigurationServiceGroupType]([Id],[CreatedBy],[CreatedOn],[ModifiedBy],[ModifiedOn],[ConfigurationServiceGroupTypeId],[ConfigurationServiceItemId]) VALUES(5,'asiapacific\mahai',getdate(),'asiapacific\mahai',getdate(),1,5)
	INSERT INTO [ElementsCPSDB].[dbo].[ConfigurationServiceItem_ConfigurationServiceGroupType]([Id],[CreatedBy],[CreatedOn],[ModifiedBy],[ModifiedOn],[ConfigurationServiceGroupTypeId],[ConfigurationServiceItemId]) VALUES(6,'asiapacific\mahai',getdate(),'asiapacific\mahai',getdate(),4,6)
	INSERT INTO [ElementsCPSDB].[dbo].[ConfigurationServiceItem_ConfigurationServiceGroupType]([Id],[CreatedBy],[CreatedOn],[ModifiedBy],[ModifiedOn],[ConfigurationServiceGroupTypeId],[ConfigurationServiceItemId]) VALUES(7,'asiapacific\mahai',getdate(),'asiapacific\mahai',getdate(),6,7)
	INSERT INTO [ElementsCPSDB].[dbo].[ConfigurationServiceItem_ConfigurationServiceGroupType]([Id],[CreatedBy],[CreatedOn],[ModifiedBy],[ModifiedOn],[ConfigurationServiceGroupTypeId],[ConfigurationServiceItemId]) VALUES(8,'asiapacific\mahai',getdate(),'asiapacific\mahai',getdate(),9,8)
	INSERT INTO [ElementsCPSDB].[dbo].[ConfigurationServiceItem_ConfigurationServiceGroupType]([Id],[CreatedBy],[CreatedOn],[ModifiedBy],[ModifiedOn],[ConfigurationServiceGroupTypeId],[ConfigurationServiceItemId]) VALUES(9,'asiapacific\mahai',getdate(),'asiapacific\mahai',getdate(),1,9)
	INSERT INTO [ElementsCPSDB].[dbo].[ConfigurationServiceItem_ConfigurationServiceGroupType]([Id],[CreatedBy],[CreatedOn],[ModifiedBy],[ModifiedOn],[ConfigurationServiceGroupTypeId],[ConfigurationServiceItemId]) VALUES(10,'asiapacific\mahai',getdate(),'asiapacific\mahai',getdate(),4,10)
	SET IDENTITY_INSERT [dbo].[ConfigurationServiceItem_ConfigurationServiceGroupType] OFF	
	END
--Adding data for [ConfigurationServiceItem_ConfigurationServiceGroupType] page--end



--Adding data for dbo.ConfigurationServiceGroup page--begin
    PRINT 'Adding rows to dbo.ConfigurationServiceGroup'
	BEGIN	
	SET IDENTITY_INSERT [dbo].[ConfigurationServiceGroup] ON
	INSERT INTO [ElementsCPSDB].[dbo].[ConfigurationServiceGroup]([Id],[CreatedBy],[CreatedOn],[ModifiedBy],[ModifiedOn],[RowStatusId],[Name],[Description],[ConfigurationServiceGroupStatusId],[ConfigurationServiceGroupTypeId],[ConfigurationServiceApplicationId],[OwnerId]) VALUES (1,'system\Administrator', '03-JAN-2009', 'americas\lasta','04-JAN-2009',1,'GroupOfA','Desc1',1,9,6,1)
	INSERT INTO [ElementsCPSDB].[dbo].[ConfigurationServiceGroup]([Id],[CreatedBy],[CreatedOn],[ModifiedBy],[ModifiedOn],[RowStatusId],[Name],[Description],[ConfigurationServiceGroupStatusId],[ConfigurationServiceGroupTypeId],[ConfigurationServiceApplicationId],[OwnerId]) VALUES (2,'americas\lasta', '02-JAN-2009', 'americas\mukaimur','02-JAN-2009',2,'GroupOfB','Desc2',1,4,6,1)
	INSERT INTO [ElementsCPSDB].[dbo].[ConfigurationServiceGroup]([Id],[CreatedBy],[CreatedOn],[ModifiedBy],[ModifiedOn],[RowStatusId],[Name],[Description],[ConfigurationServiceGroupStatusId],[ConfigurationServiceGroupTypeId],[ConfigurationServiceApplicationId],[OwnerId]) VALUES (3,'americas\mukaimur', '01-JAN-2009', 'system\DataAdmin','01-JAN-2009',3,'GroupOfC','Desc3',8,6,6,1)
	INSERT INTO [ElementsCPSDB].[dbo].[ConfigurationServiceGroup]([Id],[CreatedBy],[CreatedOn],[ModifiedBy],[ModifiedOn],[RowStatusId],[Name],[Description],[ConfigurationServiceGroupStatusId],[ConfigurationServiceGroupTypeId],[ConfigurationServiceApplicationId],[OwnerId]) VALUES (4,'system\DataAdmin', '05-JAN-2009', 'americas\mukaimur','03-JAN-2009',1,'GroupOfD','Desc4',2,9,6,1)
	INSERT INTO [ElementsCPSDB].[dbo].[ConfigurationServiceGroup]([Id],[CreatedBy],[CreatedOn],[ModifiedBy],[ModifiedOn],[RowStatusId],[Name],[Description],[ConfigurationServiceGroupStatusId],[ConfigurationServiceGroupTypeId],[ConfigurationServiceApplicationId],[OwnerId]) VALUES (5,'system\Administrator', '04-JAN-2009', 'system\Administrator','05-JAN-2009',2,'GroupOfE','Desc5',7,1,6,1)
	INSERT INTO [ElementsCPSDB].[dbo].[ConfigurationServiceGroup]([Id],[CreatedBy],[CreatedOn],[ModifiedBy],[ModifiedOn],[RowStatusId],[Name],[Description],[ConfigurationServiceGroupStatusId],[ConfigurationServiceGroupTypeId],[ConfigurationServiceApplicationId],[OwnerId]) VALUES (6,'system\UserAdmin', '04-JAN-2009', 'system\UserAdmin','05-JAN-2009',3,'Active.GroupStatus','Desc6',1,4,6,1)
	INSERT INTO [ElementsCPSDB].[dbo].[ConfigurationServiceGroup]([Id],[CreatedBy],[CreatedOn],[ModifiedBy],[ModifiedOn],[RowStatusId],[Name],[Description],[ConfigurationServiceGroupStatusId],[ConfigurationServiceGroupTypeId],[ConfigurationServiceApplicationId],[OwnerId]) VALUES (7,'system\ODM', '04-JAN-2009', 'system\AccountLocked','05-JAN-2009',2,'Inactive.GroupStatus','Desc7',4,6,6,1)
	INSERT INTO [ElementsCPSDB].[dbo].[ConfigurationServiceGroup]([Id],[CreatedBy],[CreatedOn],[ModifiedBy],[ModifiedOn],[RowStatusId],[Name],[Description],[ConfigurationServiceGroupStatusId],[ConfigurationServiceGroupTypeId],[ConfigurationServiceApplicationId],[OwnerId]) VALUES (8,'system\AccountLocked', '04-JAN-2009', 'system\ODM','05-JAN-2009',3,'Deleted.GroupStatus','Desc8',7,9,6,1)
	INSERT INTO [ElementsCPSDB].[dbo].[ConfigurationServiceGroup]([Id],[CreatedBy],[CreatedOn],[ModifiedBy],[ModifiedOn],[RowStatusId],[Name],[Description],[ConfigurationServiceGroupStatusId],[ConfigurationServiceGroupTypeId],[ConfigurationServiceApplicationId],[OwnerId]) VALUES (9,'system\Administrator', '03-JAN-2009', 'americas\lasta','04-JAN-2009',1,'Group9','Desc9',8,1,6,1)
	INSERT INTO [ElementsCPSDB].[dbo].[ConfigurationServiceGroup]([Id],[CreatedBy],[CreatedOn],[ModifiedBy],[ModifiedOn],[RowStatusId],[Name],[Description],[ConfigurationServiceGroupStatusId],[ConfigurationServiceGroupTypeId],[ConfigurationServiceApplicationId],[OwnerId]) VALUES (10,'americas\lasta', '02-JAN-2009', 'americas\mukaimur','02-JAN-2009',2,'Group10','Desc10',2,4,6,1)
	INSERT INTO [ElementsCPSDB].[dbo].[ConfigurationServiceGroup]([Id],[CreatedBy],[CreatedOn],[ModifiedBy],[ModifiedOn],[RowStatusId],[Name],[Description],[ConfigurationServiceGroupStatusId],[ConfigurationServiceGroupTypeId],[ConfigurationServiceApplicationId],[OwnerId]) VALUES (11,'asiapacific\mahai', getdate(), 'asiapacific\mahai',getdate(),1,'GroupOfA','Desc1',1,9,6,1)
	INSERT INTO [ElementsCPSDB].[dbo].[ConfigurationServiceGroup]([Id],[CreatedBy],[CreatedOn],[ModifiedBy],[ModifiedOn],[RowStatusId],[Name],[Description],[ConfigurationServiceGroupStatusId],[ConfigurationServiceGroupTypeId],[ConfigurationServiceApplicationId],[OwnerId]) VALUES (12,'asiapacific\mahai', getdate(), 'asiapacific\mahai',getdate(),2,'GroupOfB','Desc2',1,4,6,1)		
	SET IDENTITY_INSERT [dbo].[ConfigurationServiceGroup] OFF	
	END
--Adding data for dbo.ConfigurationServiceGroup page--end



--Adding data for dbo.[ConfigurationServiceGroupSelector]--begin
    PRINT 'Adding rows to dbo.[ConfigurationServiceGroupSelector]'
	BEGIN
	SET IDENTITY_INSERT [dbo].[ConfigurationServiceGroupSelector] ON	
	INSERT INTO [ElementsCPSDB].[dbo].[ConfigurationServiceGroupSelector]([Id],[Name],[CreatedBy],[CreatedOn],[ModifiedBy],[ModifiedOn],[RowStatusId],[Description],[ConfigurationServiceGroupId])VALUES(1,'GroupSelectorOfA','system\Administrator', '03-JAN-2009', 'americas\lasta','04-JAN-2009',1,'Desc1',1)
	INSERT INTO [ElementsCPSDB].[dbo].[ConfigurationServiceGroupSelector]([Id],[Name],[CreatedBy],[CreatedOn],[ModifiedBy],[ModifiedOn],[RowStatusId],[Description],[ConfigurationServiceGroupId])VALUES(2,'GroupSelectorOfB','americas\lasta', '02-JAN-2009', 'americas\mukaimur','02-JAN-2009',2,'Desc2',1)
	INSERT INTO [ElementsCPSDB].[dbo].[ConfigurationServiceGroupSelector]([Id],[Name],[CreatedBy],[CreatedOn],[ModifiedBy],[ModifiedOn],[RowStatusId],[Description],[ConfigurationServiceGroupId])VALUES(3,'GroupSelectorOfC','americas\mukaimur', '01-JAN-2009', 'system\DataAdmin','01-JAN-2009',3,'Desc3',1)
	INSERT INTO [ElementsCPSDB].[dbo].[ConfigurationServiceGroupSelector]([Id],[Name],[CreatedBy],[CreatedOn],[ModifiedBy],[ModifiedOn],[RowStatusId],[Description],[ConfigurationServiceGroupId])VALUES(4,'GroupSelectorOfD','system\DataAdmin', '05-JAN-2009', 'americas\mukaimur','03-JAN-2009',1,'Desc4',1)
	INSERT INTO [ElementsCPSDB].[dbo].[ConfigurationServiceGroupSelector]([Id],[Name],[CreatedBy],[CreatedOn],[ModifiedBy],[ModifiedOn],[RowStatusId],[Description],[ConfigurationServiceGroupId])VALUES(5,'GroupSelectorOfE','system\Administrator', '04-JAN-2009', 'system\Administrator','05-JAN-2009',2,'Desc5',1)
	INSERT INTO [ElementsCPSDB].[dbo].[ConfigurationServiceGroupSelector]([Id],[Name],[CreatedBy],[CreatedOn],[ModifiedBy],[ModifiedOn],[RowStatusId],[Description],[ConfigurationServiceGroupId])VALUES(6,'Active.GroupSelectorStatus','system\UserAdmin', '04-JAN-2009', 'system\UserAdmin','05-JAN-2009',1,'Desc6',1)
	INSERT INTO [ElementsCPSDB].[dbo].[ConfigurationServiceGroupSelector]([Id],[Name],[CreatedBy],[CreatedOn],[ModifiedBy],[ModifiedOn],[RowStatusId],[Description],[ConfigurationServiceGroupId])VALUES(7,'Inactive.GroupSelectorStatus','system\ODM', '04-JAN-2009', 'system\AccountLocked','05-JAN-2009',2,'Desc7',1)
	INSERT INTO [ElementsCPSDB].[dbo].[ConfigurationServiceGroupSelector]([Id],[Name],[CreatedBy],[CreatedOn],[ModifiedBy],[ModifiedOn],[RowStatusId],[Description],[ConfigurationServiceGroupId])VALUES(8,'Deleted.GroupSelectorStatus','system\AccountLocked', '04-JAN-2009', 'system\ODM','05-JAN-2009',3,'Desc8',1)
	INSERT INTO [ElementsCPSDB].[dbo].[ConfigurationServiceGroupSelector]([Id],[Name],[CreatedBy],[CreatedOn],[ModifiedBy],[ModifiedOn],[RowStatusId],[Description],[ConfigurationServiceGroupId])VALUES(9,'GroupSelector9','system\Administrator', '03-JAN-2009', 'americas\lasta','04-JAN-2009',1,'Desc9',1)
	INSERT INTO [ElementsCPSDB].[dbo].[ConfigurationServiceGroupSelector]([Id],[Name],[CreatedBy],[CreatedOn],[ModifiedBy],[ModifiedOn],[RowStatusId],[Description],[ConfigurationServiceGroupId])VALUES(10,'GroupSelector10','americas\lasta', '02-JAN-2009', 'americas\mukaimur','02-JAN-2009',2,'Desc10',1)
	SET IDENTITY_INSERT [dbo].[ConfigurationServiceGroupSelector] OFF
	END
--Adding data for dbo.[ConfigurationServiceGroupSelector]--end


	PRINT 'Adding rows to [dbo].[ProxyURLGroupType]'
	BEGIN
	SET IDENTITY_INSERT [dbo].[ProxyURLGroupType] ON
	INSERT INTO [ElementsCPSDB].[dbo].[ProxyURLGroupType]([Id],[Name],[CreatedBy],[CreatedOn],[ModifiedBy],[ModifiedOn],[RowStatusId],[Description]) VALUES(5,'ProxyURLGroupTypeOfA','system\Administrator', '03-JAN-2009', 'americas\lasta','04-JAN-2009',@intRowStatus_Active, 'New')
	INSERT INTO [ElementsCPSDB].[dbo].[ProxyURLGroupType]([Id],[Name],[CreatedBy],[CreatedOn],[ModifiedBy],[ModifiedOn],[RowStatusId],[Description]) VALUES(6,'ProxyURLGroupTypeOfB','americas\lasta', '02-JAN-2009', 'americas\mukaimur','02-JAN-2009',@intRowStatus_Inactive, 'New')
	INSERT INTO [ElementsCPSDB].[dbo].[ProxyURLGroupType]([Id],[Name],[CreatedBy],[CreatedOn],[ModifiedBy],[ModifiedOn],[RowStatusId],[Description]) VALUES(7,'ProxyURLGroupTypeOfC','americas\mukaimur', '01-JAN-2009', 'system\DataAdmin','01-JAN-2009',@intRowStatus_Deleted, 'New')
	INSERT INTO [ElementsCPSDB].[dbo].[ProxyURLGroupType]([Id],[Name],[CreatedBy],[CreatedOn],[ModifiedBy],[ModifiedOn],[RowStatusId],[Description]) VALUES(8,'ProxyURLGroupTypeOfD','system\DataAdmin', '05-JAN-2009', 'americas\mukaimur','03-JAN-2009',@intRowStatus_Active, 'New')
	INSERT INTO [ElementsCPSDB].[dbo].[ProxyURLGroupType]([Id],[Name],[CreatedBy],[CreatedOn],[ModifiedBy],[ModifiedOn],[RowStatusId],[Description]) VALUES(9,'ProxyURLGroupTypeOfE','system\Administrator', '04-JAN-2009', 'system\Administrator','05-JAN-2009',@intRowStatus_Inactive, 'New')
	INSERT INTO [ElementsCPSDB].[dbo].[ProxyURLGroupType]([Id],[Name],[CreatedBy],[CreatedOn],[ModifiedBy],[ModifiedOn],[RowStatusId],[Description]) VALUES(10,'Active.ProxyURLGroupTypeStatus',@strDefaultValue_CreatedBy, getdate(), @strDefaultValue_ModifiedBy,getdate(),@intRowStatus_Active, 'New')
	INSERT INTO [ElementsCPSDB].[dbo].[ProxyURLGroupType]([Id],[Name],[CreatedBy],[CreatedOn],[ModifiedBy],[ModifiedOn],[RowStatusId],[Description]) VALUES(11,'Inactive.ProxyURLGroupTypeStatus',@strDefaultValue_CreatedBy, getdate(), @strDefaultValue_ModifiedBy,getdate(),@intRowStatus_Inactive, 'New')
	INSERT INTO [ElementsCPSDB].[dbo].[ProxyURLGroupType]([Id],[Name],[CreatedBy],[CreatedOn],[ModifiedBy],[ModifiedOn],[RowStatusId],[Description]) VALUES(12,'Deleted.ProxyURLGroupTypeStatus',@strDefaultValue_CreatedBy, getdate(), @strDefaultValue_ModifiedBy,getdate(),@intRowStatus_Deleted, 'New')
	INSERT INTO [ElementsCPSDB].[dbo].[ProxyURLGroupType]([Id],[Name],[CreatedBy],[CreatedOn],[ModifiedBy],[ModifiedOn],[RowStatusId],[Description]) VALUES(1,'redirect.hp.keyboard.legacy','system\Administrator', '03-JAN-2009', 'americas\lasta','04-JAN-2009',@intRowStatus_Active, 'New')
	INSERT INTO [ElementsCPSDB].[dbo].[ProxyURLGroupType]([Id],[Name],[CreatedBy],[CreatedOn],[ModifiedBy],[ModifiedOn],[RowStatusId],[Description]) VALUES(2,'redirect.compaq.standard.legacy','americas\lasta', '02-JAN-2009', 'americas\mukaimur','02-JAN-2009',@intRowStatus_Active, 'New')
	INSERT INTO [ElementsCPSDB].[dbo].[ProxyURLGroupType]([Id],[Name],[CreatedBy],[CreatedOn],[ModifiedBy],[ModifiedOn],[RowStatusId],[Description]) VALUES(3,'redirect.compaq.accsp.legacy','americas\mukaimur', '01-JAN-2009', 'system\DataAdmin','01-JAN-2009',@intRowStatus_Active, 'New')
	INSERT INTO [ElementsCPSDB].[dbo].[ProxyURLGroupType]([Id],[Name],[CreatedBy],[CreatedOn],[ModifiedBy],[ModifiedOn],[RowStatusId],[Description]) VALUES(4,'redirect.compaq.ac.legacy','system\DataAdmin', '05-JAN-2009', 'americas\mukaimur','03-JAN-2009',@intRowStatus_Active, 'New')	
	SET IDENTITY_INSERT [dbo].[ProxyURLGroupType] OFF
	END
		
	PRINT 'Adding rows to [dbo].[ProxyURLType]'
	BEGIN
	SET IDENTITY_INSERT [dbo].[ProxyURLType] ON
	INSERT INTO [ElementsCPSDB].[dbo].[ProxyURLType]([Id],[Name],[CreatedBy],[CreatedOn],[ModifiedBy],[ModifiedOn],[RowStatusId],[ProxyURLDomainId],[ProxyURLGroupTypeId],[Description],[ElementsKey])VALUES(1,'ProxyURLTypeOfA','system\Administrator', '03-JAN-2009', 'americas\lasta','04-JAN-2009', @intRowStatus_Active, 1, 1, 'New',1)
	INSERT INTO [ElementsCPSDB].[dbo].[ProxyURLType]([Id],[Name],[CreatedBy],[CreatedOn],[ModifiedBy],[ModifiedOn],[RowStatusId],[ProxyURLDomainId],[ProxyURLGroupTypeId],[Description],[ElementsKey])VALUES(2,'ProxyURLTypeOfB','americas\lasta', '02-JAN-2009', 'americas\mukaimur','02-JAN-2009', @intRowStatus_Inactive, 1, 1, 'New',2)
	INSERT INTO [ElementsCPSDB].[dbo].[ProxyURLType]([Id],[Name],[CreatedBy],[CreatedOn],[ModifiedBy],[ModifiedOn],[RowStatusId],[ProxyURLDomainId],[ProxyURLGroupTypeId],[Description],[ElementsKey])VALUES(3,'ProxyURLTypeOfC','americas\mukaimur', '01-JAN-2009', 'system\DataAdmin','01-JAN-2009', @intRowStatus_Deleted, 1, 1, 'New',3)
	INSERT INTO [ElementsCPSDB].[dbo].[ProxyURLType]([Id],[Name],[CreatedBy],[CreatedOn],[ModifiedBy],[ModifiedOn],[RowStatusId],[ProxyURLDomainId],[ProxyURLGroupTypeId],[Description],[ElementsKey])VALUES(4,'ProxyURLTypeOfD','system\DataAdmin', '05-JAN-2009', 'americas\mukaimur','03-JAN-2009', @intRowStatus_Active, 1, 1, 'New',4)
	INSERT INTO [ElementsCPSDB].[dbo].[ProxyURLType]([Id],[Name],[CreatedBy],[CreatedOn],[ModifiedBy],[ModifiedOn],[RowStatusId],[ProxyURLDomainId],[ProxyURLGroupTypeId],[Description],[ElementsKey])VALUES(5,'ProxyURLTypeOfE','system\Administrator', '04-JAN-2009', 'system\Administrator','05-JAN-2009', @intRowStatus_Inactive, 1, 2,'New',5)
	INSERT INTO [ElementsCPSDB].[dbo].[ProxyURLType]([Id],[Name],[CreatedBy],[CreatedOn],[ModifiedBy],[ModifiedOn],[RowStatusId],[ProxyURLDomainId],[ProxyURLGroupTypeId],[Description],[ElementsKey])VALUES(6,'Active.ProxyURLTypeStatus','system\Administrator', '03-JAN-2009', 'americas\lasta','04-JAN-2009', @intRowStatus_Active, 1, 2,'New',6)
	INSERT INTO [ElementsCPSDB].[dbo].[ProxyURLType]([Id],[Name],[CreatedBy],[CreatedOn],[ModifiedBy],[ModifiedOn],[RowStatusId],[ProxyURLDomainId],[ProxyURLGroupTypeId],[Description],[ElementsKey])VALUES(7,'Inactive.ProxyURLTypeStatus','system\Administrator', '03-JAN-2009', 'americas\lasta','04-JAN-2009', @intRowStatus_Inactive, 1, 2, 'New',7)
	INSERT INTO [ElementsCPSDB].[dbo].[ProxyURLType]([Id],[Name],[CreatedBy],[CreatedOn],[ModifiedBy],[ModifiedOn],[RowStatusId],[ProxyURLDomainId],[ProxyURLGroupTypeId],[Description],[ElementsKey])VALUES(8,'Deleted.ProxyURLTypeStatus','system\Administrator', '03-JAN-2009', 'americas\lasta','04-JAN-2009', @intRowStatus_Deleted, 1, 2, 'New',8)
	INSERT INTO [ElementsCPSDB].[dbo].[ProxyURLType]([Id],[Name],[CreatedBy],[CreatedOn],[ModifiedBy],[ModifiedOn],[RowStatusId],[ProxyURLDomainId],[ProxyURLGroupTypeId],[Description],[ElementsKey])VALUES(9,'Simple Redirect URLs',@strDefaultValue_CreatedBy, getdate(), @strDefaultValue_ModifiedBy,getdate(),@intRowStatus_Active, 1, 2, 'New',9)
	INSERT INTO [ElementsCPSDB].[dbo].[ProxyURLType]([Id],[Name],[CreatedBy],[CreatedOn],[ModifiedBy],[ModifiedOn],[RowStatusId],[ProxyURLDomainId],[ProxyURLGroupTypeId],[Description],[ElementsKey])VALUES(10,'All Other Redirect URLs',@strDefaultValue_CreatedBy, getdate(), @strDefaultValue_ModifiedBy,getdate(),@intRowStatus_Active, 1, 3, 'New',10)
	INSERT INTO [ElementsCPSDB].[dbo].[ProxyURLType]([Id],[Name],[CreatedBy],[CreatedOn],[ModifiedBy],[ModifiedOn],[RowStatusId],[ProxyURLDomainId],[ProxyURLGroupTypeId],[Description],[ElementsKey])VALUES(11,'Default Redirect URLs',@strDefaultValue_CreatedBy, getdate(), @strDefaultValue_ModifiedBy,getdate(),@intRowStatus_Active, 1, 3, 'New',11)
	INSERT INTO [ElementsCPSDB].[dbo].[ProxyURLType]([Id],[Name],[CreatedBy],[CreatedOn],[ModifiedBy],[ModifiedOn],[RowStatusId],[ProxyURLDomainId],[ProxyURLGroupTypeId],[Description],[ElementsKey])VALUES(12,'Presario Keyboard URL',@strDefaultValue_CreatedBy, getdate(), @strDefaultValue_ModifiedBy,getdate(),@intRowStatus_Active, 1, 3, 'New',12)
	INSERT INTO [ElementsCPSDB].[dbo].[ProxyURLType]([Id],[Name],[CreatedBy],[CreatedOn],[ModifiedBy],[ModifiedOn],[RowStatusId],[ProxyURLDomainId],[ProxyURLGroupTypeId],[Description],[ElementsKey])VALUES(13,'Pavilion Keyboard URL',@strDefaultValue_CreatedBy, getdate(), @strDefaultValue_ModifiedBy,getdate(),@intRowStatus_Active, 1, 3, 'New',13)
	SET IDENTITY_INSERT [dbo].[ProxyURLType] OFF
	END	
			
	--Updated by Amanda on 15th Oct 2010, added new data from id 18 to 22
	PRINT 'Adding rows to [dbo].[QueryParameter]'
	BEGIN
	SET IDENTITY_INSERT [dbo].[QueryParameter] ON
	INSERT INTO [ElementsCPSDB].[dbo].[QueryParameter]([Id],[Name],[ElementsKey],[CreatedBy],[CreatedOn],[ModifiedBy],[ModifiedOn],[RowStatusId],[Description])VALUES(13,'Touchpoint','tp','system\Administrator', '03-JAN-2009', 'americas\lasta','04-JAN-2009',@intRowStatus_Active,'New')
	INSERT INTO [ElementsCPSDB].[dbo].[QueryParameter]([Id],[Name],[ElementsKey],[CreatedBy],[CreatedOn],[ModifiedBy],[ModifiedOn],[RowStatusId],[Description])VALUES(15,'Brand','bd','americas\lasta', '02-JAN-2009', 'americas\mukaimur','02-JAN-2009',@intRowStatus_Active,'New')	
	INSERT INTO [ElementsCPSDB].[dbo].[QueryParameter]([Id],[Name],[ElementsKey],[CreatedBy],[CreatedOn],[ModifiedBy],[ModifiedOn],[RowStatusId],[Description])VALUES(3,'Locale','locale','americas\mukaimur', '01-JAN-2009', 'system\DataAdmin','01-JAN-2009',@intRowStatus_Active,'New')
	INSERT INTO [ElementsCPSDB].[dbo].[QueryParameter]([Id],[Name],[ElementsKey],[CreatedBy],[CreatedOn],[ModifiedBy],[ModifiedOn],[RowStatusId],[Description])VALUES(7,'Cycle','lc','system\DataAdmin', '05-JAN-2009', 'americas\mukaimur','03-JAN-2009',@intRowStatus_Active,'New')	
	INSERT INTO [ElementsCPSDB].[dbo].[QueryParameter]([Id],[Name],[ElementsKey],[CreatedBy],[CreatedOn],[ModifiedBy],[ModifiedOn],[RowStatusId],[Description])VALUES(14,'Platform','pf','system\Administrator', '04-JAN-2009', 'system\Administrator','05-JAN-2009',@intRowStatus_Active,'New')	
	INSERT INTO [ElementsCPSDB].[dbo].[QueryParameter]([Id],[Name],[ElementsKey],[CreatedBy],[CreatedOn],[ModifiedBy],[ModifiedOn],[RowStatusId],[Description])VALUES(5,'PartnerCategory','c','system\Administrator', '03-JAN-2009', 'americas\lasta','04-JAN-2009',@intRowStatus_Active,'New')
	
	INSERT INTO [ElementsCPSDB].[dbo].[QueryParameter]([Id],[Name],[ElementsKey],[CreatedBy],[CreatedOn],[ModifiedBy],[ModifiedOn],[RowStatusId],[Description])VALUES(6,'QueryParameterOfA','ElementsKey1','system\Administrator', '03-JAN-2009', 'americas\lasta','04-JAN-2009',@intRowStatus_Active,'New')
	INSERT INTO [ElementsCPSDB].[dbo].[QueryParameter]([Id],[Name],[ElementsKey],[CreatedBy],[CreatedOn],[ModifiedBy],[ModifiedOn],[RowStatusId],[Description])VALUES(8,'QueryParameterOfB','ElementsKey2','americas\lasta', '02-JAN-2009', 'americas\mukaimur','02-JAN-2009',@intRowStatus_Active,'New')
	INSERT INTO [ElementsCPSDB].[dbo].[QueryParameter]([Id],[Name],[ElementsKey],[CreatedBy],[CreatedOn],[ModifiedBy],[ModifiedOn],[RowStatusId],[Description])VALUES(9,'QueryParameterOfC','ElementsKey3','americas\mukaimur', '01-JAN-2009', 'system\DataAdmin','01-JAN-2009',@intRowStatus_Active,'New')
	INSERT INTO [ElementsCPSDB].[dbo].[QueryParameter]([Id],[Name],[ElementsKey],[CreatedBy],[CreatedOn],[ModifiedBy],[ModifiedOn],[RowStatusId],[Description])VALUES(10,'QueryParameterOfD','ElementsKey4','system\DataAdmin', '05-JAN-2009', 'americas\mukaimur','03-JAN-2009',@intRowStatus_Active,'New')
	INSERT INTO [ElementsCPSDB].[dbo].[QueryParameter]([Id],[Name],[ElementsKey],[CreatedBy],[CreatedOn],[ModifiedBy],[ModifiedOn],[RowStatusId],[Description])VALUES(11,'QueryParameterOfE','ElementsKey5','system\Administrator', '04-JAN-2009', 'system\Administrator','05-JAN-2009',@intRowStatus_Active,'New')
	INSERT INTO [ElementsCPSDB].[dbo].[QueryParameter]([Id],[Name],[ElementsKey],[CreatedBy],[CreatedOn],[ModifiedBy],[ModifiedOn],[RowStatusId],[Description])VALUES(12,'Active.QueryParameterStatus','ElementsKey6','system\Administrator', '03-JAN-2009', 'americas\lasta','04-JAN-2009',@intRowStatus_Active,'New')
	INSERT INTO [ElementsCPSDB].[dbo].[QueryParameter]([Id],[Name],[ElementsKey],[CreatedBy],[CreatedOn],[ModifiedBy],[ModifiedOn],[RowStatusId],[Description])VALUES(16,'Inactive.QueryParameterStatus','ElementsKey7','system\Administrator', '03-JAN-2009', 'americas\lasta','04-JAN-2009',@intRowStatus_Active,'New')
	INSERT INTO [ElementsCPSDB].[dbo].[QueryParameter]([Id],[Name],[ElementsKey],[CreatedBy],[CreatedOn],[ModifiedBy],[ModifiedOn],[RowStatusId],[Description])VALUES(17,'Deleted.QueryParameterStatus','ElementsKey8','system\Administrator', '03-JAN-2009', 'americas\lasta','04-JAN-2009',@intRowStatus_Active,'New')
	
	INSERT INTO [ElementsCPSDB].[dbo].[QueryParameter]([Id],[Name],[ElementsKey],[CreatedBy],[CreatedOn],[ModifiedBy],[ModifiedOn],[RowStatusId],[Description])VALUES(18,'Param1','ElementsKey18','system\Administrator', '03-JAN-2009', 'americas\lasta','04-JAN-2009',@intRowStatus_Active,'Desc18')
	INSERT INTO [ElementsCPSDB].[dbo].[QueryParameter]([Id],[Name],[ElementsKey],[CreatedBy],[CreatedOn],[ModifiedBy],[ModifiedOn],[RowStatusId],[Description])VALUES(19,'Param2','ElementsKey19','system\Administrator', '02-JAN-2009', 'americas\lasta','02-JAN-2009',@intRowStatus_Active,'Desc19')
	INSERT INTO [ElementsCPSDB].[dbo].[QueryParameter]([Id],[Name],[ElementsKey],[CreatedBy],[CreatedOn],[ModifiedBy],[ModifiedOn],[RowStatusId],[Description])VALUES(20,'Param3','ElementsKey20','system\Administrator', '03-JAN-2009', 'americas\lasta','04-JAN-2009',@intRowStatus_Active,'Desc20')
	INSERT INTO [ElementsCPSDB].[dbo].[QueryParameter]([Id],[Name],[ElementsKey],[CreatedBy],[CreatedOn],[ModifiedBy],[ModifiedOn],[RowStatusId],[Description])VALUES(21,'Param4','ElementsKey21','system\Administrator', '03-JAN-2009', 'americas\lasta','05-JAN-2009',@intRowStatus_Inactive,'Desc21')
	INSERT INTO [ElementsCPSDB].[dbo].[QueryParameter]([Id],[Name],[ElementsKey],[CreatedBy],[CreatedOn],[ModifiedBy],[ModifiedOn],[RowStatusId],[Description])VALUES(22,'Param5','ElementsKey22','system\Administrator', '02-JAN-2009', 'americas\lasta','06-JAN-2009',@intRowStatus_Deleted,'Desc22')
	SET IDENTITY_INSERT [dbo].[QueryParameter] OFF
	END	    
	

--Adding data for dbo.[QueryParameter_ConfigurationServiceGroupType]--begin
    PRINT 'Adding rows to dbo.[QueryParameter_ConfigurationServiceGroupType]'
	BEGIN
	SET IDENTITY_INSERT [dbo].[QueryParameter_ConfigurationServiceGroupType] ON
	INSERT INTO [ElementsCPSDB].[dbo].[QueryParameter_ConfigurationServiceGroupType]([Id],[Name],[CreatedBy],[CreatedOn],[ModifiedBy],[ModifiedOn],[ConfigurationServiceGroupTypeId],[QueryParameterId],[MaximumSelection],[Wildcard]) VALUES(1,'Name1','system\Administrator', '02-JAN-2009', 'americas\lasta','06-JAN-2009',9,18,0,1)
	INSERT INTO [ElementsCPSDB].[dbo].[QueryParameter_ConfigurationServiceGroupType]([Id],[Name],[CreatedBy],[CreatedOn],[ModifiedBy],[ModifiedOn],[ConfigurationServiceGroupTypeId],[QueryParameterId],[MaximumSelection],[Wildcard]) VALUES(2,'Name2','system\Administrator', '02-JAN-2009', 'americas\lasta','06-JAN-2009',9,19,0,1)
	INSERT INTO [ElementsCPSDB].[dbo].[QueryParameter_ConfigurationServiceGroupType]([Id],[Name],[CreatedBy],[CreatedOn],[ModifiedBy],[ModifiedOn],[ConfigurationServiceGroupTypeId],[QueryParameterId],[MaximumSelection],[Wildcard]) VALUES(3,'Name3','system\Administrator', '02-JAN-2009', 'americas\lasta','06-JAN-2009',9,20,0,1)
	SET IDENTITY_INSERT [dbo].[QueryParameter_ConfigurationServiceGroupType] OFF
	END
--Adding data for dbo.[QueryParameter_ConfigurationServiceGroupType]--end


--Updated by Amanda on 15th Oct 2010, added new data from id 18 to 22
	PRINT 'Adding rows to [dbo].[QueryParameterValue]'
	BEGIN
	SET IDENTITY_INSERT [dbo].[QueryParameterValue] ON
	INSERT INTO [ElementsCPSDB].[dbo].[QueryParameterValue]([Id],[Name],[CreatedBy],[CreatedOn],[ModifiedBy],[ModifiedOn],[RowStatusId],[QueryParameterId],[Description])VALUES(1,'QueryParameterValueOfA','system\Administrator', '03-JAN-2009', 'americas\lasta','04-JAN-2009',@intRowStatus_Active,6,'New')
    INSERT INTO [ElementsCPSDB].[dbo].[QueryParameterValue]([Id],[Name],[CreatedBy],[CreatedOn],[ModifiedBy],[ModifiedOn],[RowStatusId],[QueryParameterId],[Description])VALUES(2,'QueryParameterValueOfB','americas\lasta', '02-JAN-2009', 'americas\mukaimur','02-JAN-2009',@intRowStatus_Inactive,8,'New')
    INSERT INTO [ElementsCPSDB].[dbo].[QueryParameterValue]([Id],[Name],[CreatedBy],[CreatedOn],[ModifiedBy],[ModifiedOn],[RowStatusId],[QueryParameterId],[Description])VALUES(3,'QueryParameterValueOfC','americas\mukaimur', '01-JAN-2009', 'system\DataAdmin','01-JAN-2009',@intRowStatus_Deleted,9,'New')
    INSERT INTO [ElementsCPSDB].[dbo].[QueryParameterValue]([Id],[Name],[CreatedBy],[CreatedOn],[ModifiedBy],[ModifiedOn],[RowStatusId],[QueryParameterId],[Description])VALUES(4,'QueryParameterValueOfD','system\DataAdmin', '05-JAN-2009', 'americas\mukaimur','03-JAN-2009',@intRowStatus_Active,10,'New')
    INSERT INTO [ElementsCPSDB].[dbo].[QueryParameterValue]([Id],[Name],[CreatedBy],[CreatedOn],[ModifiedBy],[ModifiedOn],[RowStatusId],[QueryParameterId],[Description])VALUES(5,'QueryParameterValueOfE','system\Administrator', '04-JAN-2009', 'system\Administrator','05-JAN-2009',@intRowStatus_Inactive,11,'New')
    INSERT INTO [ElementsCPSDB].[dbo].[QueryParameterValue]([Id],[Name],[CreatedBy],[CreatedOn],[ModifiedBy],[ModifiedOn],[RowStatusId],[QueryParameterId],[Description])VALUES(6,'NewA','americas\mukaimur', '01-JAN-2009', 'system\DataAdmin','01-JAN-2009',@intRowStatus_Active,6,'New')
    INSERT INTO [ElementsCPSDB].[dbo].[QueryParameterValue]([Id],[Name],[CreatedBy],[CreatedOn],[ModifiedBy],[ModifiedOn],[RowStatusId],[QueryParameterId],[Description])VALUES(7,'NewC','system\DataAdmin', '05-JAN-2009', 'americas\mukaimur','03-JAN-2009',@intRowStatus_Active,9,'New')
    INSERT INTO [ElementsCPSDB].[dbo].[QueryParameterValue]([Id],[Name],[CreatedBy],[CreatedOn],[ModifiedBy],[ModifiedOn],[RowStatusId],[QueryParameterId],[Description])VALUES(8,'SecondNewC','system\Administrator', '04-JAN-2009', 'system\Administrator','05-JAN-2009',@intRowStatus_Active,9,'New')
    INSERT INTO [ElementsCPSDB].[dbo].[QueryParameterValue]([Id],[Name],[CreatedBy],[CreatedOn],[ModifiedBy],[ModifiedOn],[RowStatusId],[QueryParameterId],[Description])VALUES(9,'NewE','americas\mukaimur', '01-JAN-2009', 'system\DataAdmin','01-JAN-2009',@intRowStatus_Active,11,'New')
    INSERT INTO [ElementsCPSDB].[dbo].[QueryParameterValue]([Id],[Name],[CreatedBy],[CreatedOn],[ModifiedBy],[ModifiedOn],[RowStatusId],[QueryParameterId],[Description])VALUES(10,'SecondNewE','system\DataAdmin', '05-JAN-2009', 'americas\mukaimur','03-JAN-2009',@intRowStatus_Active,11,'New')
    INSERT INTO [ElementsCPSDB].[dbo].[QueryParameterValue]([Id],[Name],[CreatedBy],[CreatedOn],[ModifiedBy],[ModifiedOn],[RowStatusId],[QueryParameterId],[Description])VALUES(11,'Active.QueryParameterValueStatus','system\Administrator', '03-JAN-2009', 'americas\lasta','04-JAN-2009',@intRowStatus_Active,12,'New')
    INSERT INTO [ElementsCPSDB].[dbo].[QueryParameterValue]([Id],[Name],[CreatedBy],[CreatedOn],[ModifiedBy],[ModifiedOn],[RowStatusId],[QueryParameterId],[Description])VALUES(12,'Inactive.QueryParameterValueStatus','system\Administrator', '03-JAN-2009', 'americas\lasta','04-JAN-2009',@intRowStatus_Inactive,16,'New')
    INSERT INTO [ElementsCPSDB].[dbo].[QueryParameterValue]([Id],[Name],[CreatedBy],[CreatedOn],[ModifiedBy],[ModifiedOn],[RowStatusId],[QueryParameterId],[Description])VALUES(13,'Deleted.QueryParameterValueStatus','system\Administrator', '03-JAN-2009', 'americas\lasta','04-JAN-2009',@intRowStatus_Deleted,17,'New')
    
    INSERT INTO [ElementsCPSDB].[dbo].[QueryParameterValue]([Id],[Name],[CreatedBy],[CreatedOn],[ModifiedBy],[ModifiedOn],[RowStatusId],[QueryParameterId],[Description])VALUES(14,'TouchpointOfA','system\Administrator', '03-JAN-2009', 'americas\lasta','04-JAN-2009',@intRowStatus_Active,13,'New')
    INSERT INTO [ElementsCPSDB].[dbo].[QueryParameterValue]([Id],[Name],[CreatedBy],[CreatedOn],[ModifiedBy],[ModifiedOn],[RowStatusId],[QueryParameterId],[Description])VALUES(15,'TouchpointOfB','americas\lasta', '02-JAN-2009', 'americas\mukaimur','02-JAN-2009',@intRowStatus_Active,13,'New')    
    INSERT INTO [ElementsCPSDB].[dbo].[QueryParameterValue]([Id],[Name],[CreatedBy],[CreatedOn],[ModifiedBy],[ModifiedOn],[RowStatusId],[QueryParameterId],[Description])VALUES(16,'BrandOfA','americas\mukaimur', '01-JAN-2009', 'system\DataAdmin','01-JAN-2009',@intRowStatus_Active,15,'New')
    INSERT INTO [ElementsCPSDB].[dbo].[QueryParameterValue]([Id],[Name],[CreatedBy],[CreatedOn],[ModifiedBy],[ModifiedOn],[RowStatusId],[QueryParameterId],[Description])VALUES(17,'BrandOfB','system\DataAdmin', '05-JAN-2009', 'americas\mukaimur','03-JAN-2009',@intRowStatus_Active,15,'New')    
    INSERT INTO [ElementsCPSDB].[dbo].[QueryParameterValue]([Id],[Name],[CreatedBy],[CreatedOn],[ModifiedBy],[ModifiedOn],[RowStatusId],[QueryParameterId],[Description])VALUES(18,'LocaleOfA','system\Administrator', '04-JAN-2009', 'system\Administrator','05-JAN-2009',@intRowStatus_Active,3,'New')
    INSERT INTO [ElementsCPSDB].[dbo].[QueryParameterValue]([Id],[Name],[CreatedBy],[CreatedOn],[ModifiedBy],[ModifiedOn],[RowStatusId],[QueryParameterId],[Description])VALUES(19,'LocaleOfB','system\Administrator', '03-JAN-2009', 'americas\lasta','04-JAN-2009',@intRowStatus_Active,3,'New')    
    INSERT INTO [ElementsCPSDB].[dbo].[QueryParameterValue]([Id],[Name],[CreatedBy],[CreatedOn],[ModifiedBy],[ModifiedOn],[RowStatusId],[QueryParameterId],[Description])VALUES(20,'CycleOfA','americas\lasta', '02-JAN-2009', 'americas\mukaimur','02-JAN-2009',@intRowStatus_Active,7,'New')
    INSERT INTO [ElementsCPSDB].[dbo].[QueryParameterValue]([Id],[Name],[CreatedBy],[CreatedOn],[ModifiedBy],[ModifiedOn],[RowStatusId],[QueryParameterId],[Description])VALUES(21,'CycleOfB','americas\mukaimur', '01-JAN-2009', 'system\DataAdmin','01-JAN-2009',@intRowStatus_Active,7,'New')
    INSERT INTO [ElementsCPSDB].[dbo].[QueryParameterValue]([Id],[Name],[CreatedBy],[CreatedOn],[ModifiedBy],[ModifiedOn],[RowStatusId],[QueryParameterId],[Description])VALUES(22,'PartnerCategoryOfA','system\DataAdmin', '05-JAN-2009', 'americas\mukaimur','03-JAN-2009',@intRowStatus_Active,5,'New')
    INSERT INTO [ElementsCPSDB].[dbo].[QueryParameterValue]([Id],[Name],[CreatedBy],[CreatedOn],[ModifiedBy],[ModifiedOn],[RowStatusId],[QueryParameterId],[Description])VALUES(23,'PartnerCategoryOfB','system\Administrator', '04-JAN-2009', 'system\Administrator','05-JAN-2009',@intRowStatus_Active,5,'New')
    INSERT INTO [ElementsCPSDB].[dbo].[QueryParameterValue]([Id],[Name],[CreatedBy],[CreatedOn],[ModifiedBy],[ModifiedOn],[RowStatusId],[QueryParameterId],[Description])VALUES(24,'PlatformOfA','system\DataAdmin', '05-JAN-2009', 'americas\mukaimur','03-JAN-2009',@intRowStatus_Active,14,'New')
    INSERT INTO [ElementsCPSDB].[dbo].[QueryParameterValue]([Id],[Name],[CreatedBy],[CreatedOn],[ModifiedBy],[ModifiedOn],[RowStatusId],[QueryParameterId],[Description])VALUES(25,'PlatformOfB','system\Administrator', '04-JAN-2009', 'system\Administrator','05-JAN-2009',@intRowStatus_Active,14,'New')    
    

	INSERT INTO [ElementsCPSDB].[dbo].[QueryParameterValue]([Id],[Name],[CreatedBy],[CreatedOn],[ModifiedBy],[ModifiedOn],[RowStatusId],[QueryParameterId],[Description])VALUES(26,'value11','system\Administrator', '03-JAN-2009', 'americas\lasta','04-JAN-2009',@intRowStatus_Active,18,'Desc26')
    INSERT INTO [ElementsCPSDB].[dbo].[QueryParameterValue]([Id],[Name],[CreatedBy],[CreatedOn],[ModifiedBy],[ModifiedOn],[RowStatusId],[QueryParameterId],[Description])VALUES(27,'value12','americas\lasta', '02-JAN-2009', 'americas\mukaimur','02-JAN-2009',@intRowStatus_Inactive,18,'Desc27')
    INSERT INTO [ElementsCPSDB].[dbo].[QueryParameterValue]([Id],[Name],[CreatedBy],[CreatedOn],[ModifiedBy],[ModifiedOn],[RowStatusId],[QueryParameterId],[Description])VALUES(28,'value13','americas\mukaimur', '01-JAN-2009', 'system\DataAdmin','01-JAN-2009',@intRowStatus_Deleted,18,'Desc28')
    INSERT INTO [ElementsCPSDB].[dbo].[QueryParameterValue]([Id],[Name],[CreatedBy],[CreatedOn],[ModifiedBy],[ModifiedOn],[RowStatusId],[QueryParameterId],[Description])VALUES(29,'value2','system\DataAdmin', '05-JAN-2009', 'americas\mukaimur','03-JAN-2009',@intRowStatus_Active,19,'Desc29')
    INSERT INTO [ElementsCPSDB].[dbo].[QueryParameterValue]([Id],[Name],[CreatedBy],[CreatedOn],[ModifiedBy],[ModifiedOn],[RowStatusId],[QueryParameterId],[Description])VALUES(30,'value3','system\Administrator', '04-JAN-2009', 'system\Administrator','05-JAN-2009',@intRowStatus_Active,20,'Desc30')
	SET IDENTITY_INSERT [dbo].[QueryParameterValue] OFF
	END	      
       

--Adding data for dbo.[ConfigurationServiceGroupSelector_QueryParameterValue]--begin
    PRINT 'Adding rows to dbo.[ConfigurationServiceGroupSelector_QueryParameterValue]'
	BEGIN
	SET IDENTITY_INSERT [dbo].[ConfigurationServiceGroupSelector_QueryParameterValue] ON	
	INSERT INTO [ElementsCPSDB].[dbo].[ConfigurationServiceGroupSelector_QueryParameterValue]([Id],[CreatedBy],[CreatedOn],[ModifiedBy],[ModifiedOn],[ConfigurationServiceGroupSelectorId],[QueryParameterValueId],[Negation]) VALUES (1,'system\Administrator', '03-JAN-2009', 'americas\lasta','04-JAN-2009',1,28,0)
	INSERT INTO [ElementsCPSDB].[dbo].[ConfigurationServiceGroupSelector_QueryParameterValue]([Id],[CreatedBy],[CreatedOn],[ModifiedBy],[ModifiedOn],[ConfigurationServiceGroupSelectorId],[QueryParameterValueId],[Negation]) VALUES (2,'americas\lasta', '02-JAN-2009', 'americas\mukaimur','02-JAN-2009',1,29,0)
	INSERT INTO [ElementsCPSDB].[dbo].[ConfigurationServiceGroupSelector_QueryParameterValue]([Id],[CreatedBy],[CreatedOn],[ModifiedBy],[ModifiedOn],[ConfigurationServiceGroupSelectorId],[QueryParameterValueId],[Negation]) VALUES (3,'americas\mukaimur', '01-JAN-2009', 'system\DataAdmin','01-JAN-2009',1,30,0)
	INSERT INTO [ElementsCPSDB].[dbo].[ConfigurationServiceGroupSelector_QueryParameterValue]([Id],[CreatedBy],[CreatedOn],[ModifiedBy],[ModifiedOn],[ConfigurationServiceGroupSelectorId],[QueryParameterValueId],[Negation]) VALUES (4,'system\DataAdmin', '05-JAN-2009', 'americas\mukaimur','03-JAN-2009',2,27,0)
	INSERT INTO [ElementsCPSDB].[dbo].[ConfigurationServiceGroupSelector_QueryParameterValue]([Id],[CreatedBy],[CreatedOn],[ModifiedBy],[ModifiedOn],[ConfigurationServiceGroupSelectorId],[QueryParameterValueId],[Negation]) VALUES (5,'system\Administrator', '04-JAN-2009', 'system\Administrator','05-JAN-2009',3,30,0)
	INSERT INTO [ElementsCPSDB].[dbo].[ConfigurationServiceGroupSelector_QueryParameterValue]([Id],[CreatedBy],[CreatedOn],[ModifiedBy],[ModifiedOn],[ConfigurationServiceGroupSelectorId],[QueryParameterValueId],[Negation]) VALUES (6,'system\UserAdmin', '04-JAN-2009', 'system\UserAdmin','05-JAN-2009',4,28,1)
	INSERT INTO [ElementsCPSDB].[dbo].[ConfigurationServiceGroupSelector_QueryParameterValue]([Id],[CreatedBy],[CreatedOn],[ModifiedBy],[ModifiedOn],[ConfigurationServiceGroupSelectorId],[QueryParameterValueId],[Negation]) VALUES (7,'system\ODM', '04-JAN-2009', 'system\AccountLocked','05-JAN-2009',4,29,0)
	INSERT INTO [ElementsCPSDB].[dbo].[ConfigurationServiceGroupSelector_QueryParameterValue]([Id],[CreatedBy],[CreatedOn],[ModifiedBy],[ModifiedOn],[ConfigurationServiceGroupSelectorId],[QueryParameterValueId],[Negation]) VALUES (8,'system\AccountLocked', '04-JAN-2009', 'system\ODM','05-JAN-2009',5,30,0)
	INSERT INTO [ElementsCPSDB].[dbo].[ConfigurationServiceGroupSelector_QueryParameterValue]([Id],[CreatedBy],[CreatedOn],[ModifiedBy],[ModifiedOn],[ConfigurationServiceGroupSelectorId],[QueryParameterValueId],[Negation]) VALUES (9,'system\AccountLocked', '04-JAN-2009', 'system\ODM','05-JAN-2009',6,29,0)
	INSERT INTO [ElementsCPSDB].[dbo].[ConfigurationServiceGroupSelector_QueryParameterValue]([Id],[CreatedBy],[CreatedOn],[ModifiedBy],[ModifiedOn],[ConfigurationServiceGroupSelectorId],[QueryParameterValueId],[Negation]) VALUES (10,'system\AccountLocked', '04-JAN-2009', 'system\ODM','05-JAN-2009',7,26,0)
	INSERT INTO [ElementsCPSDB].[dbo].[ConfigurationServiceGroupSelector_QueryParameterValue]([Id],[CreatedBy],[CreatedOn],[ModifiedBy],[ModifiedOn],[ConfigurationServiceGroupSelectorId],[QueryParameterValueId],[Negation]) VALUES (11,'system\AccountLocked', '04-JAN-2009', 'system\ODM','05-JAN-2009',8,27,0)
	INSERT INTO [ElementsCPSDB].[dbo].[ConfigurationServiceGroupSelector_QueryParameterValue]([Id],[CreatedBy],[CreatedOn],[ModifiedBy],[ModifiedOn],[ConfigurationServiceGroupSelectorId],[QueryParameterValueId],[Negation]) VALUES (12,'system\AccountLocked', '04-JAN-2009', 'system\ODM','05-JAN-2009',8,29,0)
	INSERT INTO [ElementsCPSDB].[dbo].[ConfigurationServiceGroupSelector_QueryParameterValue]([Id],[CreatedBy],[CreatedOn],[ModifiedBy],[ModifiedOn],[ConfigurationServiceGroupSelectorId],[QueryParameterValueId],[Negation]) VALUES (13,'system\AccountLocked', '04-JAN-2009', 'system\ODM','05-JAN-2009',8,30,0)
	INSERT INTO [ElementsCPSDB].[dbo].[ConfigurationServiceGroupSelector_QueryParameterValue]([Id],[CreatedBy],[CreatedOn],[ModifiedBy],[ModifiedOn],[ConfigurationServiceGroupSelectorId],[QueryParameterValueId],[Negation]) VALUES (14,'system\AccountLocked', '04-JAN-2009', 'system\ODM','05-JAN-2009',9,27,1)
	INSERT INTO [ElementsCPSDB].[dbo].[ConfigurationServiceGroupSelector_QueryParameterValue]([Id],[CreatedBy],[CreatedOn],[ModifiedBy],[ModifiedOn],[ConfigurationServiceGroupSelectorId],[QueryParameterValueId],[Negation]) VALUES (15,'system\AccountLocked', '04-JAN-2009', 'system\ODM','05-JAN-2009',9,29,1)
	INSERT INTO [ElementsCPSDB].[dbo].[ConfigurationServiceGroupSelector_QueryParameterValue]([Id],[CreatedBy],[CreatedOn],[ModifiedBy],[ModifiedOn],[ConfigurationServiceGroupSelectorId],[QueryParameterValueId],[Negation]) VALUES (16,'system\AccountLocked', '04-JAN-2009', 'system\ODM','05-JAN-2009',10,28,1)
	SET IDENTITY_INSERT [dbo].[ConfigurationServiceGroupSelector_QueryParameterValue] OFF
	END
--Adding data for dbo.[ConfigurationServiceGroupSelector_QueryParameterValue]--end


  
	PRINT 'Adding rows to [dbo].[ProxyURLStatus]'
	BEGIN
	SET IDENTITY_INSERT [dbo].[ProxyURLStatus] ON
	INSERT INTO [dbo].[ProxyURLStatus] ([Id], [Name], [CreatedBy], [CreatedOn], [ModifiedBy], [ModifiedOn], [RowStatusId]) VALUES (1, N'Modified', @strDefaultValue_CreatedBy, getdate(), @strDefaultValue_ModifiedBy, getdate(), @intRowStatus_Active)
	INSERT INTO [dbo].[ProxyURLStatus] ([Id], [Name], [CreatedBy], [CreatedOn], [ModifiedBy], [ModifiedOn], [RowStatusId]) VALUES (2, N'Ready For Validation', @strDefaultValue_CreatedBy, getdate(), @strDefaultValue_ModifiedBy, getdate(), @intRowStatus_Active)
	INSERT INTO [dbo].[ProxyURLStatus] ([Id], [Name], [CreatedBy], [CreatedOn], [ModifiedBy], [ModifiedOn], [RowStatusId]) VALUES (3, N'Validated', @strDefaultValue_CreatedBy, getdate(), @strDefaultValue_ModifiedBy, getdate(), @intRowStatus_Active)
	INSERT INTO [dbo].[ProxyURLStatus] ([Id], [Name], [CreatedBy], [CreatedOn], [ModifiedBy], [ModifiedOn], [RowStatusId]) VALUES (4, N'Published', @strDefaultValue_CreatedBy, getdate(), @strDefaultValue_ModifiedBy, getdate(), @intRowStatus_Active)
	INSERT INTO [dbo].[ProxyURLStatus] ([Id], [Name], [CreatedBy], [CreatedOn], [ModifiedBy], [ModifiedOn], [RowStatusId]) VALUES (5, N'Published (Production Only)', @strDefaultValue_CreatedBy, getdate(), @strDefaultValue_ModifiedBy, getdate(), @intRowStatus_Active)
	INSERT INTO [dbo].[ProxyURLStatus] ([Id], [Name], [CreatedBy], [CreatedOn], [ModifiedBy], [ModifiedOn], [RowStatusId]) VALUES (6, N'Cancelled', @strDefaultValue_CreatedBy, getdate(), @strDefaultValue_ModifiedBy, getdate(), @intRowStatus_Active)
	INSERT INTO [dbo].[ProxyURLStatus] ([Id], [Name], [CreatedBy], [CreatedOn], [ModifiedBy], [ModifiedOn], [RowStatusId]) VALUES (7, N'Abandoned', @strDefaultValue_CreatedBy, getdate(), @strDefaultValue_ModifiedBy, getdate(), @intRowStatus_Active)
	SET IDENTITY_INSERT [dbo].[ProxyURLStatus] OFF
	END

	PRINT 'Adding rows to [dbo].[ProxyURL]'
	BEGIN
	SET IDENTITY_INSERT [dbo].[ProxyURL] ON
	INSERT INTO [ElementsCPSDB].[dbo].[ProxyURL]([Id],[CreatedBy],[CreatedOn],[ModifiedBy],[ModifiedOn],[RowStatusId],[Description],[ProxyURLStatusId],[ProxyURLTypeId],[OwnerId],[URL],[ProductionId],[ValidationId])VALUES(1,'system\Administrator', '03-JAN-2009', 'americas\lasta','04-JAN-2009',@intRowStatus_Active,'ProxyURLOfA',1,1,1,'http://ProxyURLOfA.com',null,null)
    INSERT INTO [ElementsCPSDB].[dbo].[ProxyURL]([Id],[CreatedBy],[CreatedOn],[ModifiedBy],[ModifiedOn],[RowStatusId],[Description],[ProxyURLStatusId],[ProxyURLTypeId],[OwnerId],[URL],[ProductionId],[ValidationId])VALUES(2,'americas\lasta', '02-JAN-2009', 'americas\mukaimur','02-JAN-2009',@intRowStatus_Inactive,'ProxyURLOfB',2,2,2,'http://ProxyURLOfB.com',null,null)
    INSERT INTO [ElementsCPSDB].[dbo].[ProxyURL]([Id],[CreatedBy],[CreatedOn],[ModifiedBy],[ModifiedOn],[RowStatusId],[Description],[ProxyURLStatusId],[ProxyURLTypeId],[OwnerId],[URL],[ProductionId],[ValidationId])VALUES(3,'americas\mukaimur', '01-JAN-2009', 'system\DataAdmin','01-JAN-2009',@intRowStatus_Active,'ProxyURLOfC',3,1,3,'http://ProxyURLOfC.com',null,1)
    INSERT INTO [ElementsCPSDB].[dbo].[ProxyURL]([Id],[CreatedBy],[CreatedOn],[ModifiedBy],[ModifiedOn],[RowStatusId],[Description],[ProxyURLStatusId],[ProxyURLTypeId],[OwnerId],[URL],[ProductionId],[ValidationId])VALUES(4,'system\DataAdmin', '05-JAN-2009', 'americas\mukaimur','03-JAN-2009',@intRowStatus_Active,'ProxyURLOfD',4,4,4,'http://ProxyURLOfD.com',2,3)
    INSERT INTO [ElementsCPSDB].[dbo].[ProxyURL]([Id],[CreatedBy],[CreatedOn],[ModifiedBy],[ModifiedOn],[RowStatusId],[Description],[ProxyURLStatusId],[ProxyURLTypeId],[OwnerId],[URL],[ProductionId],[ValidationId])VALUES(5,'system\Administrator', '04-JAN-2009', 'system\Administrator','05-JAN-2009',@intRowStatus_Inactive,'ProxyURLOfE',6,1,5,'http://ProxyURLOfE.com',null,4)
    INSERT INTO [ElementsCPSDB].[dbo].[ProxyURL]([Id],[CreatedBy],[CreatedOn],[ModifiedBy],[ModifiedOn],[RowStatusId],[Description],[ProxyURLStatusId],[ProxyURLTypeId],[OwnerId],[URL],[ProductionId],[ValidationId])VALUES(6,'system\DataAdmin', '05-JAN-2009', 'americas\mukaimur','03-JAN-2009',@intRowStatus_Active,'ProxyURLOfF',2,1,2,'http://ProxyURLOfF.com',null,null)
    INSERT INTO [ElementsCPSDB].[dbo].[ProxyURL]([Id],[CreatedBy],[CreatedOn],[ModifiedBy],[ModifiedOn],[RowStatusId],[Description],[ProxyURLStatusId],[ProxyURLTypeId],[OwnerId],[URL],[ProductionId],[ValidationId])VALUES(7,'system\Administrator', '04-JAN-2009', 'system\Administrator','05-JAN-2009',@intRowStatus_Active,'ProxyURLOfG',4,4,4,'http://ProxyURLOfG.com',5,6)
    INSERT INTO [ElementsCPSDB].[dbo].[ProxyURL]([Id],[CreatedBy],[CreatedOn],[ModifiedBy],[ModifiedOn],[RowStatusId],[Description],[ProxyURLStatusId],[ProxyURLTypeId],[OwnerId],[URL],[ProductionId],[ValidationId])VALUES(8,'system\Administrator', '04-JAN-2009', 'system\Administrator','05-JAN-2009',@intRowStatus_Active,'ProxyURLOfH',1,1,1,'http://ProxyURLOfH.com',null,null)
    INSERT INTO [ElementsCPSDB].[dbo].[ProxyURL]([Id],[CreatedBy],[CreatedOn],[ModifiedBy],[ModifiedOn],[RowStatusId],[Description],[ProxyURLStatusId],[ProxyURLTypeId],[OwnerId],[URL],[ProductionId],[ValidationId])VALUES(9,'system\Administrator', '04-JAN-2009', 'system\Administrator','05-JAN-2009',@intRowStatus_Active,'ProxyURLOfI',3,2,3,'http://ProxyURLOfI.com',null,3)
    SET IDENTITY_INSERT [dbo].[ProxyURL] OFF
	END   
	
	PRINT 'Adding rows to [dbo].[QueryParameter_ProxyURLType]'
	BEGIN
	INSERT INTO [ElementsCPSDB].[dbo].[QueryParameter_ProxyURLType]([Name],[ProxyURLTypeId],[QueryParameterId],[CreatedBy],[CreatedOn],[ModifiedBy],[ModifiedOn])VALUES('Name1',1,13,'system\Administrator', '03-JAN-2009', 'americas\lasta','04-JAN-2009')
    INSERT INTO [ElementsCPSDB].[dbo].[QueryParameter_ProxyURLType]([Name],[ProxyURLTypeId],[QueryParameterId],[CreatedBy],[CreatedOn],[ModifiedBy],[ModifiedOn])VALUES('Name2',4,7,'americas\lasta', '02-JAN-2009', 'americas\mukaimur','02-JAN-2009')
    INSERT INTO [ElementsCPSDB].[dbo].[QueryParameter_ProxyURLType]([Name],[ProxyURLTypeId],[QueryParameterId],[CreatedBy],[CreatedOn],[ModifiedBy],[ModifiedOn])VALUES('Name3',1,3,'americas\mukaimur', '01-JAN-2009', 'system\DataAdmin','01-JAN-2009')
    INSERT INTO [ElementsCPSDB].[dbo].[QueryParameter_ProxyURLType]([Name],[ProxyURLTypeId],[QueryParameterId],[CreatedBy],[CreatedOn],[ModifiedBy],[ModifiedOn])VALUES('Name4',4,15,'system\DataAdmin', '05-JAN-2009', 'americas\mukaimur','03-JAN-2009')
    INSERT INTO [ElementsCPSDB].[dbo].[QueryParameter_ProxyURLType]([Name],[ProxyURLTypeId],[QueryParameterId],[CreatedBy],[CreatedOn],[ModifiedBy],[ModifiedOn])VALUES('Name5',1,14,'system\Administrator', '04-JAN-2009', 'system\Administrator','05-JAN-2009')
    INSERT INTO [ElementsCPSDB].[dbo].[QueryParameter_ProxyURLType]([Name],[ProxyURLTypeId],[QueryParameterId],[CreatedBy],[CreatedOn],[ModifiedBy],[ModifiedOn])VALUES('Name6',4,5,'system\Administrator', '04-JAN-2009', 'system\Administrator','05-JAN-2009')
    END   
	
	PRINT 'Adding rows to [dbo].[ProxyURL_QueryParameterValue]'
	BEGIN
	SET IDENTITY_INSERT [dbo].[ProxyURL_QueryParameterValue] ON
	INSERT INTO [ElementsCPSDB].[dbo].[ProxyURL_QueryParameterValue]([Id],[CreatedBy],[CreatedOn],[ModifiedBy],[ModifiedOn],[ProxyURLId],[QueryParameterValueId])VALUES(1,'system\Administrator', '03-JAN-2009', 'americas\lasta','04-JAN-2009',1,14)
    INSERT INTO [ElementsCPSDB].[dbo].[ProxyURL_QueryParameterValue]([Id],[CreatedBy],[CreatedOn],[ModifiedBy],[ModifiedOn],[ProxyURLId],[QueryParameterValueId])VALUES(2,'americas\lasta', '02-JAN-2009', 'americas\mukaimur','02-JAN-2009',1,18)
    INSERT INTO [ElementsCPSDB].[dbo].[ProxyURL_QueryParameterValue]([Id],[CreatedBy],[CreatedOn],[ModifiedBy],[ModifiedOn],[ProxyURLId],[QueryParameterValueId])VALUES(3,'americas\mukaimur', '01-JAN-2009', 'system\DataAdmin','01-JAN-2009',1,24)
    INSERT INTO [ElementsCPSDB].[dbo].[ProxyURL_QueryParameterValue]([Id],[CreatedBy],[CreatedOn],[ModifiedBy],[ModifiedOn],[ProxyURLId],[QueryParameterValueId])VALUES(4,'system\DataAdmin', '05-JAN-2009', 'americas\mukaimur','03-JAN-2009',4,17)
    INSERT INTO [ElementsCPSDB].[dbo].[ProxyURL_QueryParameterValue]([Id],[CreatedBy],[CreatedOn],[ModifiedBy],[ModifiedOn],[ProxyURLId],[QueryParameterValueId])VALUES(5,'system\Administrator', '04-JAN-2009', 'system\Administrator','05-JAN-2009',4,20)   
	INSERT INTO [ElementsCPSDB].[dbo].[ProxyURL_QueryParameterValue]([Id],[CreatedBy],[CreatedOn],[ModifiedBy],[ModifiedOn],[ProxyURLId],[QueryParameterValueId])VALUES(6,'system\Administrator', '03-JAN-2009', 'americas\lasta','04-JAN-2009',3,15)
    INSERT INTO [ElementsCPSDB].[dbo].[ProxyURL_QueryParameterValue]([Id],[CreatedBy],[CreatedOn],[ModifiedBy],[ModifiedOn],[ProxyURLId],[QueryParameterValueId])VALUES(7,'americas\lasta', '02-JAN-2009', 'americas\mukaimur','02-JAN-2009',3,18)
    INSERT INTO [ElementsCPSDB].[dbo].[ProxyURL_QueryParameterValue]([Id],[CreatedBy],[CreatedOn],[ModifiedBy],[ModifiedOn],[ProxyURLId],[QueryParameterValueId])VALUES(8,'americas\mukaimur', '01-JAN-2009', 'system\DataAdmin','01-JAN-2009',3,24)
	INSERT INTO [ElementsCPSDB].[dbo].[ProxyURL_QueryParameterValue]([Id],[CreatedBy],[CreatedOn],[ModifiedBy],[ModifiedOn],[ProxyURLId],[QueryParameterValueId])VALUES(9,'system\Administrator', '03-JAN-2009', 'americas\lasta','04-JAN-2009',6,15)
    INSERT INTO [ElementsCPSDB].[dbo].[ProxyURL_QueryParameterValue]([Id],[CreatedBy],[CreatedOn],[ModifiedBy],[ModifiedOn],[ProxyURLId],[QueryParameterValueId])VALUES(10,'americas\lasta', '02-JAN-2009', 'americas\mukaimur','02-JAN-2009',6,18)
    INSERT INTO [ElementsCPSDB].[dbo].[ProxyURL_QueryParameterValue]([Id],[CreatedBy],[CreatedOn],[ModifiedBy],[ModifiedOn],[ProxyURLId],[QueryParameterValueId])VALUES(11,'americas\mukaimur', '01-JAN-2009', 'system\DataAdmin','01-JAN-2009',6,24) --INSERT INTO [ElementsCPSDB].[dbo].[ProxyURL_QueryParameterValue]([Id],[CreatedBy],[CreatedOn],[ModifiedBy],[ModifiedOn],[ProxyURLId],[QueryParameterValueId])VALUES(6,'system\Administrator', '03-JAN-2009', 'americas\lasta','04-JAN-2009',1,15)
    INSERT INTO [ElementsCPSDB].[dbo].[ProxyURL_QueryParameterValue]([Id],[CreatedBy],[CreatedOn],[ModifiedBy],[ModifiedOn],[ProxyURLId],[QueryParameterValueId])VALUES(12,'americas\lasta', '02-JAN-2009', 'americas\mukaimur','02-JAN-2009',7,17)
    INSERT INTO [ElementsCPSDB].[dbo].[ProxyURL_QueryParameterValue]([Id],[CreatedBy],[CreatedOn],[ModifiedBy],[ModifiedOn],[ProxyURLId],[QueryParameterValueId])VALUES(13,'americas\mukaimur', '01-JAN-2009', 'system\DataAdmin','01-JAN-2009',7,21) --INSERT INTO [ElementsCPSDB].[dbo].[ProxyURL_QueryParameterValue]([Id],[CreatedBy],[CreatedOn],[ModifiedBy],[ModifiedOn],[ProxyURLId],[QueryParameterValueId])VALUES(6,'system\Administrator', '03-JAN-2009', 'americas\lasta','04-JAN-2009',1,15)
    INSERT INTO [ElementsCPSDB].[dbo].[ProxyURL_QueryParameterValue]([Id],[CreatedBy],[CreatedOn],[ModifiedBy],[ModifiedOn],[ProxyURLId],[QueryParameterValueId])VALUES(14,'system\Administrator', '03-JAN-2009', 'americas\lasta','04-JAN-2009',8,14)
    INSERT INTO [ElementsCPSDB].[dbo].[ProxyURL_QueryParameterValue]([Id],[CreatedBy],[CreatedOn],[ModifiedBy],[ModifiedOn],[ProxyURLId],[QueryParameterValueId])VALUES(15,'americas\lasta', '02-JAN-2009', 'americas\mukaimur','02-JAN-2009',8,18)
    INSERT INTO [ElementsCPSDB].[dbo].[ProxyURL_QueryParameterValue]([Id],[CreatedBy],[CreatedOn],[ModifiedBy],[ModifiedOn],[ProxyURLId],[QueryParameterValueId])VALUES(16,'americas\mukaimur', '01-JAN-2009', 'system\DataAdmin','01-JAN-2009',8,25)--INSERT INTO [ElementsCPSDB].[dbo].[ProxyURL_QueryParameterValue]([Id],[CreatedBy],[CreatedOn],[ModifiedBy],[ModifiedOn],[ProxyURLId],[QueryParameterValueId])VALUES(7,'americas\lasta', '02-JAN-2009', 'americas\mukaimur','02-JAN-2009',1,19)
    INSERT INTO [ElementsCPSDB].[dbo].[ProxyURL_QueryParameterValue]([Id],[CreatedBy],[CreatedOn],[ModifiedBy],[ModifiedOn],[ProxyURLId],[QueryParameterValueId])VALUES(17,'americas\mukaimur', '01-JAN-2009', 'system\DataAdmin','01-JAN-2009',9,16)
    INSERT INTO [ElementsCPSDB].[dbo].[ProxyURL_QueryParameterValue]([Id],[CreatedBy],[CreatedOn],[ModifiedBy],[ModifiedOn],[ProxyURLId],[QueryParameterValueId])VALUES(18,'system\DataAdmin', '05-JAN-2009', 'americas\mukaimur','03-JAN-2009',9,20)
	INSERT INTO [ElementsCPSDB].[dbo].[ProxyURL_QueryParameterValue]([Id],[CreatedBy],[CreatedOn],[ModifiedBy],[ModifiedOn],[ProxyURLId],[QueryParameterValueId])VALUES(19,'americas\mukaimur', '01-JAN-2009', 'system\DataAdmin','01-JAN-2009',9,22)
	INSERT INTO [ElementsCPSDB].[dbo].[ProxyURL_QueryParameterValue]([Id],[CreatedBy],[CreatedOn],[ModifiedBy],[ModifiedOn],[ProxyURLId],[QueryParameterValueId])VALUES(20,'americas\mukaimur', '01-JAN-2009', 'system\DataAdmin','01-JAN-2009',4,22)
	INSERT INTO [ElementsCPSDB].[dbo].[ProxyURL_QueryParameterValue]([Id],[CreatedBy],[CreatedOn],[ModifiedBy],[ModifiedOn],[ProxyURLId],[QueryParameterValueId])VALUES(21,'americas\mukaimur', '01-JAN-2009', 'system\DataAdmin','01-JAN-2009',7,22)
	SET IDENTITY_INSERT [dbo].[ProxyURL_QueryParameterValue] OFF
	END  	
	
	PRINT 'Adding rows to [dbo].[Tag]'
	BEGIN
	SET IDENTITY_INSERT [dbo].[Tag] ON
	INSERT INTO [ElementsCPSDB].[dbo].[Tag]([Id],[Name],[CreatedBy],[CreatedOn],[ModifiedBy],[ModifiedOn],[RowStatusId])VALUES(1,'TagOfA','system\Administrator', '03-JAN-2009', 'americas\lasta','04-JAN-2009',1)
    INSERT INTO [ElementsCPSDB].[dbo].[Tag]([Id],[Name],[CreatedBy],[CreatedOn],[ModifiedBy],[ModifiedOn],[RowStatusId])VALUES(2,'TagOfB','americas\lasta', '02-JAN-2009', 'americas\mukaimur','02-JAN-2009',1)
    INSERT INTO [ElementsCPSDB].[dbo].[Tag]([Id],[Name],[CreatedBy],[CreatedOn],[ModifiedBy],[ModifiedOn],[RowStatusId])VALUES(3,'TagOfC','americas\mukaimur', '01-JAN-2009', 'system\DataAdmin','01-JAN-2009',1)
    INSERT INTO [ElementsCPSDB].[dbo].[Tag]([Id],[Name],[CreatedBy],[CreatedOn],[ModifiedBy],[ModifiedOn],[RowStatusId])VALUES(4,'TagOfD','system\DataAdmin', '05-JAN-2009', 'americas\mukaimur','03-JAN-2009',1)
    INSERT INTO [ElementsCPSDB].[dbo].[Tag]([Id],[Name],[CreatedBy],[CreatedOn],[ModifiedBy],[ModifiedOn],[RowStatusId])VALUES(5,'TagOfE','system\DataAdmin', '05-JAN-2009', 'americas\mukaimur','03-JAN-2009',1)
    SET IDENTITY_INSERT [dbo].[Tag] OFF
	END
	
	PRINT 'Adding rows to [dbo].[ProxyURL_Tag]'
	BEGIN
	INSERT INTO [ElementsCPSDB].[dbo].[ProxyURL_Tag]([ProxyURLId],[TagId],[CreatedBy],[CreatedOn],[ModifiedBy],[ModifiedOn])VALUES(1,1,'system\Administrator', '03-JAN-2009', 'americas\lasta','04-JAN-2009')
    INSERT INTO [ElementsCPSDB].[dbo].[ProxyURL_Tag]([ProxyURLId],[TagId],[CreatedBy],[CreatedOn],[ModifiedBy],[ModifiedOn])VALUES(4,2,'americas\lasta', '02-JAN-2009', 'americas\mukaimur','02-JAN-2009')
    INSERT INTO [ElementsCPSDB].[dbo].[ProxyURL_Tag]([ProxyURLId],[TagId],[CreatedBy],[CreatedOn],[ModifiedBy],[ModifiedOn])VALUES(1,3,'americas\mukaimur', '01-JAN-2009', 'system\DataAdmin','01-JAN-2009')
    INSERT INTO [ElementsCPSDB].[dbo].[ProxyURL_Tag]([ProxyURLId],[TagId],[CreatedBy],[CreatedOn],[ModifiedBy],[ModifiedOn])VALUES(4,4,'system\DataAdmin', '05-JAN-2009', 'americas\mukaimur','03-JAN-2009')
    INSERT INTO [ElementsCPSDB].[dbo].[ProxyURL_Tag]([ProxyURLId],[TagId],[CreatedBy],[CreatedOn],[ModifiedBy],[ModifiedOn])VALUES(1,5,'system\DataAdmin', '05-JAN-2009', 'americas\mukaimur','03-JAN-2009')
    INSERT INTO [ElementsCPSDB].[dbo].[ProxyURL_Tag]([ProxyURLId],[TagId],[CreatedBy],[CreatedOn],[ModifiedBy],[ModifiedOn])VALUES(1,4,'system\DataAdmin', '05-JAN-2009', 'americas\mukaimur','03-JAN-2009')
    END   
	PRINT 'Finished loading "Test" DB data'
	COMMIT TRANSACTION
END TRY
BEGIN CATCH
	---Capture the details of the original error
	DECLARE @ErrMsg nvarchar(4000), @ErrSeverity int
	SELECT	@ErrMsg = ERROR_MESSAGE(),
			@ErrSeverity = ERROR_SEVERITY()

	PRINT 'Error occurred while loading "Test" DB data'
	ROLLBACK TRANSACTION

	---Raise an error with the details of the original error
	RAISERROR(@ErrMsg, @ErrSeverity, 1)
END CATCH
GO

--- Reseed identities for each table
/*

	Note: Not sure we need to reset identities.

BEGIN
	PRINT 'Reseeding Identities'
	EXEC sp_MSForEachTable ' 
		IF OBJECTPROPERTY(object_id(''?''), ''TableHasIdentity'') = 1 
			BEGIN
				--DECLARE @highestId int
				--DECLARE @newSeed int
				--SET @highestId = (SELECT MAX([Id]) FROM ?);
				--SET @newSeed = (SELECT 1+ISNULL(@highestId, 0));
				--PRINT N''Reseeding ''''?'''' Identity to '' + CONVERT(NVARCHAR(20), @newSeed)
				--DBCC CHECKIDENT (''?'', RESEED, @newSeed) 
				PRINT N''Reseeding ''''?'''' Identity''
				DBCC CHECKIDENT (''?'', RESEED)
			END
	' 
END
*/

GO
