-- =============================================
-- Author:	Robert Mukai
-- Author:	Justin Webster
-- Create date:	2008/07/01
-- Description:	Loads (i.e. inserts) a set of data that is representative of the "real" data in the production system.
-- Note:	Adapted from a script generated by Red Gat SQL Compare.
-- Note:	This script assumes that the "ElementsCPSDB.Setup.Data.TestData.001.BootstrapData.sql" script has already been executed.
-- Warning:	This script (as currently implemented) may reseed Identity columns in tables that are not otherwise modified by the script.
-- =============================================

SET NUMERIC_ROUNDABORT OFF
GO
SET XACT_ABORT, ANSI_PADDING, ANSI_WARNINGS, CONCAT_NULL_YIELDS_NULL, ARITHABORT, QUOTED_IDENTIFIER, ANSI_NULLS, NOCOUNT ON
GO

BEGIN TRY
BEGIN TRANSACTION

PRINT 'Loading "Representative" DB data'

DECLARE @strDefaultValue_CreatedBy NVARCHAR(50);
DECLARE @strDefaultValue_ModifiedBy NVARCHAR(50);
DECLARE @intRowStatus_Active int;
DECLARE @intRowStatus_Inactive int;
DECLARE @intRowStatus_Deleted int;
DECLARE @intRole_Administrator int;
DECLARE @intRole_DataAdmin int;
DECLARE @intRole_UserAdmin int;
DECLARE @intRole_OfferViewer int;
DECLARE @intRole_OfferEditor int;
DECLARE @intRole_OfferValidator int;
DECLARE @intRole_OfferCoordinator int;
DECLARE @intRole_AccountLocked int;
DECLARE @intStatus_Modified int;
DECLARE @intStatus_ReadyForValidation int;
DECLARE @intStatus_Validated int;
DECLARE @intStatus_Published int;
DECLARE @intStatus_Expired int;
DECLARE @intStatus_Cancelled int;
DECLARE @intStatus_Abandoned int;
DECLARE @intParamId int;

SET @strDefaultValue_CreatedBy = N'system\system';
SET @strDefaultValue_ModifiedBy = @strDefaultValue_CreatedBy;
SET @intRowStatus_Active = 1;
SET @intRowStatus_Inactive = 2;
SET @intRowStatus_Deleted = 3;
SET @intRole_Administrator = 1;
SET @intRole_DataAdmin = 2;
SET @intRole_UserAdmin = 3;
SET @intRole_OfferViewer = 4;
SET @intRole_OfferEditor = 5;
SET @intRole_OfferValidator = 6;
SET @intRole_OfferCoordinator = 7;
SET @intRole_AccountLocked = 8;
SET @intStatus_Modified = 1;
SET @intStatus_ReadyForValidation = 2;
SET @intStatus_Validated = 3;
SET @intStatus_Published = 4;
SET @intStatus_Expired = 4;
SET @intStatus_Cancelled = 5;
SET @intStatus_Abandoned = 6;

PRINT 'Adding rows to [dbo].[ProxyURLDomain]'
BEGIN
SET IDENTITY_INSERT [dbo].[ProxyURLDomain] ON
INSERT INTO [ElementsCPSDB].[dbo].[ProxyURLDomain]([Id],[Name],[CreatedBy],[CreatedOn],[ModifiedBy],[ModifiedOn],[RowStatusId],[Description],[ValidationDomain],[ProductionDomain]) VALUES(1,'redirect.hp.com',@strDefaultValue_CreatedBy, getdate(), @strDefaultValue_ModifiedBy,getdate(),@intRowStatus_Active, 'New', 'vtest.redirect.hp.com', 'ptest.redirect.hp.com')
INSERT INTO [ElementsCPSDB].[dbo].[ProxyURLDomain]([Id],[Name],[CreatedBy],[CreatedOn],[ModifiedBy],[ModifiedOn],[RowStatusId],[Description],[ValidationDomain],[ProductionDomain]) VALUES(2,'ie.redirect.hp.com',@strDefaultValue_CreatedBy, getdate(), @strDefaultValue_ModifiedBy,getdate(),@intRowStatus_Active, 'New', 'vtest.redirect.hp.com', 'ptest.redirect.hp.com')
SET IDENTITY_INSERT [dbo].[ProxyURLDomain] OFF
END

PRINT 'Adding rows to [dbo].[ProxyURLGroupType]'
BEGIN
SET IDENTITY_INSERT [dbo].[ProxyURLGroupType] ON
INSERT INTO [ElementsCPSDB].[dbo].[ProxyURLGroupType]([Id],[Name],[CreatedBy],[CreatedOn],[ModifiedBy],[ModifiedOn],[RowStatusId],[Description]) VALUES(1,'redirect.hp.passthrou.new',@strDefaultValue_CreatedBy, getdate(), @strDefaultValue_ModifiedBy,getdate(),@intRowStatus_Active, 'New')
INSERT INTO [ElementsCPSDB].[dbo].[ProxyURLGroupType]([Id],[Name],[CreatedBy],[CreatedOn],[ModifiedBy],[ModifiedOn],[RowStatusId],[Description]) VALUES(2,'redirect.hp.default.new',@strDefaultValue_CreatedBy, getdate(), @strDefaultValue_ModifiedBy,getdate(),@intRowStatus_Active, 'New')
INSERT INTO [ElementsCPSDB].[dbo].[ProxyURLGroupType]([Id],[Name],[CreatedBy],[CreatedOn],[ModifiedBy],[ModifiedOn],[RowStatusId],[Description]) VALUES(3,'redirect.hp.simple.new',@strDefaultValue_CreatedBy, getdate(), @strDefaultValue_ModifiedBy,getdate(),@intRowStatus_Active, 'New')
SET IDENTITY_INSERT [dbo].[ProxyURLGroupType] OFF
END

PRINT 'Adding rows to [dbo].[ProxyURLType]'
BEGIN
SET IDENTITY_INSERT [dbo].[ProxyURLType] ON
INSERT INTO [ElementsCPSDB].[dbo].[ProxyURLType]([Id],[Name],[CreatedBy],[CreatedOn],[ModifiedBy],[ModifiedOn],[RowStatusId],[ProxyURLDomainId],[ProxyURLGroupTypeId],[Description],[ElementsKey])VALUES(1,'Simple Redirect URLs',@strDefaultValue_CreatedBy, getdate(), @strDefaultValue_ModifiedBy,getdate(),@intRowStatus_Active, 1, 3,'New',6)
INSERT INTO [ElementsCPSDB].[dbo].[ProxyURLType]([Id],[Name],[CreatedBy],[CreatedOn],[ModifiedBy],[ModifiedOn],[RowStatusId],[ProxyURLDomainId],[ProxyURLGroupTypeId],[Description],[ElementsKey])VALUES(2,'All Other Redirect URLs',@strDefaultValue_CreatedBy, getdate(), @strDefaultValue_ModifiedBy,getdate(),@intRowStatus_Active, 1, 1, 'New',4)
INSERT INTO [ElementsCPSDB].[dbo].[ProxyURLType]([Id],[Name],[CreatedBy],[CreatedOn],[ModifiedBy],[ModifiedOn],[RowStatusId],[ProxyURLDomainId],[ProxyURLGroupTypeId],[Description],[ElementsKey])VALUES(3,'Default Redirect URLs',@strDefaultValue_CreatedBy, getdate(), @strDefaultValue_ModifiedBy,getdate(),@intRowStatus_Active, 2, 2, 'New',3)
--INSERT INTO [ElementsCPSDB].[dbo].[ProxyURLType]([Id],[Name],[CreatedBy],[CreatedOn],[ModifiedBy],[ModifiedOn],[RowStatusId],[ProxyURLDomainId],[Description])VALUES(4,'Presario Keyboard URL',@strDefaultValue_CreatedBy, getdate(), @strDefaultValue_ModifiedBy,getdate(),@intRowStatus_Active, 2, 2, 'New')
--INSERT INTO [ElementsCPSDB].[dbo].[ProxyURLType]([Id],[Name],[CreatedBy],[CreatedOn],[ModifiedBy],[ModifiedOn],[RowStatusId],[ProxyURLDomainId],[Description])VALUES(5,'Pavilion Keyboard URL',@strDefaultValue_CreatedBy, getdate(), @strDefaultValue_ModifiedBy,getdate(),@intRowStatus_Active, 2, 2, 'New')
SET IDENTITY_INSERT [dbo].[ProxyURLType] OFF
END	

PRINT 'Adding rows to [dbo].[ProxyURLStatus]'
BEGIN
SET IDENTITY_INSERT [dbo].[ProxyURLStatus] ON
INSERT INTO [ElementsCPSDB].[dbo].[ProxyURLStatus]([Id],[Name],[CreatedBy],[CreatedOn],[ModifiedBy],[ModifiedOn],[RowStatusId],[Description])VALUES (1,'Modified',@strDefaultValue_CreatedBy, getdate(), @strDefaultValue_ModifiedBy,getdate(),@intRowStatus_Active, 'Modified State')
INSERT INTO [ElementsCPSDB].[dbo].[ProxyURLStatus]([Id],[Name],[CreatedBy],[CreatedOn],[ModifiedBy],[ModifiedOn],[RowStatusId],[Description])VALUES (2,'ReadyForValidation',@strDefaultValue_CreatedBy, getdate(), @strDefaultValue_ModifiedBy,getdate(),@intRowStatus_Active, 'Ready For Validation State')
INSERT INTO [ElementsCPSDB].[dbo].[ProxyURLStatus]([Id],[Name],[CreatedBy],[CreatedOn],[ModifiedBy],[ModifiedOn],[RowStatusId],[Description])VALUES (3,'Validated',@strDefaultValue_CreatedBy, getdate(), @strDefaultValue_ModifiedBy,getdate(),@intRowStatus_Active, 'Validated State')
INSERT INTO [ElementsCPSDB].[dbo].[ProxyURLStatus]([Id],[Name],[CreatedBy],[CreatedOn],[ModifiedBy],[ModifiedOn],[RowStatusId],[Description])VALUES (4,'Published',@strDefaultValue_CreatedBy, getdate(), @strDefaultValue_ModifiedBy,getdate(),@intRowStatus_Active, 'Published State')
INSERT INTO [ElementsCPSDB].[dbo].[ProxyURLStatus]([Id],[Name],[CreatedBy],[CreatedOn],[ModifiedBy],[ModifiedOn],[RowStatusId],[Description])VALUES (5,'Published (Production Only)',@strDefaultValue_CreatedBy, getdate(), @strDefaultValue_ModifiedBy,getdate(),@intRowStatus_Active, 'Published (Production Only) State')
INSERT INTO [ElementsCPSDB].[dbo].[ProxyURLStatus]([Id],[Name],[CreatedBy],[CreatedOn],[ModifiedBy],[ModifiedOn],[RowStatusId],[Description])VALUES (6,'Cancelled',@strDefaultValue_CreatedBy, getdate(), @strDefaultValue_ModifiedBy,getdate(),@intRowStatus_Active, 'Cancelled State')
INSERT INTO [ElementsCPSDB].[dbo].[ProxyURLStatus]([Id],[Name],[CreatedBy],[CreatedOn],[ModifiedBy],[ModifiedOn],[RowStatusId],[Description])VALUES (7,'Abandoned',@strDefaultValue_CreatedBy, getdate(), @strDefaultValue_ModifiedBy,getdate(),@intRowStatus_Active, 'Abandoned State')
INSERT INTO [ElementsCPSDB].[dbo].[ProxyURLStatus]([Id],[Name],[CreatedBy],[CreatedOn],[ModifiedBy],[ModifiedOn],[RowStatusId],[Description])VALUES (8,'Deleted',@strDefaultValue_CreatedBy, getdate(), @strDefaultValue_ModifiedBy,getdate(),@intRowStatus_Active, 'Deleted State')
SET IDENTITY_INSERT [dbo].[ProxyURLStatus] OFF
END	

PRINT 'Adding rows to [dbo].[ConfigurationServiceApplicationType]'
BEGIN
SET IDENTITY_INSERT [dbo].[ConfigurationServiceApplicationType] ON
INSERT INTO [ElementsCPSDB].[dbo].[ConfigurationServiceApplicationType]([Id],[Name],[CreatedBy],[CreatedOn],[ModifiedBy],[ModifiedOn],[RowStatusId],[Description])VALUES(1,'UsageTracking',@strDefaultValue_CreatedBy, getdate(), @strDefaultValue_ModifiedBy,getdate(),@intRowStatus_Active,'Usage Tracking Application')
INSERT INTO [ElementsCPSDB].[dbo].[ConfigurationServiceApplicationType]([Id],[Name],[CreatedBy],[CreatedOn],[ModifiedBy],[ModifiedOn],[RowStatusId],[Description])VALUES(2,'Cyclone',@strDefaultValue_CreatedBy, getdate(), @strDefaultValue_ModifiedBy,getdate(),@intRowStatus_Active,'Cyclone Application')
INSERT INTO [ElementsCPSDB].[dbo].[ConfigurationServiceApplicationType]([Id],[Name],[CreatedBy],[CreatedOn],[ModifiedBy],[ModifiedOn],[RowStatusId],[Description])VALUES(3,'Kumo',@strDefaultValue_CreatedBy, getdate(), @strDefaultValue_ModifiedBy,getdate(),@intRowStatus_Active,'Kumo Application')
SET IDENTITY_INSERT [dbo].[ConfigurationServiceApplicationType] OFF
END	

PRINT 'Adding rows to [dbo].[ConfigurationServiceApplication]'
BEGIN
SET IDENTITY_INSERT [dbo].[ConfigurationServiceApplication] ON
INSERT INTO [ElementsCPSDB].[dbo].[ConfigurationServiceApplication]([Id],[Name],[CreatedBy],[CreatedOn],[ModifiedBy],[ModifiedOn],[RowStatusId],[Version],[Description],[ElementsKey],[ConfigurationServiceApplicationTypeId])VALUES(1,'UsageTracking (V0.7.1)',@strDefaultValue_CreatedBy, getdate(), @strDefaultValue_ModifiedBy,getdate(),@intRowStatus_Active,'0.7.1','Usage Tracking Application','Usage Tracking Application', 1)
INSERT INTO [ElementsCPSDB].[dbo].[ConfigurationServiceApplication]([Id],[Name],[CreatedBy],[CreatedOn],[ModifiedBy],[ModifiedOn],[RowStatusId],[Version],[Description],[ElementsKey],[ConfigurationServiceApplicationTypeId])VALUES(2,'HPApplicationAssistant (V1.0.0)',@strDefaultValue_CreatedBy, getdate(), @strDefaultValue_ModifiedBy,getdate(),@intRowStatus_Active,'1.0.0','Cyclone Application','HPApplicationAssistant', 2)
INSERT INTO [ElementsCPSDB].[dbo].[ConfigurationServiceApplication]([Id],[Name],[CreatedBy],[CreatedOn],[ModifiedBy],[ModifiedOn],[RowStatusId],[Version],[Description],[ElementsKey],[ConfigurationServiceApplicationTypeId])VALUES(3,'KumoApp (V1.0.0)',@strDefaultValue_CreatedBy, getdate(), @strDefaultValue_ModifiedBy,getdate(),@intRowStatus_Active,'1.0.0','Kumo Application','Kumo', 3)
SET IDENTITY_INSERT [dbo].[ConfigurationServiceApplication] OFF
END	

PRINT 'Adding rows to [dbo].[ConfigurationServiceGroupType]'
BEGIN
SET IDENTITY_INSERT [dbo].[ConfigurationServiceGroupType] ON
INSERT INTO [ElementsCPSDB].[dbo].[ConfigurationServiceGroupType]([Id],[Name],[CreatedBy],[CreatedOn],[ModifiedBy],[ModifiedOn],[RowStatusId],[Description],[ConfigurationServiceApplicationId])VALUES(1,'appconfig',@strDefaultValue_CreatedBy, getdate(),@strDefaultValue_ModifiedBy,getdate(),@intRowStatus_Active,'appconfig group type',1)
INSERT INTO [ElementsCPSDB].[dbo].[ConfigurationServiceGroupType]([Id],[Name],[CreatedBy],[CreatedOn],[ModifiedBy],[ModifiedOn],[RowStatusId],[Description],[ConfigurationServiceApplicationId])VALUES(2,'tracking',@strDefaultValue_CreatedBy, getdate(),@strDefaultValue_ModifiedBy,getdate(),@intRowStatus_Active,'tracking group type',1)
INSERT INTO [ElementsCPSDB].[dbo].[ConfigurationServiceGroupType]([Id],[Name],[CreatedBy],[CreatedOn],[ModifiedBy],[ModifiedOn],[RowStatusId],[Description],[ConfigurationServiceApplicationId])VALUES(3,'cycloneconfig',@strDefaultValue_CreatedBy, getdate(),@strDefaultValue_ModifiedBy,getdate(),@intRowStatus_Active,'cycloneconfig group type',2)
INSERT INTO [ElementsCPSDB].[dbo].[ConfigurationServiceGroupType]([Id],[Name],[CreatedBy],[CreatedOn],[ModifiedBy],[ModifiedOn],[RowStatusId],[Description],[ConfigurationServiceApplicationId])VALUES(4,'KumoCategoryConfig',@strDefaultValue_CreatedBy, getdate(),@strDefaultValue_ModifiedBy,getdate(),@intRowStatus_Active,'kumocategoryconfig group type',3)
INSERT INTO [ElementsCPSDB].[dbo].[ConfigurationServiceGroupType]([Id],[Name],[CreatedBy],[CreatedOn],[ModifiedBy],[ModifiedOn],[RowStatusId],[Description],[ConfigurationServiceApplicationId])VALUES(5,'KumoConfig',@strDefaultValue_CreatedBy, getdate(),@strDefaultValue_ModifiedBy,getdate(),@intRowStatus_Active,'kumoconfig group type',3)
INSERT INTO [ElementsCPSDB].[dbo].[ConfigurationServiceGroupType]([Id],[Name],[CreatedBy],[CreatedOn],[ModifiedBy],[ModifiedOn],[RowStatusId],[Description],[ConfigurationServiceApplicationId])VALUES(6,'KumoSoftware',@strDefaultValue_CreatedBy, getdate(),@strDefaultValue_ModifiedBy,getdate(),@intRowStatus_Active,'kumosoftware group type',3)
SET IDENTITY_INSERT [dbo].[ConfigurationServiceGroupType] OFF
END	

PRINT 'Adding rows to [dbo].[ConfigurationServiceGroupStatus]'
BEGIN
SET IDENTITY_INSERT [dbo].[ConfigurationServiceGroupStatus] ON
INSERT INTO [ElementsCPSDB].[dbo].[ConfigurationServiceGroupStatus]([Id],[Name],[CreatedBy],[CreatedOn],[ModifiedBy],[ModifiedOn],[RowStatusId],[Description])VALUES (1,'Modified',@strDefaultValue_CreatedBy, getdate(), @strDefaultValue_ModifiedBy,getdate(),@intRowStatus_Active, 'Modified State')
INSERT INTO [ElementsCPSDB].[dbo].[ConfigurationServiceGroupStatus]([Id],[Name],[CreatedBy],[CreatedOn],[ModifiedBy],[ModifiedOn],[RowStatusId],[Description])VALUES (2,'ReadyForValidation',@strDefaultValue_CreatedBy, getdate(), @strDefaultValue_ModifiedBy,getdate(),@intRowStatus_Active, 'Ready For Validation State')
INSERT INTO [ElementsCPSDB].[dbo].[ConfigurationServiceGroupStatus]([Id],[Name],[CreatedBy],[CreatedOn],[ModifiedBy],[ModifiedOn],[RowStatusId],[Description])VALUES (3,'Validated',@strDefaultValue_CreatedBy, getdate(), @strDefaultValue_ModifiedBy,getdate(),@intRowStatus_Active, 'Validated State')
INSERT INTO [ElementsCPSDB].[dbo].[ConfigurationServiceGroupStatus]([Id],[Name],[CreatedBy],[CreatedOn],[ModifiedBy],[ModifiedOn],[RowStatusId],[Description])VALUES (4,'Published',@strDefaultValue_CreatedBy, getdate(), @strDefaultValue_ModifiedBy,getdate(),@intRowStatus_Active, 'Published State')
INSERT INTO [ElementsCPSDB].[dbo].[ConfigurationServiceGroupStatus]([Id],[Name],[CreatedBy],[CreatedOn],[ModifiedBy],[ModifiedOn],[RowStatusId],[Description])VALUES (5,'Published (Production Only)',@strDefaultValue_CreatedBy, getdate(), @strDefaultValue_ModifiedBy,getdate(),@intRowStatus_Active, 'Published (Production Only) State')
INSERT INTO [ElementsCPSDB].[dbo].[ConfigurationServiceGroupStatus]([Id],[Name],[CreatedBy],[CreatedOn],[ModifiedBy],[ModifiedOn],[RowStatusId],[Description])VALUES (6,'Cancelled',@strDefaultValue_CreatedBy, getdate(), @strDefaultValue_ModifiedBy,getdate(),@intRowStatus_Active, 'Cancelled State')
INSERT INTO [ElementsCPSDB].[dbo].[ConfigurationServiceGroupStatus]([Id],[Name],[CreatedBy],[CreatedOn],[ModifiedBy],[ModifiedOn],[RowStatusId],[Description])VALUES (7,'Abandoned',@strDefaultValue_CreatedBy, getdate(), @strDefaultValue_ModifiedBy,getdate(),@intRowStatus_Active, 'Abandoned State')
INSERT INTO [ElementsCPSDB].[dbo].[ConfigurationServiceGroupStatus]([Id],[Name],[CreatedBy],[CreatedOn],[ModifiedBy],[ModifiedOn],[RowStatusId],[Description])VALUES (8,'Deleted',@strDefaultValue_CreatedBy, getdate(), @strDefaultValue_ModifiedBy,getdate(),@intRowStatus_Active, 'Deleted State')
SET IDENTITY_INSERT [dbo].[ConfigurationServiceGroupStatus] OFF
END	

PRINT 'Adding rows to [dbo].[ConfigurationServiceItem]'
BEGIN
SET IDENTITY_INSERT [dbo].[ConfigurationServiceItem] ON
INSERT INTO [ElementsCPSDB].[dbo].[ConfigurationServiceItem]([Id],[Name],[CreatedBy],[CreatedOn],[ModifiedBy],[ModifiedOn],[RowStatusId],[Description],[ElementsKey],[SortOrder],[Parent])VALUES (1,'Parent (appconfig)',@strDefaultValue_CreatedBy, getdate(), @strDefaultValue_ModifiedBy,getdate(),@intRowStatus_Active, 'Parent (appconfig) Item', 'NoneAppConfig', 1, 1)
INSERT INTO [ElementsCPSDB].[dbo].[ConfigurationServiceItem]([Id],[Name],[CreatedBy],[CreatedOn],[ModifiedBy],[ModifiedOn],[RowStatusId],[Description],[ElementsKey],[SortOrder],[Parent])VALUES (2,'Parent (tracking)',@strDefaultValue_CreatedBy, getdate(), @strDefaultValue_ModifiedBy,getdate(),@intRowStatus_Active, 'Parent (tracking) Item', 'NoneTracking', 1, 1)
INSERT INTO [ElementsCPSDB].[dbo].[ConfigurationServiceItem]([Id],[Name],[CreatedBy],[CreatedOn],[ModifiedBy],[ModifiedOn],[RowStatusId],[Description],[ElementsKey],[SortOrder],[Parent])VALUES (3,'config',@strDefaultValue_CreatedBy, getdate(), @strDefaultValue_ModifiedBy,getdate(),@intRowStatus_Active, 'config Item', 'config', 2, 0)
INSERT INTO [ElementsCPSDB].[dbo].[ConfigurationServiceItem]([Id],[Name],[CreatedBy],[CreatedOn],[ModifiedBy],[ModifiedOn],[RowStatusId],[Description],[ElementsKey],[SortOrder],[Parent])VALUES (4,'TrackByExePath',@strDefaultValue_CreatedBy, getdate(), @strDefaultValue_ModifiedBy,getdate(),@intRowStatus_Active, 'TrackByExePath Item', 'TrackByExePath', 3, 0)
INSERT INTO [ElementsCPSDB].[dbo].[ConfigurationServiceItem]([Id],[Name],[CreatedBy],[CreatedOn],[ModifiedBy],[ModifiedOn],[RowStatusId],[Description],[ElementsKey],[SortOrder],[Parent])VALUES (5,'WUK',@strDefaultValue_CreatedBy, getdate(), @strDefaultValue_ModifiedBy,getdate(),@intRowStatus_Active, 'WUK Item', 'WUK', 2, 0)
INSERT INTO [ElementsCPSDB].[dbo].[ConfigurationServiceItem]([Id],[Name],[CreatedBy],[CreatedOn],[ModifiedBy],[ModifiedOn],[RowStatusId],[Description],[ElementsKey],[SortOrder],[Parent])VALUES (6,'FileExtensionMap',@strDefaultValue_CreatedBy, getdate(), @strDefaultValue_ModifiedBy,getdate(),@intRowStatus_Active, 'FileExtensionMap Item', 'FileExtensionMap', 1, 0)
INSERT INTO [ElementsCPSDB].[dbo].[ConfigurationServiceItem]([Id],[Name],[CreatedBy],[CreatedOn],[ModifiedBy],[ModifiedOn],[RowStatusId],[Description],[ElementsKey],[SortOrder],[Parent])VALUES (7,'KumoWUK',@strDefaultValue_CreatedBy, getdate(), @strDefaultValue_ModifiedBy,getdate(),@intRowStatus_Active, 'KumoWUK Item', 'WUK', 1, 0)
INSERT INTO [ElementsCPSDB].[dbo].[ConfigurationServiceItem]([Id],[Name],[CreatedBy],[CreatedOn],[ModifiedBy],[ModifiedOn],[RowStatusId],[Description],[ElementsKey],[SortOrder],[Parent])VALUES (8,'KumoInstallationCheck',@strDefaultValue_CreatedBy, getdate(), @strDefaultValue_ModifiedBy,getdate(),@intRowStatus_Active, 'KumoInstallationCheck Item', 'InstallationCheck', 2, 0)
INSERT INTO [ElementsCPSDB].[dbo].[ConfigurationServiceItem]([Id],[Name],[CreatedBy],[CreatedOn],[ModifiedBy],[ModifiedOn],[RowStatusId],[Description],[ElementsKey],[SortOrder],[Parent])VALUES (9,'Parent (KumoCategoryConfig)',@strDefaultValue_CreatedBy, getdate(), @strDefaultValue_ModifiedBy,getdate(),@intRowStatus_Active, 'KumoCategoryInfo Item', 'CategoryInfo', 1, 1)
INSERT INTO [ElementsCPSDB].[dbo].[ConfigurationServiceItem]([Id],[Name],[CreatedBy],[CreatedOn],[ModifiedBy],[ModifiedOn],[RowStatusId],[Description],[ElementsKey],[SortOrder],[Parent])VALUES (10,'Parent (KumoAppConfig)',@strDefaultValue_CreatedBy, getdate(), @strDefaultValue_ModifiedBy,getdate(),@intRowStatus_Active, 'KumoAppConfig Item', 'KumoAppConfig', 1, 1)
SET IDENTITY_INSERT [dbo].[ConfigurationServiceItem] OFF
END	

PRINT 'Adding rows to [dbo].[ConfigurationServiceItem_ConfigurationServiceGroupType]'
BEGIN
INSERT INTO [ElementsCPSDB].[dbo].[ConfigurationServiceItem_ConfigurationServiceGroupType]([ConfigurationServiceGroupTypeId],[ConfigurationServiceItemId],[CreatedBy],[CreatedOn],[ModifiedBy],[ModifiedOn])VALUES(1,1,@strDefaultValue_CreatedBy, getdate(),@strDefaultValue_ModifiedBy,getdate())
INSERT INTO [ElementsCPSDB].[dbo].[ConfigurationServiceItem_ConfigurationServiceGroupType]([ConfigurationServiceGroupTypeId],[ConfigurationServiceItemId],[CreatedBy],[CreatedOn],[ModifiedBy],[ModifiedOn])VALUES(1,3,@strDefaultValue_CreatedBy, getdate(),@strDefaultValue_ModifiedBy,getdate())
INSERT INTO [ElementsCPSDB].[dbo].[ConfigurationServiceItem_ConfigurationServiceGroupType]([ConfigurationServiceGroupTypeId],[ConfigurationServiceItemId],[CreatedBy],[CreatedOn],[ModifiedBy],[ModifiedOn])VALUES(2,2,@strDefaultValue_CreatedBy, getdate(),@strDefaultValue_ModifiedBy,getdate())
INSERT INTO [ElementsCPSDB].[dbo].[ConfigurationServiceItem_ConfigurationServiceGroupType]([ConfigurationServiceGroupTypeId],[ConfigurationServiceItemId],[CreatedBy],[CreatedOn],[ModifiedBy],[ModifiedOn])VALUES(2,4,@strDefaultValue_CreatedBy, getdate(),@strDefaultValue_ModifiedBy,getdate())
INSERT INTO [ElementsCPSDB].[dbo].[ConfigurationServiceItem_ConfigurationServiceGroupType]([ConfigurationServiceGroupTypeId],[ConfigurationServiceItemId],[CreatedBy],[CreatedOn],[ModifiedBy],[ModifiedOn])VALUES(2,5,@strDefaultValue_CreatedBy, getdate(),@strDefaultValue_ModifiedBy,getdate())
INSERT INTO [ElementsCPSDB].[dbo].[ConfigurationServiceItem_ConfigurationServiceGroupType]([ConfigurationServiceGroupTypeId],[ConfigurationServiceItemId],[CreatedBy],[CreatedOn],[ModifiedBy],[ModifiedOn])VALUES(3,6,@strDefaultValue_CreatedBy, getdate(),@strDefaultValue_ModifiedBy,getdate())
INSERT INTO [ElementsCPSDB].[dbo].[ConfigurationServiceItem_ConfigurationServiceGroupType]([ConfigurationServiceGroupTypeId],[ConfigurationServiceItemId],[CreatedBy],[CreatedOn],[ModifiedBy],[ModifiedOn])VALUES(4,9,@strDefaultValue_CreatedBy, getdate(),@strDefaultValue_ModifiedBy,getdate())
INSERT INTO [ElementsCPSDB].[dbo].[ConfigurationServiceItem_ConfigurationServiceGroupType]([ConfigurationServiceGroupTypeId],[ConfigurationServiceItemId],[CreatedBy],[CreatedOn],[ModifiedBy],[ModifiedOn])VALUES(5,10,@strDefaultValue_CreatedBy, getdate(),@strDefaultValue_ModifiedBy,getdate())
INSERT INTO [ElementsCPSDB].[dbo].[ConfigurationServiceItem_ConfigurationServiceGroupType]([ConfigurationServiceGroupTypeId],[ConfigurationServiceItemId],[CreatedBy],[CreatedOn],[ModifiedBy],[ModifiedOn])VALUES(6,7,@strDefaultValue_CreatedBy, getdate(),@strDefaultValue_ModifiedBy,getdate())
INSERT INTO [ElementsCPSDB].[dbo].[ConfigurationServiceItem_ConfigurationServiceGroupType]([ConfigurationServiceGroupTypeId],[ConfigurationServiceItemId],[CreatedBy],[CreatedOn],[ModifiedBy],[ModifiedOn])VALUES(6,8,@strDefaultValue_CreatedBy, getdate(),@strDefaultValue_ModifiedBy,getdate())
END	    

PRINT 'Adding rows to [dbo].[ConfigurationServiceLabelType]'
BEGIN
SET IDENTITY_INSERT [dbo].[ConfigurationServiceLabelType] ON
INSERT INTO [ElementsCPSDB].[dbo].[ConfigurationServiceLabelType]([Id],[Name],[CreatedBy],[CreatedOn],[ModifiedBy],[ModifiedOn],[RowStatusId],[Description])VALUES(1,'Text (Single Line)',@strDefaultValue_CreatedBy, getdate(), @strDefaultValue_ModifiedBy,getdate(),@intRowStatus_Active,'Single Line Input')
INSERT INTO [ElementsCPSDB].[dbo].[ConfigurationServiceLabelType]([Id],[Name],[CreatedBy],[CreatedOn],[ModifiedBy],[ModifiedOn],[RowStatusId],[Description])VALUES(2,'Text (Multiple Line)',@strDefaultValue_CreatedBy, getdate(), @strDefaultValue_ModifiedBy,getdate(),@intRowStatus_Active,'Multiple Line Input')
INSERT INTO [ElementsCPSDB].[dbo].[ConfigurationServiceLabelType]([Id],[Name],[CreatedBy],[CreatedOn],[ModifiedBy],[ModifiedOn],[RowStatusId],[Description])VALUES(3,'Drop Down List',@strDefaultValue_CreatedBy, getdate(), @strDefaultValue_ModifiedBy,getdate(),@intRowStatus_Active,'Drop Down List Input')
SET IDENTITY_INSERT [dbo].[ConfigurationServiceLabelType] OFF
END	

PRINT 'Adding rows to [dbo].[ConfigurationServiceLabel]'
BEGIN
SET IDENTITY_INSERT [dbo].[ConfigurationServiceLabel] ON
INSERT INTO [ElementsCPSDB].[dbo].[ConfigurationServiceLabel]([Id],[Name],[CreatedBy],[CreatedOn],[ModifiedBy],[ModifiedOn],[RowStatusId],[Description],[ElementsKey],[ConfigurationServiceItemId],[ConfigurationServiceLabelTypeId],[ValueList],[SortOrder])VALUES (1,'Category',@strDefaultValue_CreatedBy, getdate(), @strDefaultValue_ModifiedBy,getdate(),@intRowStatus_Active, 'Category Label', 'Category', 1, 1, null, 1)
INSERT INTO [ElementsCPSDB].[dbo].[ConfigurationServiceLabel]([Id],[Name],[CreatedBy],[CreatedOn],[ModifiedBy],[ModifiedOn],[RowStatusId],[Description],[ElementsKey],[ConfigurationServiceItemId],[ConfigurationServiceLabelTypeId],[ValueList],[SortOrder])VALUES (2,'TrackingConfigFreq',@strDefaultValue_CreatedBy, getdate(), @strDefaultValue_ModifiedBy,getdate(),@intRowStatus_Active, 'TrackingConfigFreq Label', 'TrackingConfigFreq', 3, 1, null, 1)
INSERT INTO [ElementsCPSDB].[dbo].[ConfigurationServiceLabel]([Id],[Name],[CreatedBy],[CreatedOn],[ModifiedBy],[ModifiedOn],[RowStatusId],[Description],[ElementsKey],[ConfigurationServiceItemId],[ConfigurationServiceLabelTypeId],[ValueList],[SortOrder])VALUES (3,'TrackingConfigURL',@strDefaultValue_CreatedBy, getdate(), @strDefaultValue_ModifiedBy,getdate(),@intRowStatus_Active, 'TrackingConfigURL Label', 'TrackingConfigURL', 3, 1, null, 2)
INSERT INTO [ElementsCPSDB].[dbo].[ConfigurationServiceLabel]([Id],[Name],[CreatedBy],[CreatedOn],[ModifiedBy],[ModifiedOn],[RowStatusId],[Description],[ElementsKey],[ConfigurationServiceItemId],[ConfigurationServiceLabelTypeId],[ValueList],[SortOrder])VALUES (4,'CurrentState',@strDefaultValue_CreatedBy, getdate(), @strDefaultValue_ModifiedBy,getdate(),@intRowStatus_Active, 'CurrentState Label', 'CurrentState', 3, 3, 'TERMINATE,SUSPEND,ON', 3)
INSERT INTO [ElementsCPSDB].[dbo].[ConfigurationServiceLabel]([Id],[Name],[CreatedBy],[CreatedOn],[ModifiedBy],[ModifiedOn],[RowStatusId],[Description],[ElementsKey],[ConfigurationServiceItemId],[ConfigurationServiceLabelTypeId],[ValueList],[SortOrder])VALUES (5,'DisplayName',@strDefaultValue_CreatedBy, getdate(), @strDefaultValue_ModifiedBy,getdate(),@intRowStatus_Active, 'DisplayName Label', 'DisplayName', 5, 1, null, 1)
INSERT INTO [ElementsCPSDB].[dbo].[ConfigurationServiceLabel]([Id],[Name],[CreatedBy],[CreatedOn],[ModifiedBy],[ModifiedOn],[RowStatusId],[Description],[ElementsKey],[ConfigurationServiceItemId],[ConfigurationServiceLabelTypeId],[ValueList],[SortOrder])VALUES (6,'Version',@strDefaultValue_CreatedBy, getdate(), @strDefaultValue_ModifiedBy,getdate(),@intRowStatus_Active, 'Version Label', 'Version', 5, 1, null, 2)
INSERT INTO [ElementsCPSDB].[dbo].[ConfigurationServiceLabel]([Id],[Name],[CreatedBy],[CreatedOn],[ModifiedBy],[ModifiedOn],[RowStatusId],[Description],[ElementsKey],[ConfigurationServiceItemId],[ConfigurationServiceLabelTypeId],[ValueList],[SortOrder])VALUES (7,'Publisher',@strDefaultValue_CreatedBy, getdate(), @strDefaultValue_ModifiedBy,getdate(),@intRowStatus_Active, 'Publisher Label', 'Publisher', 5, 1, null, 3)
INSERT INTO [ElementsCPSDB].[dbo].[ConfigurationServiceLabel]([Id],[Name],[CreatedBy],[CreatedOn],[ModifiedBy],[ModifiedOn],[RowStatusId],[Description],[ElementsKey],[ConfigurationServiceItemId],[ConfigurationServiceLabelTypeId],[ValueList],[SortOrder])VALUES (8,'InstallerType',@strDefaultValue_CreatedBy, getdate(), @strDefaultValue_ModifiedBy,getdate(),@intRowStatus_Active, 'InstallerType Label', 'InstallerType', 5, 3, '32,64', 4)
INSERT INTO [ElementsCPSDB].[dbo].[ConfigurationServiceLabel]([Id],[Name],[CreatedBy],[CreatedOn],[ModifiedBy],[ModifiedOn],[RowStatusId],[Description],[ElementsKey],[ConfigurationServiceItemId],[ConfigurationServiceLabelTypeId],[ValueList],[SortOrder])VALUES (9,'InstPath32bit',@strDefaultValue_CreatedBy, getdate(), @strDefaultValue_ModifiedBy,getdate(),@intRowStatus_Active, 'InstPath32bit Label', 'InstPath32bit', 4, 2, null, 1)
INSERT INTO [ElementsCPSDB].[dbo].[ConfigurationServiceLabel]([Id],[Name],[CreatedBy],[CreatedOn],[ModifiedBy],[ModifiedOn],[RowStatusId],[Description],[ElementsKey],[ConfigurationServiceItemId],[ConfigurationServiceLabelTypeId],[ValueList],[SortOrder])VALUES (10,'InstPath64bit',@strDefaultValue_CreatedBy, getdate(), @strDefaultValue_ModifiedBy,getdate(),@intRowStatus_Active, 'InstPath64bit Label', 'InstPath64bit', 4, 2, null, 2)

INSERT INTO [ElementsCPSDB].[dbo].[ConfigurationServiceLabel]([Id],[Name],[CreatedBy],[CreatedOn],[ModifiedBy],[ModifiedOn],[RowStatusId],[Description],[ElementsKey],[ConfigurationServiceItemId],[ConfigurationServiceLabelTypeId],[ValueList],[SortOrder])VALUES (11,'File Extension',@strDefaultValue_CreatedBy, getdate(), @strDefaultValue_ModifiedBy,getdate(),@intRowStatus_Active, 'File Extension Label', 'FileExtension', 6, 1, null, 2)
INSERT INTO [ElementsCPSDB].[dbo].[ConfigurationServiceLabel]([Id],[Name],[CreatedBy],[CreatedOn],[ModifiedBy],[ModifiedOn],[RowStatusId],[Description],[ElementsKey],[ConfigurationServiceItemId],[ConfigurationServiceLabelTypeId],[ValueList],[SortOrder])VALUES (12,'Category Id',@strDefaultValue_CreatedBy, getdate(), @strDefaultValue_ModifiedBy,getdate(),@intRowStatus_Active, 'Category Id Label', 'CategoryId', 6, 1, null, 1)

INSERT INTO [ElementsCPSDB].[dbo].[ConfigurationServiceLabel]([Id],[Name],[CreatedBy],[CreatedOn],[ModifiedBy],[ModifiedOn],[RowStatusId],[Description],[ElementsKey],[ConfigurationServiceItemId],[ConfigurationServiceLabelTypeId],[ValueList],[SortOrder])VALUES (13,'TrackingConfigFreq',@strDefaultValue_CreatedBy, getdate(), @strDefaultValue_ModifiedBy,getdate(),@intRowStatus_Active, 'TrackingConfigFreq Label', 'trackingConfigFreq', 10, 1, null, 1)
INSERT INTO [ElementsCPSDB].[dbo].[ConfigurationServiceLabel]([Id],[Name],[CreatedBy],[CreatedOn],[ModifiedBy],[ModifiedOn],[RowStatusId],[Description],[ElementsKey],[ConfigurationServiceItemId],[ConfigurationServiceLabelTypeId],[ValueList],[SortOrder])VALUES (14,'TrackingConfigURL',@strDefaultValue_CreatedBy, getdate(), @strDefaultValue_ModifiedBy,getdate(),@intRowStatus_Active, 'TrackingConfigURL Label', 'trackingConfigURL', 10, 1, null, 2)
INSERT INTO [ElementsCPSDB].[dbo].[ConfigurationServiceLabel]([Id],[Name],[CreatedBy],[CreatedOn],[ModifiedBy],[ModifiedOn],[RowStatusId],[Description],[ElementsKey],[ConfigurationServiceItemId],[ConfigurationServiceLabelTypeId],[ValueList],[SortOrder])VALUES (15,'Current State',@strDefaultValue_CreatedBy, getdate(), @strDefaultValue_ModifiedBy,getdate(),@intRowStatus_Active, 'CurrentState Label', 'currentState', 10, 1, null, 3)

INSERT INTO [ElementsCPSDB].[dbo].[ConfigurationServiceLabel]([Id],[Name],[CreatedBy],[CreatedOn],[ModifiedBy],[ModifiedOn],[RowStatusId],[Description],[ElementsKey],[ConfigurationServiceItemId],[ConfigurationServiceLabelTypeId],[ValueList],[SortOrder])VALUES (16,'Category Name',@strDefaultValue_CreatedBy, getdate(), @strDefaultValue_ModifiedBy,getdate(),@intRowStatus_Active, 'Name Label', 'name', 9, 1, null, 1)
INSERT INTO [ElementsCPSDB].[dbo].[ConfigurationServiceLabel]([Id],[Name],[CreatedBy],[CreatedOn],[ModifiedBy],[ModifiedOn],[RowStatusId],[Description],[ElementsKey],[ConfigurationServiceItemId],[ConfigurationServiceLabelTypeId],[ValueList],[SortOrder])VALUES (17,'Category Display Name',@strDefaultValue_CreatedBy, getdate(), @strDefaultValue_ModifiedBy,getdate(),@intRowStatus_Active, 'DisplayName Label', 'displayName', 9, 1, null, 2)
INSERT INTO [ElementsCPSDB].[dbo].[ConfigurationServiceLabel]([Id],[Name],[CreatedBy],[CreatedOn],[ModifiedBy],[ModifiedOn],[RowStatusId],[Description],[ElementsKey],[ConfigurationServiceItemId],[ConfigurationServiceLabelTypeId],[ValueList],[SortOrder])VALUES (18,'Category Id',@strDefaultValue_CreatedBy, getdate(), @strDefaultValue_ModifiedBy,getdate(),@intRowStatus_Active, 'CategoryId Label', 'categoryId', 9, 1, null, 3)
INSERT INTO [ElementsCPSDB].[dbo].[ConfigurationServiceLabel]([Id],[Name],[CreatedBy],[CreatedOn],[ModifiedBy],[ModifiedOn],[RowStatusId],[Description],[ElementsKey],[ConfigurationServiceItemId],[ConfigurationServiceLabelTypeId],[ValueList],[SortOrder])VALUES (19,'Parent Category Id',@strDefaultValue_CreatedBy, getdate(), @strDefaultValue_ModifiedBy,getdate(),@intRowStatus_Active, 'Parent CategoryId Label', 'parentCategoryId', 9, 1, null, 4)

INSERT INTO [ElementsCPSDB].[dbo].[ConfigurationServiceLabel]([Id],[Name],[CreatedBy],[CreatedOn],[ModifiedBy],[ModifiedOn],[RowStatusId],[Description],[ElementsKey],[ConfigurationServiceItemId],[ConfigurationServiceLabelTypeId],[ValueList],[SortOrder])VALUES (20,'Software Type',@strDefaultValue_CreatedBy, getdate(), @strDefaultValue_ModifiedBy,getdate(),@intRowStatus_Active, 'Software Type Label', 'type', 7, 3, 'FREE,PAID', 1)
INSERT INTO [ElementsCPSDB].[dbo].[ConfigurationServiceLabel]([Id],[Name],[CreatedBy],[CreatedOn],[ModifiedBy],[ModifiedOn],[RowStatusId],[Description],[ElementsKey],[ConfigurationServiceItemId],[ConfigurationServiceLabelTypeId],[ValueList],[SortOrder])VALUES (21,'External Product Id',@strDefaultValue_CreatedBy, getdate(), @strDefaultValue_ModifiedBy,getdate(),@intRowStatus_Active, 'External Product Id Label', 'externalProductId', 7, 1, null, 2)
INSERT INTO [ElementsCPSDB].[dbo].[ConfigurationServiceLabel]([Id],[Name],[CreatedBy],[CreatedOn],[ModifiedBy],[ModifiedOn],[RowStatusId],[Description],[ElementsKey],[ConfigurationServiceItemId],[ConfigurationServiceLabelTypeId],[ValueList],[SortOrder])VALUES (22,'Provider Name',@strDefaultValue_CreatedBy, getdate(), @strDefaultValue_ModifiedBy,getdate(),@intRowStatus_Active, 'Provider Name Label', 'providerName', 7, 3, 'DR,ERS', 3)
INSERT INTO [ElementsCPSDB].[dbo].[ConfigurationServiceLabel]([Id],[Name],[CreatedBy],[CreatedOn],[ModifiedBy],[ModifiedOn],[RowStatusId],[Description],[ElementsKey],[ConfigurationServiceItemId],[ConfigurationServiceLabelTypeId],[ValueList],[SortOrder])VALUES (23,'Category Id',@strDefaultValue_CreatedBy, getdate(), @strDefaultValue_ModifiedBy,getdate(),@intRowStatus_Active, 'Category Id Label', 'categoryId', 7, 1, null, 4)
INSERT INTO [ElementsCPSDB].[dbo].[ConfigurationServiceLabel]([Id],[Name],[CreatedBy],[CreatedOn],[ModifiedBy],[ModifiedOn],[RowStatusId],[Description],[ElementsKey],[ConfigurationServiceItemId],[ConfigurationServiceLabelTypeId],[ValueList],[SortOrder])VALUES (24,'Display Name',@strDefaultValue_CreatedBy, getdate(), @strDefaultValue_ModifiedBy,getdate(),@intRowStatus_Active, 'Display Name Label', 'displayName', 7, 1, null, 6)
INSERT INTO [ElementsCPSDB].[dbo].[ConfigurationServiceLabel]([Id],[Name],[CreatedBy],[CreatedOn],[ModifiedBy],[ModifiedOn],[RowStatusId],[Description],[ElementsKey],[ConfigurationServiceItemId],[ConfigurationServiceLabelTypeId],[ValueList],[SortOrder])VALUES (25,'Publisher',@strDefaultValue_CreatedBy, getdate(), @strDefaultValue_ModifiedBy,getdate(),@intRowStatus_Active, 'Publisher Label', 'publisher', 7, 1, null, 7)

INSERT INTO [ElementsCPSDB].[dbo].[ConfigurationServiceLabel]([Id],[Name],[CreatedBy],[CreatedOn],[ModifiedBy],[ModifiedOn],[RowStatusId],[Description],[ElementsKey],[ConfigurationServiceItemId],[ConfigurationServiceLabelTypeId],[ValueList],[SortOrder])VALUES (26,'Exe Path',@strDefaultValue_CreatedBy, getdate(), @strDefaultValue_ModifiedBy,getdate(),@intRowStatus_Active, 'Exe Path Label', 'exePath', 8, 1, null, 1)
INSERT INTO [ElementsCPSDB].[dbo].[ConfigurationServiceLabel]([Id],[Name],[CreatedBy],[CreatedOn],[ModifiedBy],[ModifiedOn],[RowStatusId],[Description],[ElementsKey],[ConfigurationServiceItemId],[ConfigurationServiceLabelTypeId],[ValueList],[SortOrder])VALUES (27,'Order',@strDefaultValue_CreatedBy, getdate(), @strDefaultValue_ModifiedBy,getdate(),@intRowStatus_Active, 'Order Label', 'order', 9, 1, null, 5)

SET IDENTITY_INSERT [dbo].[ConfigurationServiceLabel] OFF
END	


PRINT 'Adding rows to [dbo].[WorkflowStatus]'
BEGIN
SET IDENTITY_INSERT [dbo].[WorkflowStatus] ON
INSERT INTO [ElementsCPSDB].[dbo].[WorkflowStatus]([Id],[Name],[CreatedBy],[CreatedOn],[ModifiedBy],[ModifiedOn],[RowStatusId],[Description])VALUES (1,'Modified',@strDefaultValue_CreatedBy, getdate(), @strDefaultValue_ModifiedBy,getdate(),@intRowStatus_Active, 'Modified State')
INSERT INTO [ElementsCPSDB].[dbo].[WorkflowStatus]([Id],[Name],[CreatedBy],[CreatedOn],[ModifiedBy],[ModifiedOn],[RowStatusId],[Description])VALUES (2,'ReadyForValidation',@strDefaultValue_CreatedBy, getdate(), @strDefaultValue_ModifiedBy,getdate(),@intRowStatus_Active, 'ReadyForValidation State')
INSERT INTO [ElementsCPSDB].[dbo].[WorkflowStatus]([Id],[Name],[CreatedBy],[CreatedOn],[ModifiedBy],[ModifiedOn],[RowStatusId],[Description])VALUES (3,'Validated',@strDefaultValue_CreatedBy, getdate(), @strDefaultValue_ModifiedBy,getdate(),@intRowStatus_Active, 'Validated State')
INSERT INTO [ElementsCPSDB].[dbo].[WorkflowStatus]([Id],[Name],[CreatedBy],[CreatedOn],[ModifiedBy],[ModifiedOn],[RowStatusId],[Description])VALUES (4,'Published',@strDefaultValue_CreatedBy, getdate(), @strDefaultValue_ModifiedBy,getdate(),@intRowStatus_Active, 'Published State')
INSERT INTO [ElementsCPSDB].[dbo].[WorkflowStatus]([Id],[Name],[CreatedBy],[CreatedOn],[ModifiedBy],[ModifiedOn],[RowStatusId],[Description])VALUES (5,'Published (Production Only)',@strDefaultValue_CreatedBy, getdate(), @strDefaultValue_ModifiedBy,getdate(),@intRowStatus_Active, 'Published (Production Only) State')
INSERT INTO [ElementsCPSDB].[dbo].[WorkflowStatus]([Id],[Name],[CreatedBy],[CreatedOn],[ModifiedBy],[ModifiedOn],[RowStatusId],[Description])VALUES (6,'Cancelled',@strDefaultValue_CreatedBy, getdate(), @strDefaultValue_ModifiedBy,getdate(),@intRowStatus_Active, 'Cancelled State')
INSERT INTO [ElementsCPSDB].[dbo].[WorkflowStatus]([Id],[Name],[CreatedBy],[CreatedOn],[ModifiedBy],[ModifiedOn],[RowStatusId],[Description])VALUES (7,'Abandoned',@strDefaultValue_CreatedBy, getdate(), @strDefaultValue_ModifiedBy,getdate(),@intRowStatus_Active, 'Abandoned State')
INSERT INTO [ElementsCPSDB].[dbo].[WorkflowStatus]([Id],[Name],[CreatedBy],[CreatedOn],[ModifiedBy],[ModifiedOn],[RowStatusId],[Description])VALUES (8,'Deleted',@strDefaultValue_CreatedBy, getdate(), @strDefaultValue_ModifiedBy,getdate(),@intRowStatus_Active, 'Deleted State')
SET IDENTITY_INSERT [dbo].[WorkflowStatus] OFF
END	

PRINT 'Adding rows to [dbo].[WorkflowApplicationType]'
BEGIN
SET IDENTITY_INSERT [dbo].[WorkflowApplicationType] ON
INSERT INTO [ElementsCPSDB].[dbo].[WorkflowApplicationType]([Id],[Name],[CreatedBy],[CreatedOn],[ModifiedBy],[ModifiedOn],[RowStatusId],[Description])VALUES(1,'Workflow',@strDefaultValue_CreatedBy, getdate(), @strDefaultValue_ModifiedBy,getdate(),@intRowStatus_Active,'Workflow Application')
SET IDENTITY_INSERT [dbo].[WorkflowApplicationType] OFF
END	

PRINT 'Adding rows to [dbo].[WorkflowApplication]'
BEGIN
SET IDENTITY_INSERT [dbo].[WorkflowApplication] ON
INSERT INTO [ElementsCPSDB].[dbo].[WorkflowApplication]([Id],[Name],[CreatedBy],[CreatedOn],[ModifiedBy],[ModifiedOn],[RowStatusId],[Version],[Description],[ElementsKey],[WorkflowApplicationTypeId])VALUES(1,'Workflow (V0.0.1)',@strDefaultValue_CreatedBy, getdate(), @strDefaultValue_ModifiedBy,getdate(),@intRowStatus_Active,'0.1.1','Workflow Application','Workflow Application', 1)
SET IDENTITY_INSERT [dbo].[WorkflowApplication] OFF
END	

PRINT 'Adding rows to [dbo].[WorkflowType]'
BEGIN
SET IDENTITY_INSERT [dbo].[WorkflowType] ON
INSERT INTO [ElementsCPSDB].[dbo].[WorkflowType]([Id],[Name],[CreatedBy],[CreatedOn],[ModifiedBy],[ModifiedOn],[RowStatusId],[Description])VALUES(1,'default',@strDefaultValue_CreatedBy, getdate(), @strDefaultValue_ModifiedBy,getdate(),@intRowStatus_Active,'New')
SET IDENTITY_INSERT [dbo].[WorkflowType] OFF
END	

PRINT 'Adding rows to [dbo].[WorkflowModuleCategory]'
BEGIN
SET IDENTITY_INSERT [dbo].[WorkflowModuleCategory] ON
INSERT INTO [ElementsCPSDB].[dbo].[WorkflowModuleCategory]([Id],[Name],[CreatedBy],[CreatedOn],[ModifiedBy],[ModifiedOn],[RowStatusId],[Description])VALUES(1,'consents',@strDefaultValue_CreatedBy, getdate(), @strDefaultValue_ModifiedBy,getdate(),@intRowStatus_Active,'Consents')
INSERT INTO [ElementsCPSDB].[dbo].[WorkflowModuleCategory]([Id],[Name],[CreatedBy],[CreatedOn],[ModifiedBy],[ModifiedOn],[RowStatusId],[Description])VALUES(2,'offers',@strDefaultValue_CreatedBy, getdate(), @strDefaultValue_ModifiedBy,getdate(),@intRowStatus_Active,'Offers')
INSERT INTO [ElementsCPSDB].[dbo].[WorkflowModuleCategory]([Id],[Name],[CreatedBy],[CreatedOn],[ModifiedBy],[ModifiedOn],[RowStatusId],[Description])VALUES(3,'registration',@strDefaultValue_CreatedBy, getdate(), @strDefaultValue_ModifiedBy,getdate(),@intRowStatus_Active,'Registration')
INSERT INTO [ElementsCPSDB].[dbo].[WorkflowModuleCategory]([Id],[Name],[CreatedBy],[CreatedOn],[ModifiedBy],[ModifiedOn],[RowStatusId],[Description])VALUES(4,'review',@strDefaultValue_CreatedBy, getdate(), @strDefaultValue_ModifiedBy,getdate(),@intRowStatus_Active,'Review')
INSERT INTO [ElementsCPSDB].[dbo].[WorkflowModuleCategory]([Id],[Name],[CreatedBy],[CreatedOn],[ModifiedBy],[ModifiedOn],[RowStatusId],[Description])VALUES(5,'security',@strDefaultValue_CreatedBy, getdate(), @strDefaultValue_ModifiedBy,getdate(),@intRowStatus_Active,'Security')
SET IDENTITY_INSERT [dbo].[WorkflowModuleCategory] OFF
END	

PRINT 'Adding rows to [dbo].[WorkflowModuleSubCategory]'
BEGIN
SET IDENTITY_INSERT [dbo].[WorkflowModuleSubCategory] ON
INSERT INTO [ElementsCPSDB].[dbo].[WorkflowModuleSubCategory]([Id],[Name],[CreatedBy],[CreatedOn],[ModifiedBy],[ModifiedOn],[RowStatusId],[Description])VALUES(1,'HP',@strDefaultValue_CreatedBy, getdate(), @strDefaultValue_ModifiedBy,getdate(),@intRowStatus_Active,'HP')
INSERT INTO [ElementsCPSDB].[dbo].[WorkflowModuleSubCategory]([Id],[Name],[CreatedBy],[CreatedOn],[ModifiedBy],[ModifiedOn],[RowStatusId],[Description])VALUES(2,'symantec',@strDefaultValue_CreatedBy, getdate(), @strDefaultValue_ModifiedBy,getdate(),@intRowStatus_Active,'Symantec')
INSERT INTO [ElementsCPSDB].[dbo].[WorkflowModuleSubCategory]([Id],[Name],[CreatedBy],[CreatedOn],[ModifiedBy],[ModifiedOn],[RowStatusId],[Description])VALUES(3,'review',@strDefaultValue_CreatedBy, getdate(), @strDefaultValue_ModifiedBy,getdate(),@intRowStatus_Active,'Review')
INSERT INTO [ElementsCPSDB].[dbo].[WorkflowModuleSubCategory]([Id],[Name],[CreatedBy],[CreatedOn],[ModifiedBy],[ModifiedOn],[RowStatusId],[Description])VALUES(4,'hpproduct',@strDefaultValue_CreatedBy, getdate(), @strDefaultValue_ModifiedBy,getdate(),@intRowStatus_Active,'HPProduct')
INSERT INTO [ElementsCPSDB].[dbo].[WorkflowModuleSubCategory]([Id],[Name],[CreatedBy],[CreatedOn],[ModifiedBy],[ModifiedOn],[RowStatusId],[Description])VALUES(5,'getonline',@strDefaultValue_CreatedBy, getdate(), @strDefaultValue_ModifiedBy,getdate(),@intRowStatus_Active,'GetOnline')
INSERT INTO [ElementsCPSDB].[dbo].[WorkflowModuleSubCategory]([Id],[Name],[CreatedBy],[CreatedOn],[ModifiedBy],[ModifiedOn],[RowStatusId],[Description])VALUES(6,'recommended',@strDefaultValue_CreatedBy, getdate(), @strDefaultValue_ModifiedBy,getdate(),@intRowStatus_Active,'Recommended')
INSERT INTO [ElementsCPSDB].[dbo].[WorkflowModuleSubCategory]([Id],[Name],[CreatedBy],[CreatedOn],[ModifiedBy],[ModifiedOn],[RowStatusId],[Description])VALUES(7,'stayupdated',@strDefaultValue_CreatedBy, getdate(), @strDefaultValue_ModifiedBy,getdate(),@intRowStatus_Active,'StayUpdated')
SET IDENTITY_INSERT [dbo].[WorkflowModuleSubCategory] OFF
END	

PRINT 'Adding rows to [dbo].[JumpstationApplication]'
BEGIN
SET IDENTITY_INSERT [dbo].[JumpstationApplication] ON
INSERT INTO [ElementsCPSDB].[dbo].[JumpstationApplication]([Id],[Name],[CreatedBy],[CreatedOn],[ModifiedBy],[ModifiedOn],[RowStatusId],[Version],[Description],[ElementsKey])VALUES(1,'Jumpstation (V1.0)',@strDefaultValue_CreatedBy, getdate(), @strDefaultValue_ModifiedBy,getdate(),@intRowStatus_Active,'V1.0','Jumpstation Application','jumpstation')
INSERT INTO [ElementsCPSDB].[dbo].[JumpstationApplication]([Id],[Name],[CreatedBy],[CreatedOn],[ModifiedBy],[ModifiedOn],[RowStatusId],[Version],[Description],[ElementsKey])VALUES(2,'Redirect (1.0.0)',@strDefaultValue_CreatedBy, getdate(), @strDefaultValue_ModifiedBy,getdate(),@intRowStatus_Active,'1.0.0','Redirect Application','redirect')
SET IDENTITY_INSERT [dbo].[JumpstationApplication] OFF
END	

PRINT 'Adding rows to [dbo].[JumpstationDomain]'
BEGIN
SET IDENTITY_INSERT [dbo].[JumpstationDomain] ON
INSERT INTO [ElementsCPSDB].[dbo].[JumpstationDomain]([Id],[Name],[CreatedBy],[CreatedOn],[ModifiedBy],[ModifiedOn],[RowStatusId],[Description],[DomainURL])VALUES(1,'Validation Domain',@strDefaultValue_CreatedBy, getdate(), @strDefaultValue_ModifiedBy,getdate(),@intRowStatus_Active,'Validation Domain','http://itg-stg-jumpstation.rssx.hp.com/jumpstation/jumpstation.py')
INSERT INTO [ElementsCPSDB].[dbo].[JumpstationDomain]([Id],[Name],[CreatedBy],[CreatedOn],[ModifiedBy],[ModifiedOn],[RowStatusId],[Description],[DomainURL])VALUES(2,'Publication Domain',@strDefaultValue_CreatedBy, getdate(), @strDefaultValue_ModifiedBy,getdate(),@intRowStatus_Active,'Publication Domain','http://itg-jumpstation.rssx.hp.com/jumpstation/jumpstation.py')
SET IDENTITY_INSERT [dbo].[JumpstationDomain] OFF
END	

--PRINT 'Adding rows to [dbo].[JumpstationGroupType]'
--BEGIN
--SET IDENTITY_INSERT [dbo].[JumpstationGroupType] ON
--INSERT INTO [ElementsCPSDB].[dbo].[JumpstationGroupType]([Id],[Name],[CreatedBy],[CreatedOn],[ModifiedBy],[ModifiedOn],[RowStatusId],[Description],[JumpstationApplicationId],[ValidationJumpstationDomainId],[PublicationJumpstationDomainId])VALUES(1,'Simple Redirect URLs',@strDefaultValue_CreatedBy, getdate(),@strDefaultValue_ModifiedBy,getdate(),@intRowStatus_Active,'Simple Redirect URLs type', 2, 1, 2)
--INSERT INTO [ElementsCPSDB].[dbo].[JumpstationGroupType]([Id],[Name],[CreatedBy],[CreatedOn],[ModifiedBy],[ModifiedOn],[RowStatusId],[Description],[JumpstationApplicationId],[ValidationJumpstationDomainId],[PublicationJumpstationDomainId])VALUES(2,'All Other Redirect URLs',@strDefaultValue_CreatedBy, getdate(),@strDefaultValue_ModifiedBy,getdate(),@intRowStatus_Active,'All Other Redirect URLs type', 2, 1, 2)
--INSERT INTO [ElementsCPSDB].[dbo].[JumpstationGroupType]([Id],[Name],[CreatedBy],[CreatedOn],[ModifiedBy],[ModifiedOn],[RowStatusId],[Description],[JumpstationApplicationId],[ValidationJumpstationDomainId],[PublicationJumpstationDomainId])VALUES(3,'Default Redirect URLs',@strDefaultValue_CreatedBy, getdate(),@strDefaultValue_ModifiedBy,getdate(),@intRowStatus_Active,'Default Redirect URLs type', 2, 1, 2)
--SET IDENTITY_INSERT [dbo].[JumpstationGroupType] OFF
--END	

--PRINT 'Adding rows to [dbo].[JumpstationGroupStatus]'
--BEGIN
--SET IDENTITY_INSERT [dbo].[JumpstationGroupStatus] ON
--INSERT INTO [ElementsCPSDB].[dbo].[JumpstationGroupStatus]([Id],[Name],[CreatedBy],[CreatedOn],[ModifiedBy],[ModifiedOn],[RowStatusId],[Description])VALUES (1,'Modified',@strDefaultValue_CreatedBy, getdate(), @strDefaultValue_ModifiedBy,getdate(),@intRowStatus_Active, 'Modified State')
--INSERT INTO [ElementsCPSDB].[dbo].[JumpstationGroupStatus]([Id],[Name],[CreatedBy],[CreatedOn],[ModifiedBy],[ModifiedOn],[RowStatusId],[Description])VALUES (2,'ReadyForValidation',@strDefaultValue_CreatedBy, getdate(), @strDefaultValue_ModifiedBy,getdate(),@intRowStatus_Active, 'ReadyForValidation State')
--INSERT INTO [ElementsCPSDB].[dbo].[JumpstationGroupStatus]([Id],[Name],[CreatedBy],[CreatedOn],[ModifiedBy],[ModifiedOn],[RowStatusId],[Description])VALUES (3,'Validated',@strDefaultValue_CreatedBy, getdate(), @strDefaultValue_ModifiedBy,getdate(),@intRowStatus_Active, 'Validated State')
--INSERT INTO [ElementsCPSDB].[dbo].[JumpstationGroupStatus]([Id],[Name],[CreatedBy],[CreatedOn],[ModifiedBy],[ModifiedOn],[RowStatusId],[Description])VALUES (4,'Published',@strDefaultValue_CreatedBy, getdate(), @strDefaultValue_ModifiedBy,getdate(),@intRowStatus_Active, 'Published State')
--INSERT INTO [ElementsCPSDB].[dbo].[JumpstationGroupStatus]([Id],[Name],[CreatedBy],[CreatedOn],[ModifiedBy],[ModifiedOn],[RowStatusId],[Description])VALUES (5,'Published (Production Only)',@strDefaultValue_CreatedBy, getdate(), @strDefaultValue_ModifiedBy,getdate(),@intRowStatus_Active, 'Published (Production Only) State')
--INSERT INTO [ElementsCPSDB].[dbo].[JumpstationGroupStatus]([Id],[Name],[CreatedBy],[CreatedOn],[ModifiedBy],[ModifiedOn],[RowStatusId],[Description])VALUES (6,'Cancelled',@strDefaultValue_CreatedBy, getdate(), @strDefaultValue_ModifiedBy,getdate(),@intRowStatus_Active, 'Cancelled State')
--INSERT INTO [ElementsCPSDB].[dbo].[JumpstationGroupStatus]([Id],[Name],[CreatedBy],[CreatedOn],[ModifiedBy],[ModifiedOn],[RowStatusId],[Description])VALUES (7,'Abandoned',@strDefaultValue_CreatedBy, getdate(), @strDefaultValue_ModifiedBy,getdate(),@intRowStatus_Active, 'Abandoned State')
--INSERT INTO [ElementsCPSDB].[dbo].[JumpstationGroupStatus]([Id],[Name],[CreatedBy],[CreatedOn],[ModifiedBy],[ModifiedOn],[RowStatusId],[Description])VALUES (8,'Deleted',@strDefaultValue_CreatedBy, getdate(), @strDefaultValue_ModifiedBy,getdate(),@intRowStatus_Active, 'Deleted State')
--SET IDENTITY_INSERT [dbo].[JumpstationGroupStatus] OFF
--END	

--PRINT 'Adding rows to [ElementsCPSDB].[dbo].[JumpstationMacroStatus]'
--BEGIN
--SET IDENTITY_INSERT [ElementsCPSDB].[dbo].[JumpstationMacroStatus] ON
--INSERT INTO [ElementsCPSDB].[dbo].[JumpstationMacroStatus]([Id],[Name],[CreatedBy],[CreatedOn],[ModifiedBy],[ModifiedOn],[RowStatusId],[Description])VALUES (1,'Modified',@strDefaultValue_CreatedBy, getdate(), @strDefaultValue_ModifiedBy,getdate(),@intRowStatus_Active, 'Modified State')
--INSERT INTO [ElementsCPSDB].[dbo].[JumpstationMacroStatus]([Id],[Name],[CreatedBy],[CreatedOn],[ModifiedBy],[ModifiedOn],[RowStatusId],[Description])VALUES (2,'ReadyForValidation',@strDefaultValue_CreatedBy, getdate(), @strDefaultValue_ModifiedBy,getdate(),@intRowStatus_Active, 'ReadyForValidation State')
--INSERT INTO [ElementsCPSDB].[dbo].[JumpstationMacroStatus]([Id],[Name],[CreatedBy],[CreatedOn],[ModifiedBy],[ModifiedOn],[RowStatusId],[Description])VALUES (3,'Validated',@strDefaultValue_CreatedBy, getdate(), @strDefaultValue_ModifiedBy,getdate(),@intRowStatus_Active, 'Validated State')
--INSERT INTO [ElementsCPSDB].[dbo].[JumpstationMacroStatus]([Id],[Name],[CreatedBy],[CreatedOn],[ModifiedBy],[ModifiedOn],[RowStatusId],[Description])VALUES (4,'Published',@strDefaultValue_CreatedBy, getdate(), @strDefaultValue_ModifiedBy,getdate(),@intRowStatus_Active, 'Published State')
--INSERT INTO [ElementsCPSDB].[dbo].[JumpstationMacroStatus]([Id],[Name],[CreatedBy],[CreatedOn],[ModifiedBy],[ModifiedOn],[RowStatusId],[Description])VALUES (5,'Published (Production Only)',@strDefaultValue_CreatedBy, getdate(), @strDefaultValue_ModifiedBy,getdate(),@intRowStatus_Active, 'Published (Production Only) State')
--INSERT INTO [ElementsCPSDB].[dbo].[JumpstationMacroStatus]([Id],[Name],[CreatedBy],[CreatedOn],[ModifiedBy],[ModifiedOn],[RowStatusId],[Description])VALUES (6,'Cancelled',@strDefaultValue_CreatedBy, getdate(), @strDefaultValue_ModifiedBy,getdate(),@intRowStatus_Active, 'Cancelled State')
--INSERT INTO [ElementsCPSDB].[dbo].[JumpstationMacroStatus]([Id],[Name],[CreatedBy],[CreatedOn],[ModifiedBy],[ModifiedOn],[RowStatusId],[Description])VALUES (7,'Abandoned',@strDefaultValue_CreatedBy, getdate(), @strDefaultValue_ModifiedBy,getdate(),@intRowStatus_Active, 'Abandoned State')
--INSERT INTO [ElementsCPSDB].[dbo].[JumpstationMacroStatus]([Id],[Name],[CreatedBy],[CreatedOn],[ModifiedBy],[ModifiedOn],[RowStatusId],[Description])VALUES (8,'Deleted',@strDefaultValue_CreatedBy, getdate(), @strDefaultValue_ModifiedBy,getdate(),@intRowStatus_Active, 'Deleted State')
--SET IDENTITY_INSERT [ElementsCPSDB].[dbo].[JumpstationMacroStatus] OFF
--END	

--PRINT 'Adding rows to [ElementsCPSDB].[dbo].[JumpstationMacro]'
--BEGIN
--SET IDENTITY_INSERT [ElementsCPSDB].[dbo].[JumpstationMacro] ON
--INSERT INTO [ElementsCPSDB].[dbo].[JumpstationMacro]([Id],[Name],[CreatedBy],[CreatedOn],[ModifiedBy],[ModifiedOn],[RowStatusId],[Description],[JumpstationMacroStatusId],[OwnerId],[DefaultResultValue])VALUES (1,'ap_prod_url',@strDefaultValue_CreatedBy, getdate(), @strDefaultValue_ModifiedBy,getdate(),@intRowStatus_Active, null,@intStatus_modified,1,'Invalid')
--INSERT INTO [ElementsCPSDB].[dbo].[JumpstationMacro]([Id],[Name],[CreatedBy],[CreatedOn],[ModifiedBy],[ModifiedOn],[RowStatusId],[Description],[JumpstationMacroStatusId],[OwnerId],[DefaultResultValue])VALUES (2,'ap_test_url',@strDefaultValue_CreatedBy, getdate(), @strDefaultValue_ModifiedBy,getdate(),@intRowStatus_Active, null,@intStatus_modified,1,'Invalid')
--INSERT INTO [ElementsCPSDB].[dbo].[JumpstationMacro]([Id],[Name],[CreatedBy],[CreatedOn],[ModifiedBy],[ModifiedOn],[RowStatusId],[Description],[JumpstationMacroStatusId],[OwnerId],[DefaultResultValue])VALUES (3,'clar_prod_domain',@strDefaultValue_CreatedBy, getdate(), @strDefaultValue_ModifiedBy,getdate(),@intRowStatus_Active, null,@intStatus_modified,1,'Invalid')
--INSERT INTO [ElementsCPSDB].[dbo].[JumpstationMacro]([Id],[Name],[CreatedBy],[CreatedOn],[ModifiedBy],[ModifiedOn],[RowStatusId],[Description],[JumpstationMacroStatusId],[OwnerId],[DefaultResultValue])VALUES (4,'clar_prod_url',@strDefaultValue_CreatedBy, getdate(), @strDefaultValue_ModifiedBy,getdate(),@intRowStatus_Active, null,@intStatus_modified,1,'Invalid')
--INSERT INTO [ElementsCPSDB].[dbo].[JumpstationMacro]([Id],[Name],[CreatedBy],[CreatedOn],[ModifiedBy],[ModifiedOn],[RowStatusId],[Description],[JumpstationMacroStatusId],[OwnerId],[DefaultResultValue])VALUES (5,'clar_test_url',@strDefaultValue_CreatedBy, getdate(), @strDefaultValue_ModifiedBy,getdate(),@intRowStatus_Active, null,@intStatus_modified,1,'Invalid')
--INSERT INTO [ElementsCPSDB].[dbo].[JumpstationMacro]([Id],[Name],[CreatedBy],[CreatedOn],[ModifiedBy],[ModifiedOn],[RowStatusId],[Description],[JumpstationMacroStatusId],[OwnerId],[DefaultResultValue])VALUES (6,'clar_test_url1',@strDefaultValue_CreatedBy, getdate(), @strDefaultValue_ModifiedBy,getdate(),@intRowStatus_Active, null,@intStatus_modified,1,'Invalid')
--INSERT INTO [ElementsCPSDB].[dbo].[JumpstationMacro]([Id],[Name],[CreatedBy],[CreatedOn],[ModifiedBy],[ModifiedOn],[RowStatusId],[Description],[JumpstationMacroStatusId],[OwnerId],[DefaultResultValue])VALUES (7,'emea_prod_url',@strDefaultValue_CreatedBy, getdate(), @strDefaultValue_ModifiedBy,getdate(),@intRowStatus_Active, null,@intStatus_modified,1,'Invalid')
--INSERT INTO [ElementsCPSDB].[dbo].[JumpstationMacro]([Id],[Name],[CreatedBy],[CreatedOn],[ModifiedBy],[ModifiedOn],[RowStatusId],[Description],[JumpstationMacroStatusId],[OwnerId],[DefaultResultValue])VALUES (8,'emea_test_url',@strDefaultValue_CreatedBy, getdate(), @strDefaultValue_ModifiedBy,getdate(),@intRowStatus_Active, null,@intStatus_modified,1,'Invalid')
--INSERT INTO [ElementsCPSDB].[dbo].[JumpstationMacro]([Id],[Name],[CreatedBy],[CreatedOn],[ModifiedBy],[ModifiedOn],[RowStatusId],[Description],[JumpstationMacroStatusId],[OwnerId],[DefaultResultValue])VALUES (9,'fix_params',@strDefaultValue_CreatedBy, getdate(), @strDefaultValue_ModifiedBy,getdate(),@intRowStatus_Active, null,@intStatus_modified,1,'Invalid')
--INSERT INTO [ElementsCPSDB].[dbo].[JumpstationMacro]([Id],[Name],[CreatedBy],[CreatedOn],[ModifiedBy],[ModifiedOn],[RowStatusId],[Description],[JumpstationMacroStatusId],[OwnerId],[DefaultResultValue])VALUES (10,'fix_params_serial',@strDefaultValue_CreatedBy, getdate(), @strDefaultValue_ModifiedBy,getdate(),@intRowStatus_Active, null,@intStatus_modified,1,'Invalid')
--INSERT INTO [ElementsCPSDB].[dbo].[JumpstationMacro]([Id],[Name],[CreatedBy],[CreatedOn],[ModifiedBy],[ModifiedOn],[RowStatusId],[Description],[JumpstationMacroStatusId],[OwnerId],[DefaultResultValue])VALUES (11,'fix_paramsmodel',@strDefaultValue_CreatedBy, getdate(), @strDefaultValue_ModifiedBy,getdate(),@intRowStatus_Active, null,@intStatus_modified,1,'Invalid')
--INSERT INTO [ElementsCPSDB].[dbo].[JumpstationMacro]([Id],[Name],[CreatedBy],[CreatedOn],[ModifiedBy],[ModifiedOn],[RowStatusId],[Description],[JumpstationMacroStatusId],[OwnerId],[DefaultResultValue])VALUES (12,'http_prefix',@strDefaultValue_CreatedBy, getdate(), @strDefaultValue_ModifiedBy,getdate(),@intRowStatus_Active, null,@intStatus_modified,1,'Invalid')
--INSERT INTO [ElementsCPSDB].[dbo].[JumpstationMacro]([Id],[Name],[CreatedBy],[CreatedOn],[ModifiedBy],[ModifiedOn],[RowStatusId],[Description],[JumpstationMacroStatusId],[OwnerId],[DefaultResultValue])VALUES (13,'http_protocol',@strDefaultValue_CreatedBy, getdate(), @strDefaultValue_ModifiedBy,getdate(),@intRowStatus_Active, null,@intStatus_modified,1,'Invalid')
--INSERT INTO [ElementsCPSDB].[dbo].[JumpstationMacro]([Id],[Name],[CreatedBy],[CreatedOn],[ModifiedBy],[ModifiedOn],[RowStatusId],[Description],[JumpstationMacroStatusId],[OwnerId],[DefaultResultValue])VALUES (14,'hut2005mvpcserver',@strDefaultValue_CreatedBy, getdate(), @strDefaultValue_ModifiedBy,getdate(),@intRowStatus_Active, null,1,1,'Invalid')
--INSERT INTO [ElementsCPSDB].[dbo].[JumpstationMacro]([Id],[Name],[CreatedBy],[CreatedOn],[ModifiedBy],[ModifiedOn],[RowStatusId],[Description],[JumpstationMacroStatusId],[OwnerId],[DefaultResultValue])VALUES (15,'les_itg_url',@strDefaultValue_CreatedBy, getdate(), @strDefaultValue_ModifiedBy,getdate(),@intRowStatus_Active, null,@intStatus_modified,1,'Invalid')
--INSERT INTO [ElementsCPSDB].[dbo].[JumpstationMacro]([Id],[Name],[CreatedBy],[CreatedOn],[ModifiedBy],[ModifiedOn],[RowStatusId],[Description],[JumpstationMacroStatusId],[OwnerId],[DefaultResultValue])VALUES (16,'les_prod_url',@strDefaultValue_CreatedBy, getdate(), @strDefaultValue_ModifiedBy,getdate(),@intRowStatus_Active, null,@intStatus_modified,1,'Invalid')
--INSERT INTO [ElementsCPSDB].[dbo].[JumpstationMacro]([Id],[Name],[CreatedBy],[CreatedOn],[ModifiedBy],[ModifiedOn],[RowStatusId],[Description],[JumpstationMacroStatusId],[OwnerId],[DefaultResultValue])VALUES (17,'mapcntrycode',@strDefaultValue_CreatedBy, getdate(), @strDefaultValue_ModifiedBy,getdate(),@intRowStatus_Active, null,@intStatus_modified,1,'Invalid')
--INSERT INTO [ElementsCPSDB].[dbo].[JumpstationMacro]([Id],[Name],[CreatedBy],[CreatedOn],[ModifiedBy],[ModifiedOn],[RowStatusId],[Description],[JumpstationMacroStatusId],[OwnerId],[DefaultResultValue])VALUES (18,'mapcntryname',@strDefaultValue_CreatedBy, getdate(), @strDefaultValue_ModifiedBy,getdate(),@intRowStatus_Active, null,@intStatus_modified,1,'Invalid')
--INSERT INTO [ElementsCPSDB].[dbo].[JumpstationMacro]([Id],[Name],[CreatedBy],[CreatedOn],[ModifiedBy],[ModifiedOn],[RowStatusId],[Description],[JumpstationMacroStatusId],[OwnerId],[DefaultResultValue])VALUES (19,'mapiso2lang',@strDefaultValue_CreatedBy, getdate(), @strDefaultValue_ModifiedBy,getdate(),@intRowStatus_Active, null,@intStatus_modified,1,'Invalid')
--INSERT INTO [ElementsCPSDB].[dbo].[JumpstationMacro]([Id],[Name],[CreatedBy],[CreatedOn],[ModifiedBy],[ModifiedOn],[RowStatusId],[Description],[JumpstationMacroStatusId],[OwnerId],[DefaultResultValue])VALUES (20,'mapisolang',@strDefaultValue_CreatedBy, getdate(), @strDefaultValue_ModifiedBy,getdate(),@intRowStatus_Active, null,@intStatus_modified,1,'Invalid')
--INSERT INTO [ElementsCPSDB].[dbo].[JumpstationMacro]([Id],[Name],[CreatedBy],[CreatedOn],[ModifiedBy],[ModifiedOn],[RowStatusId],[Description],[JumpstationMacroStatusId],[OwnerId],[DefaultResultValue])VALUES (21,'maprgncntry',@strDefaultValue_CreatedBy, getdate(), @strDefaultValue_ModifiedBy,getdate(),@intRowStatus_Active, null,@intStatus_modified,1,'Invalid')
--INSERT INTO [ElementsCPSDB].[dbo].[JumpstationMacro]([Id],[Name],[CreatedBy],[CreatedOn],[ModifiedBy],[ModifiedOn],[RowStatusId],[Description],[JumpstationMacroStatusId],[OwnerId],[DefaultResultValue])VALUES (22,'maprgncntrylang',@strDefaultValue_CreatedBy, getdate(), @strDefaultValue_ModifiedBy,getdate(),@intRowStatus_Active, null,@intStatus_modified,1,'Invalid')
--INSERT INTO [ElementsCPSDB].[dbo].[JumpstationMacro]([Id],[Name],[CreatedBy],[CreatedOn],[ModifiedBy],[ModifiedOn],[RowStatusId],[Description],[JumpstationMacroStatusId],[OwnerId],[DefaultResultValue])VALUES (23,'maprgncntrynum',@strDefaultValue_CreatedBy, getdate(), @strDefaultValue_ModifiedBy,getdate(),@intRowStatus_Active, null,@intStatus_modified,1,'Invalid')
--INSERT INTO [ElementsCPSDB].[dbo].[JumpstationMacro]([Id],[Name],[CreatedBy],[CreatedOn],[ModifiedBy],[ModifiedOn],[RowStatusId],[Description],[JumpstationMacroStatusId],[OwnerId],[DefaultResultValue])VALUES (24,'maprgnlang',@strDefaultValue_CreatedBy, getdate(), @strDefaultValue_ModifiedBy,getdate(),@intRowStatus_Active, null,@intStatus_modified,1,'Invalid')
--INSERT INTO [ElementsCPSDB].[dbo].[JumpstationMacro]([Id],[Name],[CreatedBy],[CreatedOn],[ModifiedBy],[ModifiedOn],[RowStatusId],[Description],[JumpstationMacroStatusId],[OwnerId],[DefaultResultValue])VALUES (25,'registerbase',@strDefaultValue_CreatedBy, getdate(), @strDefaultValue_ModifiedBy,getdate(),@intRowStatus_Active, null,@intStatus_modified,1,'Invalid')
--INSERT INTO [ElementsCPSDB].[dbo].[JumpstationMacro]([Id],[Name],[CreatedBy],[CreatedOn],[ModifiedBy],[ModifiedOn],[RowStatusId],[Description],[JumpstationMacroStatusId],[OwnerId],[DefaultResultValue])VALUES (26,'roleserver',@strDefaultValue_CreatedBy, getdate(), @strDefaultValue_ModifiedBy,getdate(),@intRowStatus_Active, null,@intStatus_modified,1,'Invalid')
--INSERT INTO [ElementsCPSDB].[dbo].[JumpstationMacro]([Id],[Name],[CreatedBy],[CreatedOn],[ModifiedBy],[ModifiedOn],[RowStatusId],[Description],[JumpstationMacroStatusId],[OwnerId],[DefaultResultValue])VALUES (27,'servername',@strDefaultValue_CreatedBy, getdate(), @strDefaultValue_ModifiedBy,getdate(),@intRowStatus_Active, null,@intStatus_modified,1,'Invalid')
--INSERT INTO [ElementsCPSDB].[dbo].[JumpstationMacro]([Id],[Name],[CreatedBy],[CreatedOn],[ModifiedBy],[ModifiedOn],[RowStatusId],[Description],[JumpstationMacroStatusId],[OwnerId],[DefaultResultValue])VALUES (28,'skyroom_params1',@strDefaultValue_CreatedBy, getdate(), @strDefaultValue_ModifiedBy,getdate(),@intRowStatus_Active, null,@intStatus_modified,1,'Invalid')
--INSERT INTO [ElementsCPSDB].[dbo].[JumpstationMacro]([Id],[Name],[CreatedBy],[CreatedOn],[ModifiedBy],[ModifiedOn],[RowStatusId],[Description],[JumpstationMacroStatusId],[OwnerId],[DefaultResultValue])VALUES (29,'testregisterbase',@strDefaultValue_CreatedBy, getdate(), @strDefaultValue_ModifiedBy,getdate(),@intRowStatus_Active, null,@intStatus_modified,1,'Invalid')
--INSERT INTO [ElementsCPSDB].[dbo].[JumpstationMacro]([Id],[Name],[CreatedBy],[CreatedOn],[ModifiedBy],[ModifiedOn],[RowStatusId],[Description],[JumpstationMacroStatusId],[OwnerId],[DefaultResultValue])VALUES (30,'twodigitday',@strDefaultValue_CreatedBy, getdate(), @strDefaultValue_ModifiedBy,getdate(),@intRowStatus_Active, null,@intStatus_modified,1,'Invalid')
--INSERT INTO [ElementsCPSDB].[dbo].[JumpstationMacro]([Id],[Name],[CreatedBy],[CreatedOn],[ModifiedBy],[ModifiedOn],[RowStatusId],[Description],[JumpstationMacroStatusId],[OwnerId],[DefaultResultValue])VALUES (31,'twodigitmonth',@strDefaultValue_CreatedBy, getdate(), @strDefaultValue_ModifiedBy,getdate(),@intRowStatus_Active, null,@intStatus_modified,1,'Invalid')
--INSERT INTO [ElementsCPSDB].[dbo].[JumpstationMacro]([Id],[Name],[CreatedBy],[CreatedOn],[ModifiedBy],[ModifiedOn],[RowStatusId],[Description],[JumpstationMacroStatusId],[OwnerId],[DefaultResultValue])VALUES (32,'unavailable_link',@strDefaultValue_CreatedBy, getdate(), @strDefaultValue_ModifiedBy,getdate(),@intRowStatus_Active, null,@intStatus_modified,1,'Invalid')
--INSERT INTO [ElementsCPSDB].[dbo].[JumpstationMacro]([Id],[Name],[CreatedBy],[CreatedOn],[ModifiedBy],[ModifiedOn],[RowStatusId],[Description],[JumpstationMacroStatusId],[OwnerId],[DefaultResultValue])VALUES (33,'vp_params',@strDefaultValue_CreatedBy, getdate(), @strDefaultValue_ModifiedBy,getdate(),@intRowStatus_Active, null,@intStatus_modified,1,'Invalid')
--SET IDENTITY_INSERT [ElementsCPSDB].[dbo].[JumpstationMacro] OFF
--END	

--PRINT 'Adding rows to [ElementsCPSDB].[dbo].[JumpstationMacroValue]'
--BEGIN
--INSERT INTO [ElementsCPSDB].[dbo].[JumpstationMacroValue]([JumpstationMacroId],[MatchName],[ResultValue],[CreatedBy],[CreatedOn],[ModifiedBy],[ModifiedOn],[RowStatusId])VALUES(1,null,'https://h50155.www5.hp.com/connexion/prodreg.asp',@strDefaultValue_CreatedBy, getdate(), @strDefaultValue_ModifiedBy,getdate(),@intRowStatus_Active)
--INSERT INTO [ElementsCPSDB].[dbo].[JumpstationMacroValue]([JumpstationMacroId],[MatchName],[ResultValue],[CreatedBy],[CreatedOn],[ModifiedBy],[ModifiedOn],[RowStatusId])VALUES(2,null,'https://h50155.stage.asiapac.hp.com/connexion/prodreg.asp',@strDefaultValue_CreatedBy, getdate(), @strDefaultValue_ModifiedBy,getdate(),@intRowStatus_Active)
--INSERT INTO [ElementsCPSDB].[dbo].[JumpstationMacroValue]([JumpstationMacroId],[MatchName],[ResultValue],[CreatedBy],[CreatedOn],[ModifiedBy],[ModifiedOn],[RowStatusId])VALUES(3,null,'https://register.hp.com',@strDefaultValue_CreatedBy, getdate(), @strDefaultValue_ModifiedBy,getdate(),@intRowStatus_Active)
--INSERT INTO [ElementsCPSDB].[dbo].[JumpstationMacroValue]([JumpstationMacroId],[MatchName],[ResultValue],[CreatedBy],[CreatedOn],[ModifiedBy],[ModifiedOn],[RowStatusId])VALUES(4,null,'https://register.hp.com/servlet/WebReg.servlets.ProdReg1Servlet',@strDefaultValue_CreatedBy, getdate(), @strDefaultValue_ModifiedBy,getdate(),@intRowStatus_Active)
--INSERT INTO [ElementsCPSDB].[dbo].[JumpstationMacroValue]([JumpstationMacroId],[MatchName],[ResultValue],[CreatedBy],[CreatedOn],[ModifiedBy],[ModifiedOn],[RowStatusId])VALUES(5,null,'https://test1-role.austin.hp.com/servlet/WebReg.servlets.ProdReg1Servlet',@strDefaultValue_CreatedBy, getdate(), @strDefaultValue_ModifiedBy,getdate(),@intRowStatus_Active)
--INSERT INTO [ElementsCPSDB].[dbo].[JumpstationMacroValue]([JumpstationMacroId],[MatchName],[ResultValue],[CreatedBy],[CreatedOn],[ModifiedBy],[ModifiedOn],[RowStatusId])VALUES(6,null,'https://test1-role.austin.hp.com/servlet/WebReg.servlets.ProdReg1Servlet',@strDefaultValue_CreatedBy, getdate(), @strDefaultValue_ModifiedBy,getdate(),@intRowStatus_Active)
--INSERT INTO [ElementsCPSDB].[dbo].[JumpstationMacroValue]([JumpstationMacroId],[MatchName],[ResultValue],[CreatedBy],[CreatedOn],[ModifiedBy],[ModifiedOn],[RowStatusId])VALUES(7,null,'https://register.hp.com/emea/flowPage/registration/index.do',@strDefaultValue_CreatedBy, getdate(), @strDefaultValue_ModifiedBy,getdate(),@intRowStatus_Active)
--INSERT INTO [ElementsCPSDB].[dbo].[JumpstationMacroValue]([JumpstationMacroId],[MatchName],[ResultValue],[CreatedBy],[CreatedOn],[ModifiedBy],[ModifiedOn],[RowStatusId])VALUES(8,null,'http://peclet.brugloht.external.hp.com/emeaJs/JumpStation',@strDefaultValue_CreatedBy, getdate(), @strDefaultValue_ModifiedBy,getdate(),@intRowStatus_Active)
--INSERT INTO [ElementsCPSDB].[dbo].[JumpstationMacroValue]([JumpstationMacroId],[MatchName],[ResultValue],[CreatedBy],[CreatedOn],[ModifiedBy],[ModifiedOn],[RowStatusId])VALUES(9,null,'modelID=&PROD_SERIAL_ID=&PRODUCT_NAME=$product_name$&appID=CATS2_printer&application=303&lang=$lang$&cc=$cc$&pl=$pl$&client_vp=$client_vp$&lf=$lf$&operating_system_2=$prodos$&ex1=$ex1$&ex2=$ex2$&ex3=$ex3$',@strDefaultValue_CreatedBy, getdate(), @strDefaultValue_ModifiedBy,getdate(),@intRowStatus_Active)
--INSERT INTO [ElementsCPSDB].[dbo].[JumpstationMacroValue]([JumpstationMacroId],[MatchName],[ResultValue],[CreatedBy],[CreatedOn],[ModifiedBy],[ModifiedOn],[RowStatusId])VALUES(10,null,'modelID=$modelid$&PROD_SERIAL_ID=&PRODUCT_NAME=$product_name$&appID=CATS2_printer&application=303&lang=$lang$&cc=$cc$&pl=$pl$&client_vp=$client_vp$&lf=$lf$&operating_system_2=$prodos$&ex1=$ex1$&ex2=$ex2$&ex3=$ex3$',@strDefaultValue_CreatedBy, getdate(), @strDefaultValue_ModifiedBy,getdate(),@intRowStatus_Active)
--INSERT INTO [ElementsCPSDB].[dbo].[JumpstationMacroValue]([JumpstationMacroId],[MatchName],[ResultValue],[CreatedBy],[CreatedOn],[ModifiedBy],[ModifiedOn],[RowStatusId])VALUES(11,null,'modelID=&PROD_SERIAL_ID=$prod_serial_id$&PRODUCT_NAME=$product_name$&appID=CATS2_printer&application=303&lang=$lang$&cc=$cc$&pl=$pl$&client_vp=$client_vp$&lf=$lf$&operating_system_2=$prodos$&ex1=$ex1$&ex2=$ex2$&ex3=$ex3$',@strDefaultValue_CreatedBy, getdate(), @strDefaultValue_ModifiedBy,getdate(),@intRowStatus_Active)
--INSERT INTO [ElementsCPSDB].[dbo].[JumpstationMacroValue]([JumpstationMacroId],[MatchName],[ResultValue],[CreatedBy],[CreatedOn],[ModifiedBy],[ModifiedOn],[RowStatusId])VALUES(12,null,'http',@strDefaultValue_CreatedBy, getdate(), @strDefaultValue_ModifiedBy,getdate(),@intRowStatus_Active)
--INSERT INTO [ElementsCPSDB].[dbo].[JumpstationMacroValue]([JumpstationMacroId],[MatchName],[ResultValue],[CreatedBy],[CreatedOn],[ModifiedBy],[ModifiedOn],[RowStatusId])VALUES(13,null,'$http_prefix$://',@strDefaultValue_CreatedBy, getdate(), @strDefaultValue_ModifiedBy,getdate(),@intRowStatus_Active)
--INSERT INTO [ElementsCPSDB].[dbo].[JumpstationMacroValue]([JumpstationMacroId],[MatchName],[ResultValue],[CreatedBy],[CreatedOn],[ModifiedBy],[ModifiedOn],[RowStatusId])VALUES(14,null,'vausnzpro.austin.hp.com/HUT2005',@strDefaultValue_CreatedBy, getdate(), @strDefaultValue_ModifiedBy,getdate(),@intRowStatus_Active)
--INSERT INTO [ElementsCPSDB].[dbo].[JumpstationMacroValue]([JumpstationMacroId],[MatchName],[ResultValue],[CreatedBy],[CreatedOn],[ModifiedBy],[ModifiedOn],[RowStatusId])VALUES(15,null,'https://checkerspot-itg.atlanta.hp.com/CVP-WebPublic/Validate',@strDefaultValue_CreatedBy, getdate(), @strDefaultValue_ModifiedBy,getdate(),@intRowStatus_Active)
--INSERT INTO [ElementsCPSDB].[dbo].[JumpstationMacroValue]([JumpstationMacroId],[MatchName],[ResultValue],[CreatedBy],[CreatedOn],[ModifiedBy],[ModifiedOn],[RowStatusId])VALUES(16,null,'https://checkerspot.atlanta.hp.com/CVP-WebPublic/Validate',@strDefaultValue_CreatedBy, getdate(), @strDefaultValue_ModifiedBy,getdate(),@intRowStatus_Active)
--INSERT INTO [ElementsCPSDB].[dbo].[JumpstationMacroValue]([JumpstationMacroId],[MatchName],[ResultValue],[CreatedBy],[CreatedOn],[ModifiedBy],[ModifiedOn],[RowStatusId])VALUES(17,'chs','tw',@strDefaultValue_CreatedBy, getdate(), @strDefaultValue_ModifiedBy,getdate(),@intRowStatus_Active)
--INSERT INTO [ElementsCPSDB].[dbo].[JumpstationMacroValue]([JumpstationMacroId],[MatchName],[ResultValue],[CreatedBy],[CreatedOn],[ModifiedBy],[ModifiedOn],[RowStatusId])VALUES(17,'cht','cn',@strDefaultValue_CreatedBy, getdate(), @strDefaultValue_ModifiedBy,getdate(),@intRowStatus_Active)
--INSERT INTO [ElementsCPSDB].[dbo].[JumpstationMacroValue]([JumpstationMacroId],[MatchName],[ResultValue],[CreatedBy],[CreatedOn],[ModifiedBy],[ModifiedOn],[RowStatusId])VALUES(17,'jpn','jp',@strDefaultValue_CreatedBy, getdate(), @strDefaultValue_ModifiedBy,getdate(),@intRowStatus_Active)
--INSERT INTO [ElementsCPSDB].[dbo].[JumpstationMacroValue]([JumpstationMacroId],[MatchName],[ResultValue],[CreatedBy],[CreatedOn],[ModifiedBy],[ModifiedOn],[RowStatusId])VALUES(17,'kor','kr',@strDefaultValue_CreatedBy, getdate(), @strDefaultValue_ModifiedBy,getdate(),@intRowStatus_Active)
--INSERT INTO [ElementsCPSDB].[dbo].[JumpstationMacroValue]([JumpstationMacroId],[MatchName],[ResultValue],[CreatedBy],[CreatedOn],[ModifiedBy],[ModifiedOn],[RowStatusId])VALUES(18,'0x0406','denmark',@strDefaultValue_CreatedBy, getdate(), @strDefaultValue_ModifiedBy,getdate(),@intRowStatus_Active)
--INSERT INTO [ElementsCPSDB].[dbo].[JumpstationMacroValue]([JumpstationMacroId],[MatchName],[ResultValue],[CreatedBy],[CreatedOn],[ModifiedBy],[ModifiedOn],[RowStatusId])VALUES(18,'0x0407','germany',@strDefaultValue_CreatedBy, getdate(), @strDefaultValue_ModifiedBy,getdate(),@intRowStatus_Active)
--INSERT INTO [ElementsCPSDB].[dbo].[JumpstationMacroValue]([JumpstationMacroId],[MatchName],[ResultValue],[CreatedBy],[CreatedOn],[ModifiedBy],[ModifiedOn],[RowStatusId])VALUES(18,'0x0408','greece',@strDefaultValue_CreatedBy, getdate(), @strDefaultValue_ModifiedBy,getdate(),@intRowStatus_Active)
--INSERT INTO [ElementsCPSDB].[dbo].[JumpstationMacroValue]([JumpstationMacroId],[MatchName],[ResultValue],[CreatedBy],[CreatedOn],[ModifiedBy],[ModifiedOn],[RowStatusId])VALUES(18,'0x040a','spain',@strDefaultValue_CreatedBy, getdate(), @strDefaultValue_ModifiedBy,getdate(),@intRowStatus_Active)
--INSERT INTO [ElementsCPSDB].[dbo].[JumpstationMacroValue]([JumpstationMacroId],[MatchName],[ResultValue],[CreatedBy],[CreatedOn],[ModifiedBy],[ModifiedOn],[RowStatusId])VALUES(18,'0x040b','finland',@strDefaultValue_CreatedBy, getdate(), @strDefaultValue_ModifiedBy,getdate(),@intRowStatus_Active)
--INSERT INTO [ElementsCPSDB].[dbo].[JumpstationMacroValue]([JumpstationMacroId],[MatchName],[ResultValue],[CreatedBy],[CreatedOn],[ModifiedBy],[ModifiedOn],[RowStatusId])VALUES(18,'0x040c','france',@strDefaultValue_CreatedBy, getdate(), @strDefaultValue_ModifiedBy,getdate(),@intRowStatus_Active)
--INSERT INTO [ElementsCPSDB].[dbo].[JumpstationMacroValue]([JumpstationMacroId],[MatchName],[ResultValue],[CreatedBy],[CreatedOn],[ModifiedBy],[ModifiedOn],[RowStatusId])VALUES(18,'0x040d','israel',@strDefaultValue_CreatedBy, getdate(), @strDefaultValue_ModifiedBy,getdate(),@intRowStatus_Active)
--INSERT INTO [ElementsCPSDB].[dbo].[JumpstationMacroValue]([JumpstationMacroId],[MatchName],[ResultValue],[CreatedBy],[CreatedOn],[ModifiedBy],[ModifiedOn],[RowStatusId])VALUES(18,'0x0410','italy',@strDefaultValue_CreatedBy, getdate(), @strDefaultValue_ModifiedBy,getdate(),@intRowStatus_Active)
--INSERT INTO [ElementsCPSDB].[dbo].[JumpstationMacroValue]([JumpstationMacroId],[MatchName],[ResultValue],[CreatedBy],[CreatedOn],[ModifiedBy],[ModifiedOn],[RowStatusId])VALUES(18,'0x0413','netherlands',@strDefaultValue_CreatedBy, getdate(), @strDefaultValue_ModifiedBy,getdate(),@intRowStatus_Active)
--INSERT INTO [ElementsCPSDB].[dbo].[JumpstationMacroValue]([JumpstationMacroId],[MatchName],[ResultValue],[CreatedBy],[CreatedOn],[ModifiedBy],[ModifiedOn],[RowStatusId])VALUES(18,'0x0414','norway',@strDefaultValue_CreatedBy, getdate(), @strDefaultValue_ModifiedBy,getdate(),@intRowStatus_Active)
--INSERT INTO [ElementsCPSDB].[dbo].[JumpstationMacroValue]([JumpstationMacroId],[MatchName],[ResultValue],[CreatedBy],[CreatedOn],[ModifiedBy],[ModifiedOn],[RowStatusId])VALUES(18,'0x041d','sweden',@strDefaultValue_CreatedBy, getdate(), @strDefaultValue_ModifiedBy,getdate(),@intRowStatus_Active)
--INSERT INTO [ElementsCPSDB].[dbo].[JumpstationMacroValue]([JumpstationMacroId],[MatchName],[ResultValue],[CreatedBy],[CreatedOn],[ModifiedBy],[ModifiedOn],[RowStatusId])VALUES(18,'0x041f','turkey',@strDefaultValue_CreatedBy, getdate(), @strDefaultValue_ModifiedBy,getdate(),@intRowStatus_Active)
--INSERT INTO [ElementsCPSDB].[dbo].[JumpstationMacroValue]([JumpstationMacroId],[MatchName],[ResultValue],[CreatedBy],[CreatedOn],[ModifiedBy],[ModifiedOn],[RowStatusId])VALUES(18,'0x0807','switzerland',@strDefaultValue_CreatedBy, getdate(), @strDefaultValue_ModifiedBy,getdate(),@intRowStatus_Active)
--INSERT INTO [ElementsCPSDB].[dbo].[JumpstationMacroValue]([JumpstationMacroId],[MatchName],[ResultValue],[CreatedBy],[CreatedOn],[ModifiedBy],[ModifiedOn],[RowStatusId])VALUES(18,'0x080c','belgium',@strDefaultValue_CreatedBy, getdate(), @strDefaultValue_ModifiedBy,getdate(),@intRowStatus_Active)
--INSERT INTO [ElementsCPSDB].[dbo].[JumpstationMacroValue]([JumpstationMacroId],[MatchName],[ResultValue],[CreatedBy],[CreatedOn],[ModifiedBy],[ModifiedOn],[RowStatusId])VALUES(18,'0x0810','switzerland',@strDefaultValue_CreatedBy, getdate(), @strDefaultValue_ModifiedBy,getdate(),@intRowStatus_Active)
--INSERT INTO [ElementsCPSDB].[dbo].[JumpstationMacroValue]([JumpstationMacroId],[MatchName],[ResultValue],[CreatedBy],[CreatedOn],[ModifiedBy],[ModifiedOn],[RowStatusId])VALUES(18,'0x0813','belgium',@strDefaultValue_CreatedBy, getdate(), @strDefaultValue_ModifiedBy,getdate(),@intRowStatus_Active)
--INSERT INTO [ElementsCPSDB].[dbo].[JumpstationMacroValue]([JumpstationMacroId],[MatchName],[ResultValue],[CreatedBy],[CreatedOn],[ModifiedBy],[ModifiedOn],[RowStatusId])VALUES(18,'0x0814','norway',@strDefaultValue_CreatedBy, getdate(), @strDefaultValue_ModifiedBy,getdate(),@intRowStatus_Active)
--INSERT INTO [ElementsCPSDB].[dbo].[JumpstationMacroValue]([JumpstationMacroId],[MatchName],[ResultValue],[CreatedBy],[CreatedOn],[ModifiedBy],[ModifiedOn],[RowStatusId])VALUES(18,'0x0816','portugal',@strDefaultValue_CreatedBy, getdate(), @strDefaultValue_ModifiedBy,getdate(),@intRowStatus_Active)
--INSERT INTO [ElementsCPSDB].[dbo].[JumpstationMacroValue]([JumpstationMacroId],[MatchName],[ResultValue],[CreatedBy],[CreatedOn],[ModifiedBy],[ModifiedOn],[RowStatusId])VALUES(18,'0x081d','finland',@strDefaultValue_CreatedBy, getdate(), @strDefaultValue_ModifiedBy,getdate(),@intRowStatus_Active)
--INSERT INTO [ElementsCPSDB].[dbo].[JumpstationMacroValue]([JumpstationMacroId],[MatchName],[ResultValue],[CreatedBy],[CreatedOn],[ModifiedBy],[ModifiedOn],[RowStatusId])VALUES(18,'0x0c07','austria',@strDefaultValue_CreatedBy, getdate(), @strDefaultValue_ModifiedBy,getdate(),@intRowStatus_Active)
--INSERT INTO [ElementsCPSDB].[dbo].[JumpstationMacroValue]([JumpstationMacroId],[MatchName],[ResultValue],[CreatedBy],[CreatedOn],[ModifiedBy],[ModifiedOn],[RowStatusId])VALUES(18,'0x0c0a','spain',@strDefaultValue_CreatedBy, getdate(), @strDefaultValue_ModifiedBy,getdate(),@intRowStatus_Active)
--INSERT INTO [ElementsCPSDB].[dbo].[JumpstationMacroValue]([JumpstationMacroId],[MatchName],[ResultValue],[CreatedBy],[CreatedOn],[ModifiedBy],[ModifiedOn],[RowStatusId])VALUES(18,'0x100c','switzerland',@strDefaultValue_CreatedBy, getdate(), @strDefaultValue_ModifiedBy,getdate(),@intRowStatus_Active)
--INSERT INTO [ElementsCPSDB].[dbo].[JumpstationMacroValue]([JumpstationMacroId],[MatchName],[ResultValue],[CreatedBy],[CreatedOn],[ModifiedBy],[ModifiedOn],[RowStatusId])VALUES(18,'chs','china',@strDefaultValue_CreatedBy, getdate(), @strDefaultValue_ModifiedBy,getdate(),@intRowStatus_Active)
--INSERT INTO [ElementsCPSDB].[dbo].[JumpstationMacroValue]([JumpstationMacroId],[MatchName],[ResultValue],[CreatedBy],[CreatedOn],[ModifiedBy],[ModifiedOn],[RowStatusId])VALUES(18,'cht','taiwan',@strDefaultValue_CreatedBy, getdate(), @strDefaultValue_ModifiedBy,getdate(),@intRowStatus_Active)
--INSERT INTO [ElementsCPSDB].[dbo].[JumpstationMacroValue]([JumpstationMacroId],[MatchName],[ResultValue],[CreatedBy],[CreatedOn],[ModifiedBy],[ModifiedOn],[RowStatusId])VALUES(18,'jpn','japan',@strDefaultValue_CreatedBy, getdate(), @strDefaultValue_ModifiedBy,getdate(),@intRowStatus_Active)
--INSERT INTO [ElementsCPSDB].[dbo].[JumpstationMacroValue]([JumpstationMacroId],[MatchName],[ResultValue],[CreatedBy],[CreatedOn],[ModifiedBy],[ModifiedOn],[RowStatusId])VALUES(18,'kor','korea',@strDefaultValue_CreatedBy, getdate(), @strDefaultValue_ModifiedBy,getdate(),@intRowStatus_Active)

--INSERT INTO [ElementsCPSDB].[dbo].[JumpstationMacroValue]([JumpstationMacroId],[MatchName],[ResultValue],[CreatedBy],[CreatedOn],[ModifiedBy],[ModifiedOn],[RowStatusId])VALUES(19,'chs','13',@strDefaultValue_CreatedBy, getdate(), @strDefaultValue_ModifiedBy,getdate(),@intRowStatus_Active)
--INSERT INTO [ElementsCPSDB].[dbo].[JumpstationMacroValue]([JumpstationMacroId],[MatchName],[ResultValue],[CreatedBy],[CreatedOn],[ModifiedBy],[ModifiedOn],[RowStatusId])VALUES(19,'cht','12',@strDefaultValue_CreatedBy, getdate(), @strDefaultValue_ModifiedBy,getdate(),@intRowStatus_Active)
--INSERT INTO [ElementsCPSDB].[dbo].[JumpstationMacroValue]([JumpstationMacroId],[MatchName],[ResultValue],[CreatedBy],[CreatedOn],[ModifiedBy],[ModifiedOn],[RowStatusId])VALUES(19,'csy','cs',@strDefaultValue_CreatedBy, getdate(), @strDefaultValue_ModifiedBy,getdate(),@intRowStatus_Active)
--INSERT INTO [ElementsCPSDB].[dbo].[JumpstationMacroValue]([JumpstationMacroId],[MatchName],[ResultValue],[CreatedBy],[CreatedOn],[ModifiedBy],[ModifiedOn],[RowStatusId])VALUES(19,'dan','da',@strDefaultValue_CreatedBy, getdate(), @strDefaultValue_ModifiedBy,getdate(),@intRowStatus_Active)
--INSERT INTO [ElementsCPSDB].[dbo].[JumpstationMacroValue]([JumpstationMacroId],[MatchName],[ResultValue],[CreatedBy],[CreatedOn],[ModifiedBy],[ModifiedOn],[RowStatusId])VALUES(19,'deu','de',@strDefaultValue_CreatedBy, getdate(), @strDefaultValue_ModifiedBy,getdate(),@intRowStatus_Active)
--INSERT INTO [ElementsCPSDB].[dbo].[JumpstationMacroValue]([JumpstationMacroId],[MatchName],[ResultValue],[CreatedBy],[CreatedOn],[ModifiedBy],[ModifiedOn],[RowStatusId])VALUES(19,'eng','en',@strDefaultValue_CreatedBy, getdate(), @strDefaultValue_ModifiedBy,getdate(),@intRowStatus_Active)
--INSERT INTO [ElementsCPSDB].[dbo].[JumpstationMacroValue]([JumpstationMacroId],[MatchName],[ResultValue],[CreatedBy],[CreatedOn],[ModifiedBy],[ModifiedOn],[RowStatusId])VALUES(19,'enu','en',@strDefaultValue_CreatedBy, getdate(), @strDefaultValue_ModifiedBy,getdate(),@intRowStatus_Active)
--INSERT INTO [ElementsCPSDB].[dbo].[JumpstationMacroValue]([JumpstationMacroId],[MatchName],[ResultValue],[CreatedBy],[CreatedOn],[ModifiedBy],[ModifiedOn],[RowStatusId])VALUES(19,'esm','es',@strDefaultValue_CreatedBy, getdate(), @strDefaultValue_ModifiedBy,getdate(),@intRowStatus_Active)
--INSERT INTO [ElementsCPSDB].[dbo].[JumpstationMacroValue]([JumpstationMacroId],[MatchName],[ResultValue],[CreatedBy],[CreatedOn],[ModifiedBy],[ModifiedOn],[RowStatusId])VALUES(19,'fin','fi',@strDefaultValue_CreatedBy, getdate(), @strDefaultValue_ModifiedBy,getdate(),@intRowStatus_Active)
--INSERT INTO [ElementsCPSDB].[dbo].[JumpstationMacroValue]([JumpstationMacroId],[MatchName],[ResultValue],[CreatedBy],[CreatedOn],[ModifiedBy],[ModifiedOn],[RowStatusId])VALUES(19,'fra','fr',@strDefaultValue_CreatedBy, getdate(), @strDefaultValue_ModifiedBy,getdate(),@intRowStatus_Active)
--INSERT INTO [ElementsCPSDB].[dbo].[JumpstationMacroValue]([JumpstationMacroId],[MatchName],[ResultValue],[CreatedBy],[CreatedOn],[ModifiedBy],[ModifiedOn],[RowStatusId])VALUES(19,'grk','el',@strDefaultValue_CreatedBy, getdate(), @strDefaultValue_ModifiedBy,getdate(),@intRowStatus_Active)
--INSERT INTO [ElementsCPSDB].[dbo].[JumpstationMacroValue]([JumpstationMacroId],[MatchName],[ResultValue],[CreatedBy],[CreatedOn],[ModifiedBy],[ModifiedOn],[RowStatusId])VALUES(19,'hun','hu',@strDefaultValue_CreatedBy, getdate(), @strDefaultValue_ModifiedBy,getdate(),@intRowStatus_Active)
--INSERT INTO [ElementsCPSDB].[dbo].[JumpstationMacroValue]([JumpstationMacroId],[MatchName],[ResultValue],[CreatedBy],[CreatedOn],[ModifiedBy],[ModifiedOn],[RowStatusId])VALUES(19,'ita','it',@strDefaultValue_CreatedBy, getdate(), @strDefaultValue_ModifiedBy,getdate(),@intRowStatus_Active)
--INSERT INTO [ElementsCPSDB].[dbo].[JumpstationMacroValue]([JumpstationMacroId],[MatchName],[ResultValue],[CreatedBy],[CreatedOn],[ModifiedBy],[ModifiedOn],[RowStatusId])VALUES(19,'jpn','ja',@strDefaultValue_CreatedBy, getdate(), @strDefaultValue_ModifiedBy,getdate(),@intRowStatus_Active)
--INSERT INTO [ElementsCPSDB].[dbo].[JumpstationMacroValue]([JumpstationMacroId],[MatchName],[ResultValue],[CreatedBy],[CreatedOn],[ModifiedBy],[ModifiedOn],[RowStatusId])VALUES(19,'kor','ko',@strDefaultValue_CreatedBy, getdate(), @strDefaultValue_ModifiedBy,getdate(),@intRowStatus_Active)
--INSERT INTO [ElementsCPSDB].[dbo].[JumpstationMacroValue]([JumpstationMacroId],[MatchName],[ResultValue],[CreatedBy],[CreatedOn],[ModifiedBy],[ModifiedOn],[RowStatusId])VALUES(19,'nld','nl',@strDefaultValue_CreatedBy, getdate(), @strDefaultValue_ModifiedBy,getdate(),@intRowStatus_Active)
--INSERT INTO [ElementsCPSDB].[dbo].[JumpstationMacroValue]([JumpstationMacroId],[MatchName],[ResultValue],[CreatedBy],[CreatedOn],[ModifiedBy],[ModifiedOn],[RowStatusId])VALUES(19,'non','no',@strDefaultValue_CreatedBy, getdate(), @strDefaultValue_ModifiedBy,getdate(),@intRowStatus_Active)
--INSERT INTO [ElementsCPSDB].[dbo].[JumpstationMacroValue]([JumpstationMacroId],[MatchName],[ResultValue],[CreatedBy],[CreatedOn],[ModifiedBy],[ModifiedOn],[RowStatusId])VALUES(19,'plk','pl',@strDefaultValue_CreatedBy, getdate(), @strDefaultValue_ModifiedBy,getdate(),@intRowStatus_Active)
--INSERT INTO [ElementsCPSDB].[dbo].[JumpstationMacroValue]([JumpstationMacroId],[MatchName],[ResultValue],[CreatedBy],[CreatedOn],[ModifiedBy],[ModifiedOn],[RowStatusId])VALUES(19,'ptb','pt',@strDefaultValue_CreatedBy, getdate(), @strDefaultValue_ModifiedBy,getdate(),@intRowStatus_Active)
--INSERT INTO [ElementsCPSDB].[dbo].[JumpstationMacroValue]([JumpstationMacroId],[MatchName],[ResultValue],[CreatedBy],[CreatedOn],[ModifiedBy],[ModifiedOn],[RowStatusId])VALUES(19,'rus','ru',@strDefaultValue_CreatedBy, getdate(), @strDefaultValue_ModifiedBy,getdate(),@intRowStatus_Active)
--INSERT INTO [ElementsCPSDB].[dbo].[JumpstationMacroValue]([JumpstationMacroId],[MatchName],[ResultValue],[CreatedBy],[CreatedOn],[ModifiedBy],[ModifiedOn],[RowStatusId])VALUES(19,'svc','sv',@strDefaultValue_CreatedBy, getdate(), @strDefaultValue_ModifiedBy,getdate(),@intRowStatus_Active)
--INSERT INTO [ElementsCPSDB].[dbo].[JumpstationMacroValue]([JumpstationMacroId],[MatchName],[ResultValue],[CreatedBy],[CreatedOn],[ModifiedBy],[ModifiedOn],[RowStatusId])VALUES(19,'tha','th',@strDefaultValue_CreatedBy, getdate(), @strDefaultValue_ModifiedBy,getdate(),@intRowStatus_Active)
--INSERT INTO [ElementsCPSDB].[dbo].[JumpstationMacroValue]([JumpstationMacroId],[MatchName],[ResultValue],[CreatedBy],[CreatedOn],[ModifiedBy],[ModifiedOn],[RowStatusId])VALUES(19,'tur','tr',@strDefaultValue_CreatedBy, getdate(), @strDefaultValue_ModifiedBy,getdate(),@intRowStatus_Active)

--INSERT INTO [ElementsCPSDB].[dbo].[JumpstationMacroValue]([JumpstationMacroId],[MatchName],[ResultValue],[CreatedBy],[CreatedOn],[ModifiedBy],[ModifiedOn],[RowStatusId])VALUES(20,'CHS','chi',@strDefaultValue_CreatedBy, getdate(), @strDefaultValue_ModifiedBy,getdate(),@intRowStatus_Active)
--INSERT INTO [ElementsCPSDB].[dbo].[JumpstationMacroValue]([JumpstationMacroId],[MatchName],[ResultValue],[CreatedBy],[CreatedOn],[ModifiedBy],[ModifiedOn],[RowStatusId])VALUES(20,'cht','chi',@strDefaultValue_CreatedBy, getdate(), @strDefaultValue_ModifiedBy,getdate(),@intRowStatus_Active)
--INSERT INTO [ElementsCPSDB].[dbo].[JumpstationMacroValue]([JumpstationMacroId],[MatchName],[ResultValue],[CreatedBy],[CreatedOn],[ModifiedBy],[ModifiedOn],[RowStatusId])VALUES(20,'CSY','cze',@strDefaultValue_CreatedBy, getdate(), @strDefaultValue_ModifiedBy,getdate(),@intRowStatus_Active)
--INSERT INTO [ElementsCPSDB].[dbo].[JumpstationMacroValue]([JumpstationMacroId],[MatchName],[ResultValue],[CreatedBy],[CreatedOn],[ModifiedBy],[ModifiedOn],[RowStatusId])VALUES(20,'dan','dan',@strDefaultValue_CreatedBy, getdate(), @strDefaultValue_ModifiedBy,getdate(),@intRowStatus_Active)
--INSERT INTO [ElementsCPSDB].[dbo].[JumpstationMacroValue]([JumpstationMacroId],[MatchName],[ResultValue],[CreatedBy],[CreatedOn],[ModifiedBy],[ModifiedOn],[RowStatusId])VALUES(20,'DEA','ger',@strDefaultValue_CreatedBy, getdate(), @strDefaultValue_ModifiedBy,getdate(),@intRowStatus_Active)
--INSERT INTO [ElementsCPSDB].[dbo].[JumpstationMacroValue]([JumpstationMacroId],[MatchName],[ResultValue],[CreatedBy],[CreatedOn],[ModifiedBy],[ModifiedOn],[RowStatusId])VALUES(20,'deu','ger',@strDefaultValue_CreatedBy, getdate(), @strDefaultValue_ModifiedBy,getdate(),@intRowStatus_Active)
--INSERT INTO [ElementsCPSDB].[dbo].[JumpstationMacroValue]([JumpstationMacroId],[MatchName],[ResultValue],[CreatedBy],[CreatedOn],[ModifiedBy],[ModifiedOn],[RowStatusId])VALUES(20,'ELL','gre',@strDefaultValue_CreatedBy, getdate(), @strDefaultValue_ModifiedBy,getdate(),@intRowStatus_Active)
--INSERT INTO [ElementsCPSDB].[dbo].[JumpstationMacroValue]([JumpstationMacroId],[MatchName],[ResultValue],[CreatedBy],[CreatedOn],[ModifiedBy],[ModifiedOn],[RowStatusId])VALUES(20,'ENA','eng',@strDefaultValue_CreatedBy, getdate(), @strDefaultValue_ModifiedBy,getdate(),@intRowStatus_Active)
--INSERT INTO [ElementsCPSDB].[dbo].[JumpstationMacroValue]([JumpstationMacroId],[MatchName],[ResultValue],[CreatedBy],[CreatedOn],[ModifiedBy],[ModifiedOn],[RowStatusId])VALUES(20,'ENU','eng',@strDefaultValue_CreatedBy, getdate(), @strDefaultValue_ModifiedBy,getdate(),@intRowStatus_Active)
--INSERT INTO [ElementsCPSDB].[dbo].[JumpstationMacroValue]([JumpstationMacroId],[MatchName],[ResultValue],[CreatedBy],[CreatedOn],[ModifiedBy],[ModifiedOn],[RowStatusId])VALUES(20,'esm','spa',@strDefaultValue_CreatedBy, getdate(), @strDefaultValue_ModifiedBy,getdate(),@intRowStatus_Active)
--INSERT INTO [ElementsCPSDB].[dbo].[JumpstationMacroValue]([JumpstationMacroId],[MatchName],[ResultValue],[CreatedBy],[CreatedOn],[ModifiedBy],[ModifiedOn],[RowStatusId])VALUES(20,'esp','spa',@strDefaultValue_CreatedBy, getdate(), @strDefaultValue_ModifiedBy,getdate(),@intRowStatus_Active)
--INSERT INTO [ElementsCPSDB].[dbo].[JumpstationMacroValue]([JumpstationMacroId],[MatchName],[ResultValue],[CreatedBy],[CreatedOn],[ModifiedBy],[ModifiedOn],[RowStatusId])VALUES(20,'FIN','fin',@strDefaultValue_CreatedBy, getdate(), @strDefaultValue_ModifiedBy,getdate(),@intRowStatus_Active)
--INSERT INTO [ElementsCPSDB].[dbo].[JumpstationMacroValue]([JumpstationMacroId],[MatchName],[ResultValue],[CreatedBy],[CreatedOn],[ModifiedBy],[ModifiedOn],[RowStatusId])VALUES(20,'fra','fre',@strDefaultValue_CreatedBy, getdate(), @strDefaultValue_ModifiedBy,getdate(),@intRowStatus_Active)
--INSERT INTO [ElementsCPSDB].[dbo].[JumpstationMacroValue]([JumpstationMacroId],[MatchName],[ResultValue],[CreatedBy],[CreatedOn],[ModifiedBy],[ModifiedOn],[RowStatusId])VALUES(20,'FRB','fre',@strDefaultValue_CreatedBy, getdate(), @strDefaultValue_ModifiedBy,getdate(),@intRowStatus_Active)
--INSERT INTO [ElementsCPSDB].[dbo].[JumpstationMacroValue]([JumpstationMacroId],[MatchName],[ResultValue],[CreatedBy],[CreatedOn],[ModifiedBy],[ModifiedOn],[RowStatusId])VALUES(20,'frc','fre',@strDefaultValue_CreatedBy, getdate(), @strDefaultValue_ModifiedBy,getdate(),@intRowStatus_Active)
--INSERT INTO [ElementsCPSDB].[dbo].[JumpstationMacroValue]([JumpstationMacroId],[MatchName],[ResultValue],[CreatedBy],[CreatedOn],[ModifiedBy],[ModifiedOn],[RowStatusId])VALUES(20,'FRS','fre',@strDefaultValue_CreatedBy, getdate(), @strDefaultValue_ModifiedBy,getdate(),@intRowStatus_Active)
--INSERT INTO [ElementsCPSDB].[dbo].[JumpstationMacroValue]([JumpstationMacroId],[MatchName],[ResultValue],[CreatedBy],[CreatedOn],[ModifiedBy],[ModifiedOn],[RowStatusId])VALUES(20,'GRK','gre',@strDefaultValue_CreatedBy, getdate(), @strDefaultValue_ModifiedBy,getdate(),@intRowStatus_Active)
--INSERT INTO [ElementsCPSDB].[dbo].[JumpstationMacroValue]([JumpstationMacroId],[MatchName],[ResultValue],[CreatedBy],[CreatedOn],[ModifiedBy],[ModifiedOn],[RowStatusId])VALUES(20,'hrv','hr',@strDefaultValue_CreatedBy, getdate(), @strDefaultValue_ModifiedBy,getdate(),@intRowStatus_Active)
--INSERT INTO [ElementsCPSDB].[dbo].[JumpstationMacroValue]([JumpstationMacroId],[MatchName],[ResultValue],[CreatedBy],[CreatedOn],[ModifiedBy],[ModifiedOn],[RowStatusId])VALUES(20,'HUN','hun',@strDefaultValue_CreatedBy, getdate(), @strDefaultValue_ModifiedBy,getdate(),@intRowStatus_Active)
--INSERT INTO [ElementsCPSDB].[dbo].[JumpstationMacroValue]([JumpstationMacroId],[MatchName],[ResultValue],[CreatedBy],[CreatedOn],[ModifiedBy],[ModifiedOn],[RowStatusId])VALUES(20,'ita','ita',@strDefaultValue_CreatedBy, getdate(), @strDefaultValue_ModifiedBy,getdate(),@intRowStatus_Active)
--INSERT INTO [ElementsCPSDB].[dbo].[JumpstationMacroValue]([JumpstationMacroId],[MatchName],[ResultValue],[CreatedBy],[CreatedOn],[ModifiedBy],[ModifiedOn],[RowStatusId])VALUES(20,'JPN','jpn',@strDefaultValue_CreatedBy, getdate(), @strDefaultValue_ModifiedBy,getdate(),@intRowStatus_Active)
--INSERT INTO [ElementsCPSDB].[dbo].[JumpstationMacroValue]([JumpstationMacroId],[MatchName],[ResultValue],[CreatedBy],[CreatedOn],[ModifiedBy],[ModifiedOn],[RowStatusId])VALUES(20,'kor','kor',@strDefaultValue_CreatedBy, getdate(), @strDefaultValue_ModifiedBy,getdate(),@intRowStatus_Active)
--INSERT INTO [ElementsCPSDB].[dbo].[JumpstationMacroValue]([JumpstationMacroId],[MatchName],[ResultValue],[CreatedBy],[CreatedOn],[ModifiedBy],[ModifiedOn],[RowStatusId])VALUES(20,'NLD','dut',@strDefaultValue_CreatedBy, getdate(), @strDefaultValue_ModifiedBy,getdate(),@intRowStatus_Active)
--INSERT INTO [ElementsCPSDB].[dbo].[JumpstationMacroValue]([JumpstationMacroId],[MatchName],[ResultValue],[CreatedBy],[CreatedOn],[ModifiedBy],[ModifiedOn],[RowStatusId])VALUES(20,'nob','nor',@strDefaultValue_CreatedBy, getdate(), @strDefaultValue_ModifiedBy,getdate(),@intRowStatus_Active)
--INSERT INTO [ElementsCPSDB].[dbo].[JumpstationMacroValue]([JumpstationMacroId],[MatchName],[ResultValue],[CreatedBy],[CreatedOn],[ModifiedBy],[ModifiedOn],[RowStatusId])VALUES(20,'NON','nor',@strDefaultValue_CreatedBy, getdate(), @strDefaultValue_ModifiedBy,getdate(),@intRowStatus_Active)
--INSERT INTO [ElementsCPSDB].[dbo].[JumpstationMacroValue]([JumpstationMacroId],[MatchName],[ResultValue],[CreatedBy],[CreatedOn],[ModifiedBy],[ModifiedOn],[RowStatusId])VALUES(20,'nor','nor',@strDefaultValue_CreatedBy, getdate(), @strDefaultValue_ModifiedBy,getdate(),@intRowStatus_Active)
--INSERT INTO [ElementsCPSDB].[dbo].[JumpstationMacroValue]([JumpstationMacroId],[MatchName],[ResultValue],[CreatedBy],[CreatedOn],[ModifiedBy],[ModifiedOn],[RowStatusId])VALUES(20,'PLK','pol',@strDefaultValue_CreatedBy, getdate(), @strDefaultValue_ModifiedBy,getdate(),@intRowStatus_Active)
--INSERT INTO [ElementsCPSDB].[dbo].[JumpstationMacroValue]([JumpstationMacroId],[MatchName],[ResultValue],[CreatedBy],[CreatedOn],[ModifiedBy],[ModifiedOn],[RowStatusId])VALUES(20,'ptb','por',@strDefaultValue_CreatedBy, getdate(), @strDefaultValue_ModifiedBy,getdate(),@intRowStatus_Active)
--INSERT INTO [ElementsCPSDB].[dbo].[JumpstationMacroValue]([JumpstationMacroId],[MatchName],[ResultValue],[CreatedBy],[CreatedOn],[ModifiedBy],[ModifiedOn],[RowStatusId])VALUES(20,'PTG','por',@strDefaultValue_CreatedBy, getdate(), @strDefaultValue_ModifiedBy,getdate(),@intRowStatus_Active)
--INSERT INTO [ElementsCPSDB].[dbo].[JumpstationMacroValue]([JumpstationMacroId],[MatchName],[ResultValue],[CreatedBy],[CreatedOn],[ModifiedBy],[ModifiedOn],[RowStatusId])VALUES(20,'rus','rus',@strDefaultValue_CreatedBy, getdate(), @strDefaultValue_ModifiedBy,getdate(),@intRowStatus_Active)
--INSERT INTO [ElementsCPSDB].[dbo].[JumpstationMacroValue]([JumpstationMacroId],[MatchName],[ResultValue],[CreatedBy],[CreatedOn],[ModifiedBy],[ModifiedOn],[RowStatusId])VALUES(20,'sky','sk',@strDefaultValue_CreatedBy, getdate(), @strDefaultValue_ModifiedBy,getdate(),@intRowStatus_Active)
--INSERT INTO [ElementsCPSDB].[dbo].[JumpstationMacroValue]([JumpstationMacroId],[MatchName],[ResultValue],[CreatedBy],[CreatedOn],[ModifiedBy],[ModifiedOn],[RowStatusId])VALUES(20,'SVC','swe',@strDefaultValue_CreatedBy, getdate(), @strDefaultValue_ModifiedBy,getdate(),@intRowStatus_Active)
--INSERT INTO [ElementsCPSDB].[dbo].[JumpstationMacroValue]([JumpstationMacroId],[MatchName],[ResultValue],[CreatedBy],[CreatedOn],[ModifiedBy],[ModifiedOn],[RowStatusId])VALUES(20,'sve','swe',@strDefaultValue_CreatedBy, getdate(), @strDefaultValue_ModifiedBy,getdate(),@intRowStatus_Active)
--INSERT INTO [ElementsCPSDB].[dbo].[JumpstationMacroValue]([JumpstationMacroId],[MatchName],[ResultValue],[CreatedBy],[CreatedOn],[ModifiedBy],[ModifiedOn],[RowStatusId])VALUES(20,'THA','eng',@strDefaultValue_CreatedBy, getdate(), @strDefaultValue_ModifiedBy,getdate(),@intRowStatus_Active)
--INSERT INTO [ElementsCPSDB].[dbo].[JumpstationMacroValue]([JumpstationMacroId],[MatchName],[ResultValue],[CreatedBy],[CreatedOn],[ModifiedBy],[ModifiedOn],[RowStatusId])VALUES(20,'trk','tur',@strDefaultValue_CreatedBy, getdate(), @strDefaultValue_ModifiedBy,getdate(),@intRowStatus_Active)
--INSERT INTO [ElementsCPSDB].[dbo].[JumpstationMacroValue]([JumpstationMacroId],[MatchName],[ResultValue],[CreatedBy],[CreatedOn],[ModifiedBy],[ModifiedOn],[RowStatusId])VALUES(20,'TUR','tur',@strDefaultValue_CreatedBy, getdate(), @strDefaultValue_ModifiedBy,getdate(),@intRowStatus_Active)
--INSERT INTO [ElementsCPSDB].[dbo].[JumpstationMacroValue]([JumpstationMacroId],[MatchName],[ResultValue],[CreatedBy],[CreatedOn],[ModifiedBy],[ModifiedOn],[RowStatusId])VALUES(20,'zhh','chi',@strDefaultValue_CreatedBy, getdate(), @strDefaultValue_ModifiedBy,getdate(),@intRowStatus_Active)

--INSERT INTO [ElementsCPSDB].[dbo].[JumpstationMacroValue]([JumpstationMacroId],[MatchName],[ResultValue],[CreatedBy],[CreatedOn],[ModifiedBy],[ModifiedOn],[RowStatusId])VALUES(21,'0x0402','bg',@strDefaultValue_CreatedBy, getdate(), @strDefaultValue_ModifiedBy,getdate(),@intRowStatus_Active)
--INSERT INTO [ElementsCPSDB].[dbo].[JumpstationMacroValue]([JumpstationMacroId],[MatchName],[ResultValue],[CreatedBy],[CreatedOn],[ModifiedBy],[ModifiedOn],[RowStatusId])VALUES(21,'0x0404','tw',@strDefaultValue_CreatedBy, getdate(), @strDefaultValue_ModifiedBy,getdate(),@intRowStatus_Active)
--INSERT INTO [ElementsCPSDB].[dbo].[JumpstationMacroValue]([JumpstationMacroId],[MatchName],[ResultValue],[CreatedBy],[CreatedOn],[ModifiedBy],[ModifiedOn],[RowStatusId])VALUES(21,'0x0405','cz',@strDefaultValue_CreatedBy, getdate(), @strDefaultValue_ModifiedBy,getdate(),@intRowStatus_Active)
--INSERT INTO [ElementsCPSDB].[dbo].[JumpstationMacroValue]([JumpstationMacroId],[MatchName],[ResultValue],[CreatedBy],[CreatedOn],[ModifiedBy],[ModifiedOn],[RowStatusId])VALUES(21,'0x0406','dk',@strDefaultValue_CreatedBy, getdate(), @strDefaultValue_ModifiedBy,getdate(),@intRowStatus_Active)
--INSERT INTO [ElementsCPSDB].[dbo].[JumpstationMacroValue]([JumpstationMacroId],[MatchName],[ResultValue],[CreatedBy],[CreatedOn],[ModifiedBy],[ModifiedOn],[RowStatusId])VALUES(21,'0x0407','de',@strDefaultValue_CreatedBy, getdate(), @strDefaultValue_ModifiedBy,getdate(),@intRowStatus_Active)
--INSERT INTO [ElementsCPSDB].[dbo].[JumpstationMacroValue]([JumpstationMacroId],[MatchName],[ResultValue],[CreatedBy],[CreatedOn],[ModifiedBy],[ModifiedOn],[RowStatusId])VALUES(21,'0x0408','gr',@strDefaultValue_CreatedBy, getdate(), @strDefaultValue_ModifiedBy,getdate(),@intRowStatus_Active)
--INSERT INTO [ElementsCPSDB].[dbo].[JumpstationMacroValue]([JumpstationMacroId],[MatchName],[ResultValue],[CreatedBy],[CreatedOn],[ModifiedBy],[ModifiedOn],[RowStatusId])VALUES(21,'0x0409','us',@strDefaultValue_CreatedBy, getdate(), @strDefaultValue_ModifiedBy,getdate(),@intRowStatus_Active)
--INSERT INTO [ElementsCPSDB].[dbo].[JumpstationMacroValue]([JumpstationMacroId],[MatchName],[ResultValue],[CreatedBy],[CreatedOn],[ModifiedBy],[ModifiedOn],[RowStatusId])VALUES(21,'0x040A','es',@strDefaultValue_CreatedBy, getdate(), @strDefaultValue_ModifiedBy,getdate(),@intRowStatus_Active)
--INSERT INTO [ElementsCPSDB].[dbo].[JumpstationMacroValue]([JumpstationMacroId],[MatchName],[ResultValue],[CreatedBy],[CreatedOn],[ModifiedBy],[ModifiedOn],[RowStatusId])VALUES(21,'0x040B','fi',@strDefaultValue_CreatedBy, getdate(), @strDefaultValue_ModifiedBy,getdate(),@intRowStatus_Active)
--INSERT INTO [ElementsCPSDB].[dbo].[JumpstationMacroValue]([JumpstationMacroId],[MatchName],[ResultValue],[CreatedBy],[CreatedOn],[ModifiedBy],[ModifiedOn],[RowStatusId])VALUES(21,'0x040c','fr',@strDefaultValue_CreatedBy, getdate(), @strDefaultValue_ModifiedBy,getdate(),@intRowStatus_Active)
--INSERT INTO [ElementsCPSDB].[dbo].[JumpstationMacroValue]([JumpstationMacroId],[MatchName],[ResultValue],[CreatedBy],[CreatedOn],[ModifiedBy],[ModifiedOn],[RowStatusId])VALUES(21,'0x040e','hu',@strDefaultValue_CreatedBy, getdate(), @strDefaultValue_ModifiedBy,getdate(),@intRowStatus_Active)
--INSERT INTO [ElementsCPSDB].[dbo].[JumpstationMacroValue]([JumpstationMacroId],[MatchName],[ResultValue],[CreatedBy],[CreatedOn],[ModifiedBy],[ModifiedOn],[RowStatusId])VALUES(21,'0x0410','it',@strDefaultValue_CreatedBy, getdate(), @strDefaultValue_ModifiedBy,getdate(),@intRowStatus_Active)
--INSERT INTO [ElementsCPSDB].[dbo].[JumpstationMacroValue]([JumpstationMacroId],[MatchName],[ResultValue],[CreatedBy],[CreatedOn],[ModifiedBy],[ModifiedOn],[RowStatusId])VALUES(21,'0x0411','jp',@strDefaultValue_CreatedBy, getdate(), @strDefaultValue_ModifiedBy,getdate(),@intRowStatus_Active)
--INSERT INTO [ElementsCPSDB].[dbo].[JumpstationMacroValue]([JumpstationMacroId],[MatchName],[ResultValue],[CreatedBy],[CreatedOn],[ModifiedBy],[ModifiedOn],[RowStatusId])VALUES(21,'0x0412','kr',@strDefaultValue_CreatedBy, getdate(), @strDefaultValue_ModifiedBy,getdate(),@intRowStatus_Active)
--INSERT INTO [ElementsCPSDB].[dbo].[JumpstationMacroValue]([JumpstationMacroId],[MatchName],[ResultValue],[CreatedBy],[CreatedOn],[ModifiedBy],[ModifiedOn],[RowStatusId])VALUES(21,'0x0413','nl',@strDefaultValue_CreatedBy, getdate(), @strDefaultValue_ModifiedBy,getdate(),@intRowStatus_Active)
--INSERT INTO [ElementsCPSDB].[dbo].[JumpstationMacroValue]([JumpstationMacroId],[MatchName],[ResultValue],[CreatedBy],[CreatedOn],[ModifiedBy],[ModifiedOn],[RowStatusId])VALUES(21,'0x0414','no',@strDefaultValue_CreatedBy, getdate(), @strDefaultValue_ModifiedBy,getdate(),@intRowStatus_Active)
--INSERT INTO [ElementsCPSDB].[dbo].[JumpstationMacroValue]([JumpstationMacroId],[MatchName],[ResultValue],[CreatedBy],[CreatedOn],[ModifiedBy],[ModifiedOn],[RowStatusId])VALUES(21,'0x0415','pl',@strDefaultValue_CreatedBy, getdate(), @strDefaultValue_ModifiedBy,getdate(),@intRowStatus_Active)
--INSERT INTO [ElementsCPSDB].[dbo].[JumpstationMacroValue]([JumpstationMacroId],[MatchName],[ResultValue],[CreatedBy],[CreatedOn],[ModifiedBy],[ModifiedOn],[RowStatusId])VALUES(21,'0x0416','bz',@strDefaultValue_CreatedBy, getdate(), @strDefaultValue_ModifiedBy,getdate(),@intRowStatus_Active)
--INSERT INTO [ElementsCPSDB].[dbo].[JumpstationMacroValue]([JumpstationMacroId],[MatchName],[ResultValue],[CreatedBy],[CreatedOn],[ModifiedBy],[ModifiedOn],[RowStatusId])VALUES(21,'0x0418','ro',@strDefaultValue_CreatedBy, getdate(), @strDefaultValue_ModifiedBy,getdate(),@intRowStatus_Active)
--INSERT INTO [ElementsCPSDB].[dbo].[JumpstationMacroValue]([JumpstationMacroId],[MatchName],[ResultValue],[CreatedBy],[CreatedOn],[ModifiedBy],[ModifiedOn],[RowStatusId])VALUES(21,'0x0419','ru',@strDefaultValue_CreatedBy, getdate(), @strDefaultValue_ModifiedBy,getdate(),@intRowStatus_Active)
--INSERT INTO [ElementsCPSDB].[dbo].[JumpstationMacroValue]([JumpstationMacroId],[MatchName],[ResultValue],[CreatedBy],[CreatedOn],[ModifiedBy],[ModifiedOn],[RowStatusId])VALUES(21,'0x041a','hr',@strDefaultValue_CreatedBy, getdate(), @strDefaultValue_ModifiedBy,getdate(),@intRowStatus_Active)
--INSERT INTO [ElementsCPSDB].[dbo].[JumpstationMacroValue]([JumpstationMacroId],[MatchName],[ResultValue],[CreatedBy],[CreatedOn],[ModifiedBy],[ModifiedOn],[RowStatusId])VALUES(21,'0x041b','sk',@strDefaultValue_CreatedBy, getdate(), @strDefaultValue_ModifiedBy,getdate(),@intRowStatus_Active)
--INSERT INTO [ElementsCPSDB].[dbo].[JumpstationMacroValue]([JumpstationMacroId],[MatchName],[ResultValue],[CreatedBy],[CreatedOn],[ModifiedBy],[ModifiedOn],[RowStatusId])VALUES(21,'0x041d','se',@strDefaultValue_CreatedBy, getdate(), @strDefaultValue_ModifiedBy,getdate(),@intRowStatus_Active)
--INSERT INTO [ElementsCPSDB].[dbo].[JumpstationMacroValue]([JumpstationMacroId],[MatchName],[ResultValue],[CreatedBy],[CreatedOn],[ModifiedBy],[ModifiedOn],[RowStatusId])VALUES(21,'0x041e','th',@strDefaultValue_CreatedBy, getdate(), @strDefaultValue_ModifiedBy,getdate(),@intRowStatus_Active)
--INSERT INTO [ElementsCPSDB].[dbo].[JumpstationMacroValue]([JumpstationMacroId],[MatchName],[ResultValue],[CreatedBy],[CreatedOn],[ModifiedBy],[ModifiedOn],[RowStatusId])VALUES(21,'0x041f','tr',@strDefaultValue_CreatedBy, getdate(), @strDefaultValue_ModifiedBy,getdate(),@intRowStatus_Active)
--INSERT INTO [ElementsCPSDB].[dbo].[JumpstationMacroValue]([JumpstationMacroId],[MatchName],[ResultValue],[CreatedBy],[CreatedOn],[ModifiedBy],[ModifiedOn],[RowStatusId])VALUES(21,'0x0422','ua',@strDefaultValue_CreatedBy, getdate(), @strDefaultValue_ModifiedBy,getdate(),@intRowStatus_Active)
--INSERT INTO [ElementsCPSDB].[dbo].[JumpstationMacroValue]([JumpstationMacroId],[MatchName],[ResultValue],[CreatedBy],[CreatedOn],[ModifiedBy],[ModifiedOn],[RowStatusId])VALUES(21,'0x0424','sl',@strDefaultValue_CreatedBy, getdate(), @strDefaultValue_ModifiedBy,getdate(),@intRowStatus_Active)
--INSERT INTO [ElementsCPSDB].[dbo].[JumpstationMacroValue]([JumpstationMacroId],[MatchName],[ResultValue],[CreatedBy],[CreatedOn],[ModifiedBy],[ModifiedOn],[RowStatusId])VALUES(21,'0x0425','ee',@strDefaultValue_CreatedBy, getdate(), @strDefaultValue_ModifiedBy,getdate(),@intRowStatus_Active)
--INSERT INTO [ElementsCPSDB].[dbo].[JumpstationMacroValue]([JumpstationMacroId],[MatchName],[ResultValue],[CreatedBy],[CreatedOn],[ModifiedBy],[ModifiedOn],[RowStatusId])VALUES(21,'0x0427','lt',@strDefaultValue_CreatedBy, getdate(), @strDefaultValue_ModifiedBy,getdate(),@intRowStatus_Active)
--INSERT INTO [ElementsCPSDB].[dbo].[JumpstationMacroValue]([JumpstationMacroId],[MatchName],[ResultValue],[CreatedBy],[CreatedOn],[ModifiedBy],[ModifiedOn],[RowStatusId])VALUES(21,'0x0443','uz',@strDefaultValue_CreatedBy, getdate(), @strDefaultValue_ModifiedBy,getdate(),@intRowStatus_Active)
--INSERT INTO [ElementsCPSDB].[dbo].[JumpstationMacroValue]([JumpstationMacroId],[MatchName],[ResultValue],[CreatedBy],[CreatedOn],[ModifiedBy],[ModifiedOn],[RowStatusId])VALUES(21,'0x0804','cn',@strDefaultValue_CreatedBy, getdate(), @strDefaultValue_ModifiedBy,getdate(),@intRowStatus_Active)
--INSERT INTO [ElementsCPSDB].[dbo].[JumpstationMacroValue]([JumpstationMacroId],[MatchName],[ResultValue],[CreatedBy],[CreatedOn],[ModifiedBy],[ModifiedOn],[RowStatusId])VALUES(21,'0x0807','ch',@strDefaultValue_CreatedBy, getdate(), @strDefaultValue_ModifiedBy,getdate(),@intRowStatus_Active)
--INSERT INTO [ElementsCPSDB].[dbo].[JumpstationMacroValue]([JumpstationMacroId],[MatchName],[ResultValue],[CreatedBy],[CreatedOn],[ModifiedBy],[ModifiedOn],[RowStatusId])VALUES(21,'0x0809','uk',@strDefaultValue_CreatedBy, getdate(), @strDefaultValue_ModifiedBy,getdate(),@intRowStatus_Active)
--INSERT INTO [ElementsCPSDB].[dbo].[JumpstationMacroValue]([JumpstationMacroId],[MatchName],[ResultValue],[CreatedBy],[CreatedOn],[ModifiedBy],[ModifiedOn],[RowStatusId])VALUES(21,'0x080c','be',@strDefaultValue_CreatedBy, getdate(), @strDefaultValue_ModifiedBy,getdate(),@intRowStatus_Active)
--INSERT INTO [ElementsCPSDB].[dbo].[JumpstationMacroValue]([JumpstationMacroId],[MatchName],[ResultValue],[CreatedBy],[CreatedOn],[ModifiedBy],[ModifiedOn],[RowStatusId])VALUES(21,'0x0810','ch',@strDefaultValue_CreatedBy, getdate(), @strDefaultValue_ModifiedBy,getdate(),@intRowStatus_Active)
--INSERT INTO [ElementsCPSDB].[dbo].[JumpstationMacroValue]([JumpstationMacroId],[MatchName],[ResultValue],[CreatedBy],[CreatedOn],[ModifiedBy],[ModifiedOn],[RowStatusId])VALUES(21,'0x0812','kr',@strDefaultValue_CreatedBy, getdate(), @strDefaultValue_ModifiedBy,getdate(),@intRowStatus_Active)
--INSERT INTO [ElementsCPSDB].[dbo].[JumpstationMacroValue]([JumpstationMacroId],[MatchName],[ResultValue],[CreatedBy],[CreatedOn],[ModifiedBy],[ModifiedOn],[RowStatusId])VALUES(21,'0x0813','be',@strDefaultValue_CreatedBy, getdate(), @strDefaultValue_ModifiedBy,getdate(),@intRowStatus_Active)
--INSERT INTO [ElementsCPSDB].[dbo].[JumpstationMacroValue]([JumpstationMacroId],[MatchName],[ResultValue],[CreatedBy],[CreatedOn],[ModifiedBy],[ModifiedOn],[RowStatusId])VALUES(21,'0x0814','no',@strDefaultValue_CreatedBy, getdate(), @strDefaultValue_ModifiedBy,getdate(),@intRowStatus_Active)
--INSERT INTO [ElementsCPSDB].[dbo].[JumpstationMacroValue]([JumpstationMacroId],[MatchName],[ResultValue],[CreatedBy],[CreatedOn],[ModifiedBy],[ModifiedOn],[RowStatusId])VALUES(21,'0x0816','pt',@strDefaultValue_CreatedBy, getdate(), @strDefaultValue_ModifiedBy,getdate(),@intRowStatus_Active)
--INSERT INTO [ElementsCPSDB].[dbo].[JumpstationMacroValue]([JumpstationMacroId],[MatchName],[ResultValue],[CreatedBy],[CreatedOn],[ModifiedBy],[ModifiedOn],[RowStatusId])VALUES(21,'0x081d','fi',@strDefaultValue_CreatedBy, getdate(), @strDefaultValue_ModifiedBy,getdate(),@intRowStatus_Active)
--INSERT INTO [ElementsCPSDB].[dbo].[JumpstationMacroValue]([JumpstationMacroId],[MatchName],[ResultValue],[CreatedBy],[CreatedOn],[ModifiedBy],[ModifiedOn],[RowStatusId])VALUES(21,'0x0827','lt',@strDefaultValue_CreatedBy, getdate(), @strDefaultValue_ModifiedBy,getdate(),@intRowStatus_Active)
--INSERT INTO [ElementsCPSDB].[dbo].[JumpstationMacroValue]([JumpstationMacroId],[MatchName],[ResultValue],[CreatedBy],[CreatedOn],[ModifiedBy],[ModifiedOn],[RowStatusId])VALUES(21,'0x0843','uz',@strDefaultValue_CreatedBy, getdate(), @strDefaultValue_ModifiedBy,getdate(),@intRowStatus_Active)
--INSERT INTO [ElementsCPSDB].[dbo].[JumpstationMacroValue]([JumpstationMacroId],[MatchName],[ResultValue],[CreatedBy],[CreatedOn],[ModifiedBy],[ModifiedOn],[RowStatusId])VALUES(21,'0x0C04','tw',@strDefaultValue_CreatedBy, getdate(), @strDefaultValue_ModifiedBy,getdate(),@intRowStatus_Active)
--INSERT INTO [ElementsCPSDB].[dbo].[JumpstationMacroValue]([JumpstationMacroId],[MatchName],[ResultValue],[CreatedBy],[CreatedOn],[ModifiedBy],[ModifiedOn],[RowStatusId])VALUES(21,'0x0c07','at',@strDefaultValue_CreatedBy, getdate(), @strDefaultValue_ModifiedBy,getdate(),@intRowStatus_Active)
--INSERT INTO [ElementsCPSDB].[dbo].[JumpstationMacroValue]([JumpstationMacroId],[MatchName],[ResultValue],[CreatedBy],[CreatedOn],[ModifiedBy],[ModifiedOn],[RowStatusId])VALUES(21,'0x0c09','au',@strDefaultValue_CreatedBy, getdate(), @strDefaultValue_ModifiedBy,getdate(),@intRowStatus_Active)
--INSERT INTO [ElementsCPSDB].[dbo].[JumpstationMacroValue]([JumpstationMacroId],[MatchName],[ResultValue],[CreatedBy],[CreatedOn],[ModifiedBy],[ModifiedOn],[RowStatusId])VALUES(21,'0x0c0a','es',@strDefaultValue_CreatedBy, getdate(), @strDefaultValue_ModifiedBy,getdate(),@intRowStatus_Active)
--INSERT INTO [ElementsCPSDB].[dbo].[JumpstationMacroValue]([JumpstationMacroId],[MatchName],[ResultValue],[CreatedBy],[CreatedOn],[ModifiedBy],[ModifiedOn],[RowStatusId])VALUES(21,'0x0c0c','ca',@strDefaultValue_CreatedBy, getdate(), @strDefaultValue_ModifiedBy,getdate(),@intRowStatus_Active)
--INSERT INTO [ElementsCPSDB].[dbo].[JumpstationMacroValue]([JumpstationMacroId],[MatchName],[ResultValue],[CreatedBy],[CreatedOn],[ModifiedBy],[ModifiedOn],[RowStatusId])VALUES(21,'0x1004','cn',@strDefaultValue_CreatedBy, getdate(), @strDefaultValue_ModifiedBy,getdate(),@intRowStatus_Active)
--INSERT INTO [ElementsCPSDB].[dbo].[JumpstationMacroValue]([JumpstationMacroId],[MatchName],[ResultValue],[CreatedBy],[CreatedOn],[ModifiedBy],[ModifiedOn],[RowStatusId])VALUES(21,'0x1009','ca',@strDefaultValue_CreatedBy, getdate(), @strDefaultValue_ModifiedBy,getdate(),@intRowStatus_Active)
--INSERT INTO [ElementsCPSDB].[dbo].[JumpstationMacroValue]([JumpstationMacroId],[MatchName],[ResultValue],[CreatedBy],[CreatedOn],[ModifiedBy],[ModifiedOn],[RowStatusId])VALUES(21,'0x100C','ch',@strDefaultValue_CreatedBy, getdate(), @strDefaultValue_ModifiedBy,getdate(),@intRowStatus_Active)
--INSERT INTO [ElementsCPSDB].[dbo].[JumpstationMacroValue]([JumpstationMacroId],[MatchName],[ResultValue],[CreatedBy],[CreatedOn],[ModifiedBy],[ModifiedOn],[RowStatusId])VALUES(21,'0x1404','tw',@strDefaultValue_CreatedBy, getdate(), @strDefaultValue_ModifiedBy,getdate(),@intRowStatus_Active)
--INSERT INTO [ElementsCPSDB].[dbo].[JumpstationMacroValue]([JumpstationMacroId],[MatchName],[ResultValue],[CreatedBy],[CreatedOn],[ModifiedBy],[ModifiedOn],[RowStatusId])VALUES(21,'0x1809','ie',@strDefaultValue_CreatedBy, getdate(), @strDefaultValue_ModifiedBy,getdate(),@intRowStatus_Active)

--INSERT INTO [ElementsCPSDB].[dbo].[JumpstationMacroValue]([JumpstationMacroId],[MatchName],[ResultValue],[CreatedBy],[CreatedOn],[ModifiedBy],[ModifiedOn],[RowStatusId])VALUES(22,'0x0406','dk_da',@strDefaultValue_CreatedBy, getdate(), @strDefaultValue_ModifiedBy,getdate(),@intRowStatus_Active)
--INSERT INTO [ElementsCPSDB].[dbo].[JumpstationMacroValue]([JumpstationMacroId],[MatchName],[ResultValue],[CreatedBy],[CreatedOn],[ModifiedBy],[ModifiedOn],[RowStatusId])VALUES(22,'0x040b','fi_fi',@strDefaultValue_CreatedBy, getdate(), @strDefaultValue_ModifiedBy,getdate(),@intRowStatus_Active)
--INSERT INTO [ElementsCPSDB].[dbo].[JumpstationMacroValue]([JumpstationMacroId],[MatchName],[ResultValue],[CreatedBy],[CreatedOn],[ModifiedBy],[ModifiedOn],[RowStatusId])VALUES(22,'0x040c','fr_fr',@strDefaultValue_CreatedBy, getdate(), @strDefaultValue_ModifiedBy,getdate(),@intRowStatus_Active)
--INSERT INTO [ElementsCPSDB].[dbo].[JumpstationMacroValue]([JumpstationMacroId],[MatchName],[ResultValue],[CreatedBy],[CreatedOn],[ModifiedBy],[ModifiedOn],[RowStatusId])VALUES(22,'0x0410','it_it',@strDefaultValue_CreatedBy, getdate(), @strDefaultValue_ModifiedBy,getdate(),@intRowStatus_Active)
--INSERT INTO [ElementsCPSDB].[dbo].[JumpstationMacroValue]([JumpstationMacroId],[MatchName],[ResultValue],[CreatedBy],[CreatedOn],[ModifiedBy],[ModifiedOn],[RowStatusId])VALUES(22,'0x0413','nl_nl',@strDefaultValue_CreatedBy, getdate(), @strDefaultValue_ModifiedBy,getdate(),@intRowStatus_Active)
--INSERT INTO [ElementsCPSDB].[dbo].[JumpstationMacroValue]([JumpstationMacroId],[MatchName],[ResultValue],[CreatedBy],[CreatedOn],[ModifiedBy],[ModifiedOn],[RowStatusId])VALUES(22,'0x0414','no_no',@strDefaultValue_CreatedBy, getdate(), @strDefaultValue_ModifiedBy,getdate(),@intRowStatus_Active)
--INSERT INTO [ElementsCPSDB].[dbo].[JumpstationMacroValue]([JumpstationMacroId],[MatchName],[ResultValue],[CreatedBy],[CreatedOn],[ModifiedBy],[ModifiedOn],[RowStatusId])VALUES(22,'0x041d','se_sv',@strDefaultValue_CreatedBy, getdate(), @strDefaultValue_ModifiedBy,getdate(),@intRowStatus_Active)
--INSERT INTO [ElementsCPSDB].[dbo].[JumpstationMacroValue]([JumpstationMacroId],[MatchName],[ResultValue],[CreatedBy],[CreatedOn],[ModifiedBy],[ModifiedOn],[RowStatusId])VALUES(22,'0x0807','ch_de',@strDefaultValue_CreatedBy, getdate(), @strDefaultValue_ModifiedBy,getdate(),@intRowStatus_Active)
--INSERT INTO [ElementsCPSDB].[dbo].[JumpstationMacroValue]([JumpstationMacroId],[MatchName],[ResultValue],[CreatedBy],[CreatedOn],[ModifiedBy],[ModifiedOn],[RowStatusId])VALUES(22,'0x0809','ie_en',@strDefaultValue_CreatedBy, getdate(), @strDefaultValue_ModifiedBy,getdate(),@intRowStatus_Active)
--INSERT INTO [ElementsCPSDB].[dbo].[JumpstationMacroValue]([JumpstationMacroId],[MatchName],[ResultValue],[CreatedBy],[CreatedOn],[ModifiedBy],[ModifiedOn],[RowStatusId])VALUES(22,'0x080c','be_fr',@strDefaultValue_CreatedBy, getdate(), @strDefaultValue_ModifiedBy,getdate(),@intRowStatus_Active)
--INSERT INTO [ElementsCPSDB].[dbo].[JumpstationMacroValue]([JumpstationMacroId],[MatchName],[ResultValue],[CreatedBy],[CreatedOn],[ModifiedBy],[ModifiedOn],[RowStatusId])VALUES(22,'0x0810','ch_de',@strDefaultValue_CreatedBy, getdate(), @strDefaultValue_ModifiedBy,getdate(),@intRowStatus_Active)
--INSERT INTO [ElementsCPSDB].[dbo].[JumpstationMacroValue]([JumpstationMacroId],[MatchName],[ResultValue],[CreatedBy],[CreatedOn],[ModifiedBy],[ModifiedOn],[RowStatusId])VALUES(22,'0x0813','be_nl',@strDefaultValue_CreatedBy, getdate(), @strDefaultValue_ModifiedBy,getdate(),@intRowStatus_Active)
--INSERT INTO [ElementsCPSDB].[dbo].[JumpstationMacroValue]([JumpstationMacroId],[MatchName],[ResultValue],[CreatedBy],[CreatedOn],[ModifiedBy],[ModifiedOn],[RowStatusId])VALUES(22,'0x0816','pt_pt',@strDefaultValue_CreatedBy, getdate(), @strDefaultValue_ModifiedBy,getdate(),@intRowStatus_Active)
--INSERT INTO [ElementsCPSDB].[dbo].[JumpstationMacroValue]([JumpstationMacroId],[MatchName],[ResultValue],[CreatedBy],[CreatedOn],[ModifiedBy],[ModifiedOn],[RowStatusId])VALUES(22,'0x081d','fi_fi',@strDefaultValue_CreatedBy, getdate(), @strDefaultValue_ModifiedBy,getdate(),@intRowStatus_Active)
--INSERT INTO [ElementsCPSDB].[dbo].[JumpstationMacroValue]([JumpstationMacroId],[MatchName],[ResultValue],[CreatedBy],[CreatedOn],[ModifiedBy],[ModifiedOn],[RowStatusId])VALUES(22,'0x0c07','de_de',@strDefaultValue_CreatedBy, getdate(), @strDefaultValue_ModifiedBy,getdate(),@intRowStatus_Active)
--INSERT INTO [ElementsCPSDB].[dbo].[JumpstationMacroValue]([JumpstationMacroId],[MatchName],[ResultValue],[CreatedBy],[CreatedOn],[ModifiedBy],[ModifiedOn],[RowStatusId])VALUES(22,'0x1007','be_fr',@strDefaultValue_CreatedBy, getdate(), @strDefaultValue_ModifiedBy,getdate(),@intRowStatus_Active)
--INSERT INTO [ElementsCPSDB].[dbo].[JumpstationMacroValue]([JumpstationMacroId],[MatchName],[ResultValue],[CreatedBy],[CreatedOn],[ModifiedBy],[ModifiedOn],[RowStatusId])VALUES(22,'0x100c','ch_fr',@strDefaultValue_CreatedBy, getdate(), @strDefaultValue_ModifiedBy,getdate(),@intRowStatus_Active)
--INSERT INTO [ElementsCPSDB].[dbo].[JumpstationMacroValue]([JumpstationMacroId],[MatchName],[ResultValue],[CreatedBy],[CreatedOn],[ModifiedBy],[ModifiedOn],[RowStatusId])VALUES(22,'0x140c','be_fr',@strDefaultValue_CreatedBy, getdate(), @strDefaultValue_ModifiedBy,getdate(),@intRowStatus_Active)
--INSERT INTO [ElementsCPSDB].[dbo].[JumpstationMacroValue]([JumpstationMacroId],[MatchName],[ResultValue],[CreatedBy],[CreatedOn],[ModifiedBy],[ModifiedOn],[RowStatusId])VALUES(22,'0x1809','ie_en',@strDefaultValue_CreatedBy, getdate(), @strDefaultValue_ModifiedBy,getdate(),@intRowStatus_Active)

--INSERT INTO [ElementsCPSDB].[dbo].[JumpstationMacroValue]([JumpstationMacroId],[MatchName],[ResultValue],[CreatedBy],[CreatedOn],[ModifiedBy],[ModifiedOn],[RowStatusId])VALUES(23,'0x0406','3',@strDefaultValue_CreatedBy, getdate(), @strDefaultValue_ModifiedBy,getdate(),@intRowStatus_Active)
--INSERT INTO [ElementsCPSDB].[dbo].[JumpstationMacroValue]([JumpstationMacroId],[MatchName],[ResultValue],[CreatedBy],[CreatedOn],[ModifiedBy],[ModifiedOn],[RowStatusId])VALUES(23,'0x040b','5',@strDefaultValue_CreatedBy, getdate(), @strDefaultValue_ModifiedBy,getdate(),@intRowStatus_Active)
--INSERT INTO [ElementsCPSDB].[dbo].[JumpstationMacroValue]([JumpstationMacroId],[MatchName],[ResultValue],[CreatedBy],[CreatedOn],[ModifiedBy],[ModifiedOn],[RowStatusId])VALUES(23,'0x040c','6',@strDefaultValue_CreatedBy, getdate(), @strDefaultValue_ModifiedBy,getdate(),@intRowStatus_Active)
--INSERT INTO [ElementsCPSDB].[dbo].[JumpstationMacroValue]([JumpstationMacroId],[MatchName],[ResultValue],[CreatedBy],[CreatedOn],[ModifiedBy],[ModifiedOn],[RowStatusId])VALUES(23,'0x0410','8',@strDefaultValue_CreatedBy, getdate(), @strDefaultValue_ModifiedBy,getdate(),@intRowStatus_Active)
--INSERT INTO [ElementsCPSDB].[dbo].[JumpstationMacroValue]([JumpstationMacroId],[MatchName],[ResultValue],[CreatedBy],[CreatedOn],[ModifiedBy],[ModifiedOn],[RowStatusId])VALUES(23,'0x0413','9',@strDefaultValue_CreatedBy, getdate(), @strDefaultValue_ModifiedBy,getdate(),@intRowStatus_Active)
--INSERT INTO [ElementsCPSDB].[dbo].[JumpstationMacroValue]([JumpstationMacroId],[MatchName],[ResultValue],[CreatedBy],[CreatedOn],[ModifiedBy],[ModifiedOn],[RowStatusId])VALUES(23,'0x0414','10',@strDefaultValue_CreatedBy, getdate(), @strDefaultValue_ModifiedBy,getdate(),@intRowStatus_Active)
--INSERT INTO [ElementsCPSDB].[dbo].[JumpstationMacroValue]([JumpstationMacroId],[MatchName],[ResultValue],[CreatedBy],[CreatedOn],[ModifiedBy],[ModifiedOn],[RowStatusId])VALUES(23,'0x041d','13',@strDefaultValue_CreatedBy, getdate(), @strDefaultValue_ModifiedBy,getdate(),@intRowStatus_Active)
--INSERT INTO [ElementsCPSDB].[dbo].[JumpstationMacroValue]([JumpstationMacroId],[MatchName],[ResultValue],[CreatedBy],[CreatedOn],[ModifiedBy],[ModifiedOn],[RowStatusId])VALUES(23,'0x0807','14',@strDefaultValue_CreatedBy, getdate(), @strDefaultValue_ModifiedBy,getdate(),@intRowStatus_Active)
--INSERT INTO [ElementsCPSDB].[dbo].[JumpstationMacroValue]([JumpstationMacroId],[MatchName],[ResultValue],[CreatedBy],[CreatedOn],[ModifiedBy],[ModifiedOn],[RowStatusId])VALUES(23,'0x0809','15',@strDefaultValue_CreatedBy, getdate(), @strDefaultValue_ModifiedBy,getdate(),@intRowStatus_Active)
--INSERT INTO [ElementsCPSDB].[dbo].[JumpstationMacroValue]([JumpstationMacroId],[MatchName],[ResultValue],[CreatedBy],[CreatedOn],[ModifiedBy],[ModifiedOn],[RowStatusId])VALUES(23,'0x080c','2',@strDefaultValue_CreatedBy, getdate(), @strDefaultValue_ModifiedBy,getdate(),@intRowStatus_Active)
--INSERT INTO [ElementsCPSDB].[dbo].[JumpstationMacroValue]([JumpstationMacroId],[MatchName],[ResultValue],[CreatedBy],[CreatedOn],[ModifiedBy],[ModifiedOn],[RowStatusId])VALUES(23,'0x0810','14',@strDefaultValue_CreatedBy, getdate(), @strDefaultValue_ModifiedBy,getdate(),@intRowStatus_Active)
--INSERT INTO [ElementsCPSDB].[dbo].[JumpstationMacroValue]([JumpstationMacroId],[MatchName],[ResultValue],[CreatedBy],[CreatedOn],[ModifiedBy],[ModifiedOn],[RowStatusId])VALUES(23,'0x0813','2',@strDefaultValue_CreatedBy, getdate(), @strDefaultValue_ModifiedBy,getdate(),@intRowStatus_Active)
--INSERT INTO [ElementsCPSDB].[dbo].[JumpstationMacroValue]([JumpstationMacroId],[MatchName],[ResultValue],[CreatedBy],[CreatedOn],[ModifiedBy],[ModifiedOn],[RowStatusId])VALUES(23,'0x0816','11',@strDefaultValue_CreatedBy, getdate(), @strDefaultValue_ModifiedBy,getdate(),@intRowStatus_Active)
--INSERT INTO [ElementsCPSDB].[dbo].[JumpstationMacroValue]([JumpstationMacroId],[MatchName],[ResultValue],[CreatedBy],[CreatedOn],[ModifiedBy],[ModifiedOn],[RowStatusId])VALUES(23,'0x081d','5',@strDefaultValue_CreatedBy, getdate(), @strDefaultValue_ModifiedBy,getdate(),@intRowStatus_Active)
--INSERT INTO [ElementsCPSDB].[dbo].[JumpstationMacroValue]([JumpstationMacroId],[MatchName],[ResultValue],[CreatedBy],[CreatedOn],[ModifiedBy],[ModifiedOn],[RowStatusId])VALUES(23,'0x0c07','1',@strDefaultValue_CreatedBy, getdate(), @strDefaultValue_ModifiedBy,getdate(),@intRowStatus_Active)
--INSERT INTO [ElementsCPSDB].[dbo].[JumpstationMacroValue]([JumpstationMacroId],[MatchName],[ResultValue],[CreatedBy],[CreatedOn],[ModifiedBy],[ModifiedOn],[RowStatusId])VALUES(23,'0x1007','2',@strDefaultValue_CreatedBy, getdate(), @strDefaultValue_ModifiedBy,getdate(),@intRowStatus_Active)
--INSERT INTO [ElementsCPSDB].[dbo].[JumpstationMacroValue]([JumpstationMacroId],[MatchName],[ResultValue],[CreatedBy],[CreatedOn],[ModifiedBy],[ModifiedOn],[RowStatusId])VALUES(23,'0x100c','14',@strDefaultValue_CreatedBy, getdate(), @strDefaultValue_ModifiedBy,getdate(),@intRowStatus_Active)
--INSERT INTO [ElementsCPSDB].[dbo].[JumpstationMacroValue]([JumpstationMacroId],[MatchName],[ResultValue],[CreatedBy],[CreatedOn],[ModifiedBy],[ModifiedOn],[RowStatusId])VALUES(23,'0x140c','2',@strDefaultValue_CreatedBy, getdate(), @strDefaultValue_ModifiedBy,getdate(),@intRowStatus_Active)
--INSERT INTO [ElementsCPSDB].[dbo].[JumpstationMacroValue]([JumpstationMacroId],[MatchName],[ResultValue],[CreatedBy],[CreatedOn],[ModifiedBy],[ModifiedOn],[RowStatusId])VALUES(23,'0x1809','4',@strDefaultValue_CreatedBy, getdate(), @strDefaultValue_ModifiedBy,getdate(),@intRowStatus_Active)

--INSERT INTO [ElementsCPSDB].[dbo].[JumpstationMacroValue]([JumpstationMacroId],[MatchName],[ResultValue],[CreatedBy],[CreatedOn],[ModifiedBy],[ModifiedOn],[RowStatusId])VALUES(24,'langid','$maprgncntry(langid)$/$mapisolang(lang)$',@strDefaultValue_CreatedBy, getdate(), @strDefaultValue_ModifiedBy,getdate(),@intRowStatus_Active)
--INSERT INTO [ElementsCPSDB].[dbo].[JumpstationMacroValue]([JumpstationMacroId],[MatchName],[ResultValue],[CreatedBy],[CreatedOn],[ModifiedBy],[ModifiedOn],[RowStatusId])VALUES(25,null,'$http_protocol$register.hp.com/servlet/WebReg.servlets.ProdSelServlet?appID=java_wreg_wreg_genpg&language=$mapiso2lang(lang)$&PRODUCT_TYPE=Printers&PRODUCT_FAMILY=HP+Deskjet+Printers&PRODUCT_NAME=HP+Deskjet+$product$+Printer',@strDefaultValue_CreatedBy, getdate(), @strDefaultValue_ModifiedBy,getdate(),@intRowStatus_Active)
--INSERT INTO [ElementsCPSDB].[dbo].[JumpstationMacroValue]([JumpstationMacroId],[MatchName],[ResultValue],[CreatedBy],[CreatedOn],[ModifiedBy],[ModifiedOn],[RowStatusId])VALUES(26,null,'register.hp.com',@strDefaultValue_CreatedBy, getdate(), @strDefaultValue_ModifiedBy,getdate(),@intRowStatus_Active)
--INSERT INTO [ElementsCPSDB].[dbo].[JumpstationMacroValue]([JumpstationMacroId],[MatchName],[ResultValue],[CreatedBy],[CreatedOn],[ModifiedBy],[ModifiedOn],[RowStatusId])VALUES(27,null,'vdccnzproh.houston.hp.com',@strDefaultValue_CreatedBy, getdate(), @strDefaultValue_ModifiedBy,getdate(),@intRowStatus_Active)
--INSERT INTO [ElementsCPSDB].[dbo].[JumpstationMacroValue]([JumpstationMacroId],[MatchName],[ResultValue],[CreatedBy],[CreatedOn],[ModifiedBy],[ModifiedOn],[RowStatusId])VALUES(28,null,'lang=$lang$&cc=$cc$&modelId=$modelId$&prod_serial_id=$prod_serial_id$&application=934&soft_build=$soft_build$&bom_soft=$bom_soft$',@strDefaultValue_CreatedBy, getdate(), @strDefaultValue_ModifiedBy,getdate(),@intRowStatus_Active)
--INSERT INTO [ElementsCPSDB].[dbo].[JumpstationMacroValue]([JumpstationMacroId],[MatchName],[ResultValue],[CreatedBy],[CreatedOn],[ModifiedBy],[ModifiedOn],[RowStatusId])VALUES(29,null,'$http_protocol$test.register.hp.com/servlet/WebReg.servlets.ProdSelServlet?appID=java_wreg_wreg_genpg&language=$mapiso2lang(lang)$&PRODUCT_TYPE=Printers&PRODUCT_FAMILY=HP+Deskjet+Printers&PRODUCT_NAME=HP+Deskjet+$product$+Printer',@strDefaultValue_CreatedBy, getdate(), @strDefaultValue_ModifiedBy,getdate(),@intRowStatus_Active)

--INSERT INTO [ElementsCPSDB].[dbo].[JumpstationMacroValue]([JumpstationMacroId],[MatchName],[ResultValue],[CreatedBy],[CreatedOn],[ModifiedBy],[ModifiedOn],[RowStatusId])VALUES(30,'01','01',@strDefaultValue_CreatedBy, getdate(), @strDefaultValue_ModifiedBy,getdate(),@intRowStatus_Active)
--INSERT INTO [ElementsCPSDB].[dbo].[JumpstationMacroValue]([JumpstationMacroId],[MatchName],[ResultValue],[CreatedBy],[CreatedOn],[ModifiedBy],[ModifiedOn],[RowStatusId])VALUES(30,'02','02',@strDefaultValue_CreatedBy, getdate(), @strDefaultValue_ModifiedBy,getdate(),@intRowStatus_Active)
--INSERT INTO [ElementsCPSDB].[dbo].[JumpstationMacroValue]([JumpstationMacroId],[MatchName],[ResultValue],[CreatedBy],[CreatedOn],[ModifiedBy],[ModifiedOn],[RowStatusId])VALUES(30,'03','03',@strDefaultValue_CreatedBy, getdate(), @strDefaultValue_ModifiedBy,getdate(),@intRowStatus_Active)
--INSERT INTO [ElementsCPSDB].[dbo].[JumpstationMacroValue]([JumpstationMacroId],[MatchName],[ResultValue],[CreatedBy],[CreatedOn],[ModifiedBy],[ModifiedOn],[RowStatusId])VALUES(30,'04','04',@strDefaultValue_CreatedBy, getdate(), @strDefaultValue_ModifiedBy,getdate(),@intRowStatus_Active)
--INSERT INTO [ElementsCPSDB].[dbo].[JumpstationMacroValue]([JumpstationMacroId],[MatchName],[ResultValue],[CreatedBy],[CreatedOn],[ModifiedBy],[ModifiedOn],[RowStatusId])VALUES(30,'05','05',@strDefaultValue_CreatedBy, getdate(), @strDefaultValue_ModifiedBy,getdate(),@intRowStatus_Active)
--INSERT INTO [ElementsCPSDB].[dbo].[JumpstationMacroValue]([JumpstationMacroId],[MatchName],[ResultValue],[CreatedBy],[CreatedOn],[ModifiedBy],[ModifiedOn],[RowStatusId])VALUES(30,'06','06',@strDefaultValue_CreatedBy, getdate(), @strDefaultValue_ModifiedBy,getdate(),@intRowStatus_Active)
--INSERT INTO [ElementsCPSDB].[dbo].[JumpstationMacroValue]([JumpstationMacroId],[MatchName],[ResultValue],[CreatedBy],[CreatedOn],[ModifiedBy],[ModifiedOn],[RowStatusId])VALUES(30,'07','07',@strDefaultValue_CreatedBy, getdate(), @strDefaultValue_ModifiedBy,getdate(),@intRowStatus_Active)
--INSERT INTO [ElementsCPSDB].[dbo].[JumpstationMacroValue]([JumpstationMacroId],[MatchName],[ResultValue],[CreatedBy],[CreatedOn],[ModifiedBy],[ModifiedOn],[RowStatusId])VALUES(30,'08','08',@strDefaultValue_CreatedBy, getdate(), @strDefaultValue_ModifiedBy,getdate(),@intRowStatus_Active)
--INSERT INTO [ElementsCPSDB].[dbo].[JumpstationMacroValue]([JumpstationMacroId],[MatchName],[ResultValue],[CreatedBy],[CreatedOn],[ModifiedBy],[ModifiedOn],[RowStatusId])VALUES(30,'09','09',@strDefaultValue_CreatedBy, getdate(), @strDefaultValue_ModifiedBy,getdate(),@intRowStatus_Active)
--INSERT INTO [ElementsCPSDB].[dbo].[JumpstationMacroValue]([JumpstationMacroId],[MatchName],[ResultValue],[CreatedBy],[CreatedOn],[ModifiedBy],[ModifiedOn],[RowStatusId])VALUES(30,'10','10',@strDefaultValue_CreatedBy, getdate(), @strDefaultValue_ModifiedBy,getdate(),@intRowStatus_Active)
--INSERT INTO [ElementsCPSDB].[dbo].[JumpstationMacroValue]([JumpstationMacroId],[MatchName],[ResultValue],[CreatedBy],[CreatedOn],[ModifiedBy],[ModifiedOn],[RowStatusId])VALUES(30,'11','11',@strDefaultValue_CreatedBy, getdate(), @strDefaultValue_ModifiedBy,getdate(),@intRowStatus_Active)
--INSERT INTO [ElementsCPSDB].[dbo].[JumpstationMacroValue]([JumpstationMacroId],[MatchName],[ResultValue],[CreatedBy],[CreatedOn],[ModifiedBy],[ModifiedOn],[RowStatusId])VALUES(30,'12','12',@strDefaultValue_CreatedBy, getdate(), @strDefaultValue_ModifiedBy,getdate(),@intRowStatus_Active)
--INSERT INTO [ElementsCPSDB].[dbo].[JumpstationMacroValue]([JumpstationMacroId],[MatchName],[ResultValue],[CreatedBy],[CreatedOn],[ModifiedBy],[ModifiedOn],[RowStatusId])VALUES(30,'13','13',@strDefaultValue_CreatedBy, getdate(), @strDefaultValue_ModifiedBy,getdate(),@intRowStatus_Active)
--INSERT INTO [ElementsCPSDB].[dbo].[JumpstationMacroValue]([JumpstationMacroId],[MatchName],[ResultValue],[CreatedBy],[CreatedOn],[ModifiedBy],[ModifiedOn],[RowStatusId])VALUES(30,'14','14',@strDefaultValue_CreatedBy, getdate(), @strDefaultValue_ModifiedBy,getdate(),@intRowStatus_Active)
--INSERT INTO [ElementsCPSDB].[dbo].[JumpstationMacroValue]([JumpstationMacroId],[MatchName],[ResultValue],[CreatedBy],[CreatedOn],[ModifiedBy],[ModifiedOn],[RowStatusId])VALUES(30,'15','15',@strDefaultValue_CreatedBy, getdate(), @strDefaultValue_ModifiedBy,getdate(),@intRowStatus_Active)
--INSERT INTO [ElementsCPSDB].[dbo].[JumpstationMacroValue]([JumpstationMacroId],[MatchName],[ResultValue],[CreatedBy],[CreatedOn],[ModifiedBy],[ModifiedOn],[RowStatusId])VALUES(30,'16','16',@strDefaultValue_CreatedBy, getdate(), @strDefaultValue_ModifiedBy,getdate(),@intRowStatus_Active)
--INSERT INTO [ElementsCPSDB].[dbo].[JumpstationMacroValue]([JumpstationMacroId],[MatchName],[ResultValue],[CreatedBy],[CreatedOn],[ModifiedBy],[ModifiedOn],[RowStatusId])VALUES(30,'17','17',@strDefaultValue_CreatedBy, getdate(), @strDefaultValue_ModifiedBy,getdate(),@intRowStatus_Active)
--INSERT INTO [ElementsCPSDB].[dbo].[JumpstationMacroValue]([JumpstationMacroId],[MatchName],[ResultValue],[CreatedBy],[CreatedOn],[ModifiedBy],[ModifiedOn],[RowStatusId])VALUES(30,'18','18',@strDefaultValue_CreatedBy, getdate(), @strDefaultValue_ModifiedBy,getdate(),@intRowStatus_Active)
--INSERT INTO [ElementsCPSDB].[dbo].[JumpstationMacroValue]([JumpstationMacroId],[MatchName],[ResultValue],[CreatedBy],[CreatedOn],[ModifiedBy],[ModifiedOn],[RowStatusId])VALUES(30,'19','19',@strDefaultValue_CreatedBy, getdate(), @strDefaultValue_ModifiedBy,getdate(),@intRowStatus_Active)
--INSERT INTO [ElementsCPSDB].[dbo].[JumpstationMacroValue]([JumpstationMacroId],[MatchName],[ResultValue],[CreatedBy],[CreatedOn],[ModifiedBy],[ModifiedOn],[RowStatusId])VALUES(30,'20','20',@strDefaultValue_CreatedBy, getdate(), @strDefaultValue_ModifiedBy,getdate(),@intRowStatus_Active)
--INSERT INTO [ElementsCPSDB].[dbo].[JumpstationMacroValue]([JumpstationMacroId],[MatchName],[ResultValue],[CreatedBy],[CreatedOn],[ModifiedBy],[ModifiedOn],[RowStatusId])VALUES(30,'21','21',@strDefaultValue_CreatedBy, getdate(), @strDefaultValue_ModifiedBy,getdate(),@intRowStatus_Active)
--INSERT INTO [ElementsCPSDB].[dbo].[JumpstationMacroValue]([JumpstationMacroId],[MatchName],[ResultValue],[CreatedBy],[CreatedOn],[ModifiedBy],[ModifiedOn],[RowStatusId])VALUES(30,'22','22',@strDefaultValue_CreatedBy, getdate(), @strDefaultValue_ModifiedBy,getdate(),@intRowStatus_Active)
--INSERT INTO [ElementsCPSDB].[dbo].[JumpstationMacroValue]([JumpstationMacroId],[MatchName],[ResultValue],[CreatedBy],[CreatedOn],[ModifiedBy],[ModifiedOn],[RowStatusId])VALUES(30,'23','23',@strDefaultValue_CreatedBy, getdate(), @strDefaultValue_ModifiedBy,getdate(),@intRowStatus_Active)
--INSERT INTO [ElementsCPSDB].[dbo].[JumpstationMacroValue]([JumpstationMacroId],[MatchName],[ResultValue],[CreatedBy],[CreatedOn],[ModifiedBy],[ModifiedOn],[RowStatusId])VALUES(30,'24','24',@strDefaultValue_CreatedBy, getdate(), @strDefaultValue_ModifiedBy,getdate(),@intRowStatus_Active)
--INSERT INTO [ElementsCPSDB].[dbo].[JumpstationMacroValue]([JumpstationMacroId],[MatchName],[ResultValue],[CreatedBy],[CreatedOn],[ModifiedBy],[ModifiedOn],[RowStatusId])VALUES(30,'25','25',@strDefaultValue_CreatedBy, getdate(), @strDefaultValue_ModifiedBy,getdate(),@intRowStatus_Active)
--INSERT INTO [ElementsCPSDB].[dbo].[JumpstationMacroValue]([JumpstationMacroId],[MatchName],[ResultValue],[CreatedBy],[CreatedOn],[ModifiedBy],[ModifiedOn],[RowStatusId])VALUES(30,'26','26',@strDefaultValue_CreatedBy, getdate(), @strDefaultValue_ModifiedBy,getdate(),@intRowStatus_Active)
--INSERT INTO [ElementsCPSDB].[dbo].[JumpstationMacroValue]([JumpstationMacroId],[MatchName],[ResultValue],[CreatedBy],[CreatedOn],[ModifiedBy],[ModifiedOn],[RowStatusId])VALUES(30,'27','27',@strDefaultValue_CreatedBy, getdate(), @strDefaultValue_ModifiedBy,getdate(),@intRowStatus_Active)
--INSERT INTO [ElementsCPSDB].[dbo].[JumpstationMacroValue]([JumpstationMacroId],[MatchName],[ResultValue],[CreatedBy],[CreatedOn],[ModifiedBy],[ModifiedOn],[RowStatusId])VALUES(30,'28','28',@strDefaultValue_CreatedBy, getdate(), @strDefaultValue_ModifiedBy,getdate(),@intRowStatus_Active)
--INSERT INTO [ElementsCPSDB].[dbo].[JumpstationMacroValue]([JumpstationMacroId],[MatchName],[ResultValue],[CreatedBy],[CreatedOn],[ModifiedBy],[ModifiedOn],[RowStatusId])VALUES(30,'29','29',@strDefaultValue_CreatedBy, getdate(), @strDefaultValue_ModifiedBy,getdate(),@intRowStatus_Active)
--INSERT INTO [ElementsCPSDB].[dbo].[JumpstationMacroValue]([JumpstationMacroId],[MatchName],[ResultValue],[CreatedBy],[CreatedOn],[ModifiedBy],[ModifiedOn],[RowStatusId])VALUES(30,'30','30',@strDefaultValue_CreatedBy, getdate(), @strDefaultValue_ModifiedBy,getdate(),@intRowStatus_Active)
--INSERT INTO [ElementsCPSDB].[dbo].[JumpstationMacroValue]([JumpstationMacroId],[MatchName],[ResultValue],[CreatedBy],[CreatedOn],[ModifiedBy],[ModifiedOn],[RowStatusId])VALUES(30,'31','31',@strDefaultValue_CreatedBy, getdate(), @strDefaultValue_ModifiedBy,getdate(),@intRowStatus_Active)
--INSERT INTO [ElementsCPSDB].[dbo].[JumpstationMacroValue]([JumpstationMacroId],[MatchName],[ResultValue],[CreatedBy],[CreatedOn],[ModifiedBy],[ModifiedOn],[RowStatusId])VALUES(30,'1','01',@strDefaultValue_CreatedBy, getdate(), @strDefaultValue_ModifiedBy,getdate(),@intRowStatus_Active)
--INSERT INTO [ElementsCPSDB].[dbo].[JumpstationMacroValue]([JumpstationMacroId],[MatchName],[ResultValue],[CreatedBy],[CreatedOn],[ModifiedBy],[ModifiedOn],[RowStatusId])VALUES(30,'2','02',@strDefaultValue_CreatedBy, getdate(), @strDefaultValue_ModifiedBy,getdate(),@intRowStatus_Active)
--INSERT INTO [ElementsCPSDB].[dbo].[JumpstationMacroValue]([JumpstationMacroId],[MatchName],[ResultValue],[CreatedBy],[CreatedOn],[ModifiedBy],[ModifiedOn],[RowStatusId])VALUES(30,'3','03',@strDefaultValue_CreatedBy, getdate(), @strDefaultValue_ModifiedBy,getdate(),@intRowStatus_Active)
--INSERT INTO [ElementsCPSDB].[dbo].[JumpstationMacroValue]([JumpstationMacroId],[MatchName],[ResultValue],[CreatedBy],[CreatedOn],[ModifiedBy],[ModifiedOn],[RowStatusId])VALUES(30,'4','04',@strDefaultValue_CreatedBy, getdate(), @strDefaultValue_ModifiedBy,getdate(),@intRowStatus_Active)
--INSERT INTO [ElementsCPSDB].[dbo].[JumpstationMacroValue]([JumpstationMacroId],[MatchName],[ResultValue],[CreatedBy],[CreatedOn],[ModifiedBy],[ModifiedOn],[RowStatusId])VALUES(30,'5','05',@strDefaultValue_CreatedBy, getdate(), @strDefaultValue_ModifiedBy,getdate(),@intRowStatus_Active)
--INSERT INTO [ElementsCPSDB].[dbo].[JumpstationMacroValue]([JumpstationMacroId],[MatchName],[ResultValue],[CreatedBy],[CreatedOn],[ModifiedBy],[ModifiedOn],[RowStatusId])VALUES(30,'6','06',@strDefaultValue_CreatedBy, getdate(), @strDefaultValue_ModifiedBy,getdate(),@intRowStatus_Active)
--INSERT INTO [ElementsCPSDB].[dbo].[JumpstationMacroValue]([JumpstationMacroId],[MatchName],[ResultValue],[CreatedBy],[CreatedOn],[ModifiedBy],[ModifiedOn],[RowStatusId])VALUES(30,'7','07',@strDefaultValue_CreatedBy, getdate(), @strDefaultValue_ModifiedBy,getdate(),@intRowStatus_Active)
--INSERT INTO [ElementsCPSDB].[dbo].[JumpstationMacroValue]([JumpstationMacroId],[MatchName],[ResultValue],[CreatedBy],[CreatedOn],[ModifiedBy],[ModifiedOn],[RowStatusId])VALUES(30,'8','08',@strDefaultValue_CreatedBy, getdate(), @strDefaultValue_ModifiedBy,getdate(),@intRowStatus_Active)
--INSERT INTO [ElementsCPSDB].[dbo].[JumpstationMacroValue]([JumpstationMacroId],[MatchName],[ResultValue],[CreatedBy],[CreatedOn],[ModifiedBy],[ModifiedOn],[RowStatusId])VALUES(30,'9','09',@strDefaultValue_CreatedBy, getdate(), @strDefaultValue_ModifiedBy,getdate(),@intRowStatus_Active)

--INSERT INTO [ElementsCPSDB].[dbo].[JumpstationMacroValue]([JumpstationMacroId],[MatchName],[ResultValue],[CreatedBy],[CreatedOn],[ModifiedBy],[ModifiedOn],[RowStatusId])VALUES(31,'1','01',@strDefaultValue_CreatedBy, getdate(), @strDefaultValue_ModifiedBy,getdate(),@intRowStatus_Active)
--INSERT INTO [ElementsCPSDB].[dbo].[JumpstationMacroValue]([JumpstationMacroId],[MatchName],[ResultValue],[CreatedBy],[CreatedOn],[ModifiedBy],[ModifiedOn],[RowStatusId])VALUES(31,'2','02',@strDefaultValue_CreatedBy, getdate(), @strDefaultValue_ModifiedBy,getdate(),@intRowStatus_Active)
--INSERT INTO [ElementsCPSDB].[dbo].[JumpstationMacroValue]([JumpstationMacroId],[MatchName],[ResultValue],[CreatedBy],[CreatedOn],[ModifiedBy],[ModifiedOn],[RowStatusId])VALUES(31,'3','03',@strDefaultValue_CreatedBy, getdate(), @strDefaultValue_ModifiedBy,getdate(),@intRowStatus_Active)
--INSERT INTO [ElementsCPSDB].[dbo].[JumpstationMacroValue]([JumpstationMacroId],[MatchName],[ResultValue],[CreatedBy],[CreatedOn],[ModifiedBy],[ModifiedOn],[RowStatusId])VALUES(31,'4','04',@strDefaultValue_CreatedBy, getdate(), @strDefaultValue_ModifiedBy,getdate(),@intRowStatus_Active)
--INSERT INTO [ElementsCPSDB].[dbo].[JumpstationMacroValue]([JumpstationMacroId],[MatchName],[ResultValue],[CreatedBy],[CreatedOn],[ModifiedBy],[ModifiedOn],[RowStatusId])VALUES(31,'5','05',@strDefaultValue_CreatedBy, getdate(), @strDefaultValue_ModifiedBy,getdate(),@intRowStatus_Active)
--INSERT INTO [ElementsCPSDB].[dbo].[JumpstationMacroValue]([JumpstationMacroId],[MatchName],[ResultValue],[CreatedBy],[CreatedOn],[ModifiedBy],[ModifiedOn],[RowStatusId])VALUES(31,'6','06',@strDefaultValue_CreatedBy, getdate(), @strDefaultValue_ModifiedBy,getdate(),@intRowStatus_Active)
--INSERT INTO [ElementsCPSDB].[dbo].[JumpstationMacroValue]([JumpstationMacroId],[MatchName],[ResultValue],[CreatedBy],[CreatedOn],[ModifiedBy],[ModifiedOn],[RowStatusId])VALUES(31,'7','07',@strDefaultValue_CreatedBy, getdate(), @strDefaultValue_ModifiedBy,getdate(),@intRowStatus_Active)
--INSERT INTO [ElementsCPSDB].[dbo].[JumpstationMacroValue]([JumpstationMacroId],[MatchName],[ResultValue],[CreatedBy],[CreatedOn],[ModifiedBy],[ModifiedOn],[RowStatusId])VALUES(31,'8','08',@strDefaultValue_CreatedBy, getdate(), @strDefaultValue_ModifiedBy,getdate(),@intRowStatus_Active)
--INSERT INTO [ElementsCPSDB].[dbo].[JumpstationMacroValue]([JumpstationMacroId],[MatchName],[ResultValue],[CreatedBy],[CreatedOn],[ModifiedBy],[ModifiedOn],[RowStatusId])VALUES(31,'9','09',@strDefaultValue_CreatedBy, getdate(), @strDefaultValue_ModifiedBy,getdate(),@intRowStatus_Active)
--INSERT INTO [ElementsCPSDB].[dbo].[JumpstationMacroValue]([JumpstationMacroId],[MatchName],[ResultValue],[CreatedBy],[CreatedOn],[ModifiedBy],[ModifiedOn],[RowStatusId])VALUES(31,'10','10',@strDefaultValue_CreatedBy, getdate(), @strDefaultValue_ModifiedBy,getdate(),@intRowStatus_Active)
--INSERT INTO [ElementsCPSDB].[dbo].[JumpstationMacroValue]([JumpstationMacroId],[MatchName],[ResultValue],[CreatedBy],[CreatedOn],[ModifiedBy],[ModifiedOn],[RowStatusId])VALUES(31,'11','11',@strDefaultValue_CreatedBy, getdate(), @strDefaultValue_ModifiedBy,getdate(),@intRowStatus_Active)
--INSERT INTO [ElementsCPSDB].[dbo].[JumpstationMacroValue]([JumpstationMacroId],[MatchName],[ResultValue],[CreatedBy],[CreatedOn],[ModifiedBy],[ModifiedOn],[RowStatusId])VALUES(31,'12','12',@strDefaultValue_CreatedBy, getdate(), @strDefaultValue_ModifiedBy,getdate(),@intRowStatus_Active)

--INSERT INTO [ElementsCPSDB].[dbo].[JumpstationMacroValue]([JumpstationMacroId],[MatchName],[ResultValue],[CreatedBy],[CreatedOn],[ModifiedBy],[ModifiedOn],[RowStatusId])VALUES(32,null,'http://www.hp.com/unavailable',@strDefaultValue_CreatedBy, getdate(), @strDefaultValue_ModifiedBy,getdate(),@intRowStatus_Active)
--INSERT INTO [ElementsCPSDB].[dbo].[JumpstationMacroValue]([JumpstationMacroId],[MatchName],[ResultValue],[CreatedBy],[CreatedOn],[ModifiedBy],[ModifiedOn],[RowStatusId])VALUES(33,null,'modelID=$modelid$&PROD_SERIAL_ID=$prod_serial_id$&PRODUCT_NAME=$product_name$&appID=CATS2_printer&application=303&lang=$lang$&cc=$cc$&pl=$pl$&client_vp=$client_vp$&lf=$lf$&operating_system_2=$prodos$&ex1=$ex1$&ex2=$ex2$&ex3=$ex3$',@strDefaultValue_CreatedBy, getdate(), @strDefaultValue_ModifiedBy,getdate(),@intRowStatus_Active)
--END

--PRINT 'Adding rows to [dbo].[QueryParameter]'
--BEGIN
--SET IDENTITY_INSERT [dbo].[QueryParameter] ON
--INSERT INTO [ElementsCPSDB].[dbo].[QueryParameter]([Id],[Name],[ElementsKey],[CreatedBy],[CreatedOn],[ModifiedBy],[ModifiedOn],[RowStatusId],[Description])VALUES(13,'Touchpoint','tp',@strDefaultValue_CreatedBy, getdate(), @strDefaultValue_ModifiedBy,getdate(),@intRowStatus_Active,NULL)
--INSERT INTO [ElementsCPSDB].[dbo].[QueryParameter]([Id],[Name],[ElementsKey],[CreatedBy],[CreatedOn],[ModifiedBy],[ModifiedOn],[RowStatusId],[Description])VALUES(15,'Brand','bd',@strDefaultValue_CreatedBy, getdate(), @strDefaultValue_ModifiedBy,getdate(),@intRowStatus_Active,NULL)
--INSERT INTO [ElementsCPSDB].[dbo].[QueryParameter]([Id],[Name],[ElementsKey],[CreatedBy],[CreatedOn],[ModifiedBy],[ModifiedOn],[RowStatusId],[Description])VALUES(3,'Locale','locale',@strDefaultValue_CreatedBy, getdate(), @strDefaultValue_ModifiedBy,getdate(),@intRowStatus_Active,NULL)
--INSERT INTO [ElementsCPSDB].[dbo].[QueryParameter]([Id],[Name],[ElementsKey],[CreatedBy],[CreatedOn],[ModifiedBy],[ModifiedOn],[RowStatusId],[Description])VALUES(7,'Cycle','c',@strDefaultValue_CreatedBy, getdate(), @strDefaultValue_ModifiedBy,getdate(),@intRowStatus_Active,NULL)
--INSERT INTO [ElementsCPSDB].[dbo].[QueryParameter]([Id],[Name],[ElementsKey],[CreatedBy],[CreatedOn],[ModifiedBy],[ModifiedOn],[RowStatusId],[Description])VALUES(14,'Platform','pf',@strDefaultValue_CreatedBy, getdate(), @strDefaultValue_ModifiedBy,getdate(),@intRowStatus_Active,NULL)
--INSERT INTO [ElementsCPSDB].[dbo].[QueryParameter]([Id],[Name],[ElementsKey],[CreatedBy],[CreatedOn],[ModifiedBy],[ModifiedOn],[RowStatusId],[Description])VALUES(5,'Partner Category','s',@strDefaultValue_CreatedBy, getdate(), @strDefaultValue_ModifiedBy,getdate(),@intRowStatus_Active,NULL)
--INSERT INTO [ElementsCPSDB].[dbo].[QueryParameter]([Id],[Name],[ElementsKey],[CreatedBy],[CreatedOn],[ModifiedBy],[ModifiedOn],[RowStatusId],[Description])VALUES(16,'Parameter','param',@strDefaultValue_CreatedBy, getdate(), @strDefaultValue_ModifiedBy,getdate(),@intRowStatus_Active,NULL)
--INSERT INTO [ElementsCPSDB].[dbo].[QueryParameter]([Id],[Name],[ElementsKey],[CreatedBy],[CreatedOn],[ModifiedBy],[ModifiedOn],[RowStatusId],[Description])VALUES(1,'Server Version','sver',@strDefaultValue_CreatedBy, getdate(), @strDefaultValue_ModifiedBy,getdate(),@intRowStatus_Active,NULL)
--INSERT INTO [ElementsCPSDB].[dbo].[QueryParameter]([Id],[Name],[ElementsKey],[CreatedBy],[CreatedOn],[ModifiedBy],[ModifiedOn],[RowStatusId],[Description])VALUES(12,'Internet Key','i',@strDefaultValue_CreatedBy, getdate(), @strDefaultValue_ModifiedBy,getdate(),@intRowStatus_Active,NULL)

--INSERT INTO [ElementsCPSDB].[dbo].[QueryParameter]([Id],[Name],[ElementsKey],[CreatedBy],[CreatedOn],[ModifiedBy],[ModifiedOn],[RowStatusId],[Description])VALUES(100,'Language','lang',@strDefaultValue_CreatedBy, getdate(), @strDefaultValue_ModifiedBy,getdate(),@intRowStatus_Active,'Three Letter Language Code')
--INSERT INTO [ElementsCPSDB].[dbo].[QueryParameter]([Id],[Name],[ElementsKey],[CreatedBy],[CreatedOn],[ModifiedBy],[ModifiedOn],[RowStatusId],[Description])VALUES(101,'Country Code','cc',@strDefaultValue_CreatedBy, getdate(), @strDefaultValue_ModifiedBy,getdate(),@intRowStatus_Active,'Three Letter ISO Country Code')
--INSERT INTO [ElementsCPSDB].[dbo].[QueryParameter]([Id],[Name],[ElementsKey],[CreatedBy],[CreatedOn],[ModifiedBy],[ModifiedOn],[RowStatusId],[Description])VALUES(102,'Release','release',@strDefaultValue_CreatedBy, getdate(), @strDefaultValue_ModifiedBy,getdate(),@intRowStatus_Active,'Release')
--INSERT INTO [ElementsCPSDB].[dbo].[QueryParameter]([Id],[Name],[ElementsKey],[CreatedBy],[CreatedOn],[ModifiedBy],[ModifiedOn],[RowStatusId],[Description])VALUES(103,'OS Version','osversion',@strDefaultValue_CreatedBy, getdate(), @strDefaultValue_ModifiedBy,getdate(),@intRowStatus_Active,'OS Version')
--INSERT INTO [ElementsCPSDB].[dbo].[QueryParameter]([Id],[Name],[ElementsKey],[CreatedBy],[CreatedOn],[ModifiedBy],[ModifiedOn],[RowStatusId],[Description])VALUES(104,'OS Bit','osbit',@strDefaultValue_CreatedBy, getdate(), @strDefaultValue_ModifiedBy,getdate(),@intRowStatus_Active,'OS bit')
--INSERT INTO [ElementsCPSDB].[dbo].[QueryParameter]([Id],[Name],[ElementsKey],[CreatedBy],[CreatedOn],[ModifiedBy],[ModifiedOn],[RowStatusId],[Description])VALUES(105,'OS Type','ostype',@strDefaultValue_CreatedBy, getdate(), @strDefaultValue_ModifiedBy,getdate(),@intRowStatus_Active,'OS Type')
--INSERT INTO [ElementsCPSDB].[dbo].[QueryParameter]([Id],[Name],[ElementsKey],[CreatedBy],[CreatedOn],[ModifiedBy],[ModifiedOn],[RowStatusId],[Description])VALUES(106,'PC Brand','pcbrand',@strDefaultValue_CreatedBy, getdate(), @strDefaultValue_ModifiedBy,getdate(),@intRowStatus_Active,'PC brand')
--INSERT INTO [ElementsCPSDB].[dbo].[QueryParameter]([Id],[Name],[ElementsKey],[CreatedBy],[CreatedOn],[ModifiedBy],[ModifiedOn],[RowStatusId],[Description])VALUES(107,'PC Platform','platform',@strDefaultValue_CreatedBy, getdate(), @strDefaultValue_ModifiedBy,getdate(),@intRowStatus_Active,'Platform')

--INSERT INTO [ElementsCPSDB].[dbo].[QueryParameter]([Id],[Name],[ElementsKey],[CreatedBy],[CreatedOn],[ModifiedBy],[ModifiedOn],[RowStatusId],[Description])VALUES(201,'PC Sub-Brand','subbrand',@strDefaultValue_CreatedBy, getdate(), @strDefaultValue_ModifiedBy,getdate(),@intRowStatus_Active,'PC Sub-Brand')
--INSERT INTO [ElementsCPSDB].[dbo].[QueryParameter]([Id],[Name],[ElementsKey],[CreatedBy],[CreatedOn],[ModifiedBy],[ModifiedOn],[RowStatusId],[Description])VALUES(202,'Release Start','releasestart',@strDefaultValue_CreatedBy, getdate(), @strDefaultValue_ModifiedBy,getdate(),@intRowStatus_Active,'Release Start')
--INSERT INTO [ElementsCPSDB].[dbo].[QueryParameter]([Id],[Name],[ElementsKey],[CreatedBy],[CreatedOn],[ModifiedBy],[ModifiedOn],[RowStatusId],[Description])VALUES(203,'Release End','releaseend',@strDefaultValue_CreatedBy, getdate(), @strDefaultValue_ModifiedBy,getdate(),@intRowStatus_Active,'Release End')
--INSERT INTO [ElementsCPSDB].[dbo].[QueryParameter]([Id],[Name],[ElementsKey],[CreatedBy],[CreatedOn],[ModifiedBy],[ModifiedOn],[RowStatusId],[Description])VALUES(204,'Model Number','modelnumber',@strDefaultValue_CreatedBy, getdate(), @strDefaultValue_ModifiedBy,getdate(),@intRowStatus_Active,'Model Number')
--INSERT INTO [ElementsCPSDB].[dbo].[QueryParameter]([Id],[Name],[ElementsKey],[CreatedBy],[CreatedOn],[ModifiedBy],[ModifiedOn],[RowStatusId],[Description])VALUES(205,'Product Name','productname',@strDefaultValue_CreatedBy, getdate(), @strDefaultValue_ModifiedBy,getdate(),@intRowStatus_Active,'Product Name')
--INSERT INTO [ElementsCPSDB].[dbo].[QueryParameter]([Id],[Name],[ElementsKey],[CreatedBy],[CreatedOn],[ModifiedBy],[ModifiedOn],[RowStatusId],[Description])VALUES(206,'Product Number', 'productnumber',@strDefaultValue_CreatedBy, getdate(), @strDefaultValue_ModifiedBy,getdate(),@intRowStatus_Active,'Product Number')
--SET IDENTITY_INSERT [dbo].[QueryParameter] OFF
--END	    

--PRINT 'Adding rows to [dbo].[QueryParameter_ProxyURLType]'
--BEGIN
--INSERT INTO [ElementsCPSDB].[dbo].[QueryParameter_ProxyURLType]([ProxyURLTypeId],[QueryParameterId],[Name],[CreatedBy],[CreatedOn],[ModifiedBy],[ModifiedOn])VALUES(1,16,'Simple Redirect URLs/Parameter',@strDefaultValue_CreatedBy, getdate(),@strDefaultValue_ModifiedBy,getdate())
--INSERT INTO [ElementsCPSDB].[dbo].[QueryParameter_ProxyURLType]([ProxyURLTypeId],[QueryParameterId],[Name],[CreatedBy],[CreatedOn],[ModifiedBy],[ModifiedOn])VALUES(2,3,'All Other Redirect URLs/Locale',@strDefaultValue_CreatedBy, getdate(),@strDefaultValue_ModifiedBy,getdate())
--INSERT INTO [ElementsCPSDB].[dbo].[QueryParameter_ProxyURLType]([ProxyURLTypeId],[QueryParameterId],[Name],[CreatedBy],[CreatedOn],[ModifiedBy],[ModifiedOn])VALUES(2,5,'All Other Redirect URLs/Partner Category',@strDefaultValue_CreatedBy, getdate(),@strDefaultValue_ModifiedBy,getdate())
--INSERT INTO [ElementsCPSDB].[dbo].[QueryParameter_ProxyURLType]([ProxyURLTypeId],[QueryParameterId],[Name],[CreatedBy],[CreatedOn],[ModifiedBy],[ModifiedOn])VALUES(2,7,'All Other Redirect URLs/Cycle',@strDefaultValue_CreatedBy, getdate(),@strDefaultValue_ModifiedBy,getdate())
--INSERT INTO [ElementsCPSDB].[dbo].[QueryParameter_ProxyURLType]([ProxyURLTypeId],[QueryParameterId],[Name],[CreatedBy],[CreatedOn],[ModifiedBy],[ModifiedOn])VALUES(2,13,'All Other Redirect URLs/Touchpoint',@strDefaultValue_CreatedBy, getdate(),@strDefaultValue_ModifiedBy,getdate())
--INSERT INTO [ElementsCPSDB].[dbo].[QueryParameter_ProxyURLType]([ProxyURLTypeId],[QueryParameterId],[Name],[CreatedBy],[CreatedOn],[ModifiedBy],[ModifiedOn])VALUES(2,14,'All Other Redirect URLs/Platform',@strDefaultValue_CreatedBy, getdate(),@strDefaultValue_ModifiedBy,getdate())
--INSERT INTO [ElementsCPSDB].[dbo].[QueryParameter_ProxyURLType]([ProxyURLTypeId],[QueryParameterId],[Name],[CreatedBy],[CreatedOn],[ModifiedBy],[ModifiedOn])VALUES(2,15,'All Other Redirect URLs/Brand',@strDefaultValue_CreatedBy, getdate(),@strDefaultValue_ModifiedBy,getdate())
--INSERT INTO [ElementsCPSDB].[dbo].[QueryParameter_ProxyURLType]([ProxyURLTypeId],[QueryParameterId],[Name],[CreatedBy],[CreatedOn],[ModifiedBy],[ModifiedOn])VALUES(3,3,'Default Redirect URLs/Locale',@strDefaultValue_CreatedBy, getdate(),@strDefaultValue_ModifiedBy,getdate())
--INSERT INTO [ElementsCPSDB].[dbo].[QueryParameter_ProxyURLType]([ProxyURLTypeId],[QueryParameterId],[Name],[CreatedBy],[CreatedOn],[ModifiedBy],[ModifiedOn])VALUES(3,7,'Default Redirect URLs/Cycle',@strDefaultValue_CreatedBy, getdate(),@strDefaultValue_ModifiedBy,getdate())
--INSERT INTO [ElementsCPSDB].[dbo].[QueryParameter_ProxyURLType]([ProxyURLTypeId],[QueryParameterId],[Name],[CreatedBy],[CreatedOn],[ModifiedBy],[ModifiedOn])VALUES(3,13,'Default Redirect URLs/Touchpoint',@strDefaultValue_CreatedBy, getdate(),@strDefaultValue_ModifiedBy,getdate())
--INSERT INTO [ElementsCPSDB].[dbo].[QueryParameter_ProxyURLType]([ProxyURLTypeId],[QueryParameterId],[Name],[CreatedBy],[CreatedOn],[ModifiedBy],[ModifiedOn])VALUES(3,15,'Default Redirect URLs/Brand',@strDefaultValue_CreatedBy, getdate(),@strDefaultValue_ModifiedBy,getdate())
--INSERT INTO [ElementsCPSDB].[dbo].[QueryParameter_ProxyURLType]([ProxyURLTypeId],[QueryParameterId],[Name],[CreatedBy],[CreatedOn],[ModifiedBy],[ModifiedOn])VALUES(3,14,'Default Redirect URLs/Platform',@strDefaultValue_CreatedBy, getdate(),@strDefaultValue_ModifiedBy,getdate())
--END	    

--PRINT 'Adding rows to [dbo].[QueryParameter_ConfigurationServiceGroupType]'
--BEGIN
--INSERT INTO [ElementsCPSDB].[dbo].[QueryParameter_ConfigurationServiceGroupType]([ConfigurationServiceGroupTypeId],[QueryParameterId],[Name],[CreatedBy],[CreatedOn],[ModifiedBy],[ModifiedOn],[MaximumSelection],[Wildcard])VALUES(1,100,'appconfig/Language',@strDefaultValue_CreatedBy, getdate(),@strDefaultValue_ModifiedBy,getdate(),0,1)
--INSERT INTO [ElementsCPSDB].[dbo].[QueryParameter_ConfigurationServiceGroupType]([ConfigurationServiceGroupTypeId],[QueryParameterId],[Name],[CreatedBy],[CreatedOn],[ModifiedBy],[ModifiedOn],[MaximumSelection],[Wildcard])VALUES(1,101,'appconfig/Country Code',@strDefaultValue_CreatedBy, getdate(),@strDefaultValue_ModifiedBy,getdate(),0,1)
--INSERT INTO [ElementsCPSDB].[dbo].[QueryParameter_ConfigurationServiceGroupType]([ConfigurationServiceGroupTypeId],[QueryParameterId],[Name],[CreatedBy],[CreatedOn],[ModifiedBy],[ModifiedOn],[MaximumSelection],[Wildcard])VALUES(1,102,'appconfig/Release',@strDefaultValue_CreatedBy, getdate(),@strDefaultValue_ModifiedBy,getdate(),0,1)
--INSERT INTO [ElementsCPSDB].[dbo].[QueryParameter_ConfigurationServiceGroupType]([ConfigurationServiceGroupTypeId],[QueryParameterId],[Name],[CreatedBy],[CreatedOn],[ModifiedBy],[ModifiedOn],[MaximumSelection],[Wildcard])VALUES(1,103,'appconfig/OS Version',@strDefaultValue_CreatedBy, getdate(),@strDefaultValue_ModifiedBy,getdate(),0,1)
--INSERT INTO [ElementsCPSDB].[dbo].[QueryParameter_ConfigurationServiceGroupType]([ConfigurationServiceGroupTypeId],[QueryParameterId],[Name],[CreatedBy],[CreatedOn],[ModifiedBy],[ModifiedOn],[MaximumSelection],[Wildcard])VALUES(1,104,'appconfig/OS Bit',@strDefaultValue_CreatedBy, getdate(),@strDefaultValue_ModifiedBy,getdate(),0,1)
--INSERT INTO [ElementsCPSDB].[dbo].[QueryParameter_ConfigurationServiceGroupType]([ConfigurationServiceGroupTypeId],[QueryParameterId],[Name],[CreatedBy],[CreatedOn],[ModifiedBy],[ModifiedOn],[MaximumSelection],[Wildcard])VALUES(1,105,'appconfig/OS Type',@strDefaultValue_CreatedBy, getdate(),@strDefaultValue_ModifiedBy,getdate(),0,1)
--INSERT INTO [ElementsCPSDB].[dbo].[QueryParameter_ConfigurationServiceGroupType]([ConfigurationServiceGroupTypeId],[QueryParameterId],[Name],[CreatedBy],[CreatedOn],[ModifiedBy],[ModifiedOn],[MaximumSelection],[Wildcard])VALUES(1,106,'appconfig/PC Brand',@strDefaultValue_CreatedBy, getdate(),@strDefaultValue_ModifiedBy,getdate(),0,1)
--INSERT INTO [ElementsCPSDB].[dbo].[QueryParameter_ConfigurationServiceGroupType]([ConfigurationServiceGroupTypeId],[QueryParameterId],[Name],[CreatedBy],[CreatedOn],[ModifiedBy],[ModifiedOn],[MaximumSelection],[Wildcard])VALUES(1,107,'appconfig/PC Plaform',@strDefaultValue_CreatedBy, getdate(),@strDefaultValue_ModifiedBy,getdate(),0,1)
--INSERT INTO [ElementsCPSDB].[dbo].[QueryParameter_ConfigurationServiceGroupType]([ConfigurationServiceGroupTypeId],[QueryParameterId],[Name],[CreatedBy],[CreatedOn],[ModifiedBy],[ModifiedOn],[MaximumSelection],[Wildcard])VALUES(2,100,'tracking/Language',@strDefaultValue_CreatedBy, getdate(),@strDefaultValue_ModifiedBy,getdate(),0,1)
--INSERT INTO [ElementsCPSDB].[dbo].[QueryParameter_ConfigurationServiceGroupType]([ConfigurationServiceGroupTypeId],[QueryParameterId],[Name],[CreatedBy],[CreatedOn],[ModifiedBy],[ModifiedOn],[MaximumSelection],[Wildcard])VALUES(2,101,'tracking/Country Code',@strDefaultValue_CreatedBy, getdate(),@strDefaultValue_ModifiedBy,getdate(),0,1)
--INSERT INTO [ElementsCPSDB].[dbo].[QueryParameter_ConfigurationServiceGroupType]([ConfigurationServiceGroupTypeId],[QueryParameterId],[Name],[CreatedBy],[CreatedOn],[ModifiedBy],[ModifiedOn],[MaximumSelection],[Wildcard])VALUES(2,102,'tracking/Release',@strDefaultValue_CreatedBy, getdate(),@strDefaultValue_ModifiedBy,getdate(),0,1)
--INSERT INTO [ElementsCPSDB].[dbo].[QueryParameter_ConfigurationServiceGroupType]([ConfigurationServiceGroupTypeId],[QueryParameterId],[Name],[CreatedBy],[CreatedOn],[ModifiedBy],[ModifiedOn],[MaximumSelection],[Wildcard])VALUES(2,103,'tracking/OS Version',@strDefaultValue_CreatedBy, getdate(),@strDefaultValue_ModifiedBy,getdate(),0,1)
--INSERT INTO [ElementsCPSDB].[dbo].[QueryParameter_ConfigurationServiceGroupType]([ConfigurationServiceGroupTypeId],[QueryParameterId],[Name],[CreatedBy],[CreatedOn],[ModifiedBy],[ModifiedOn],[MaximumSelection],[Wildcard])VALUES(2,104,'tracking/OS Bit',@strDefaultValue_CreatedBy, getdate(),@strDefaultValue_ModifiedBy,getdate(),0,1)
--INSERT INTO [ElementsCPSDB].[dbo].[QueryParameter_ConfigurationServiceGroupType]([ConfigurationServiceGroupTypeId],[QueryParameterId],[Name],[CreatedBy],[CreatedOn],[ModifiedBy],[ModifiedOn],[MaximumSelection],[Wildcard])VALUES(2,105,'tracking/OS Type',@strDefaultValue_CreatedBy, getdate(),@strDefaultValue_ModifiedBy,getdate(),0,1)
--INSERT INTO [ElementsCPSDB].[dbo].[QueryParameter_ConfigurationServiceGroupType]([ConfigurationServiceGroupTypeId],[QueryParameterId],[Name],[CreatedBy],[CreatedOn],[ModifiedBy],[ModifiedOn],[MaximumSelection],[Wildcard])VALUES(2,106,'tracking/PC Brand',@strDefaultValue_CreatedBy, getdate(),@strDefaultValue_ModifiedBy,getdate(),0,1)
--INSERT INTO [ElementsCPSDB].[dbo].[QueryParameter_ConfigurationServiceGroupType]([ConfigurationServiceGroupTypeId],[QueryParameterId],[Name],[CreatedBy],[CreatedOn],[ModifiedBy],[ModifiedOn],[MaximumSelection],[Wildcard])VALUES(2,107,'tracking/PC Platform',@strDefaultValue_CreatedBy, getdate(),@strDefaultValue_ModifiedBy,getdate(),0,1)
--END	    

--PRINT 'Adding rows to [dbo].[QueryParameter_WorkflowType]'
--BEGIN
--INSERT INTO [ElementsCPSDB].[dbo].[QueryParameter_WorkflowType]([WorkflowTypeId],[QueryParameterId],[Name],[CreatedBy],[CreatedOn],[ModifiedBy],[ModifiedOn],[MaximumSelection],[Wildcard])VALUES(1,107,'default/PC Platform',@strDefaultValue_CreatedBy,getdate(),@strDefaultValue_ModifiedBy,getdate(),0,1)
--INSERT INTO [ElementsCPSDB].[dbo].[QueryParameter_WorkflowType]([WorkflowTypeId],[QueryParameterId],[Name],[CreatedBy],[CreatedOn],[ModifiedBy],[ModifiedOn],[MaximumSelection],[Wildcard])VALUES(1,106,'default/PC Brand',@strDefaultValue_CreatedBy,getdate(),@strDefaultValue_ModifiedBy,getdate(),0,1)
--INSERT INTO [ElementsCPSDB].[dbo].[QueryParameter_WorkflowType]([WorkflowTypeId],[QueryParameterId],[Name],[CreatedBy],[CreatedOn],[ModifiedBy],[ModifiedOn],[MaximumSelection],[Wildcard])VALUES(1,101,'default/Country Code',@strDefaultValue_CreatedBy,getdate(),@strDefaultValue_ModifiedBy,getdate(),0,1)
--INSERT INTO [ElementsCPSDB].[dbo].[QueryParameter_WorkflowType]([WorkflowTypeId],[QueryParameterId],[Name],[CreatedBy],[CreatedOn],[ModifiedBy],[ModifiedOn],[MaximumSelection],[Wildcard])VALUES(1,100,'default/Language',@strDefaultValue_CreatedBy,getdate(),@strDefaultValue_ModifiedBy,getdate(),0,1)
--INSERT INTO [ElementsCPSDB].[dbo].[QueryParameter_WorkflowType]([WorkflowTypeId],[QueryParameterId],[Name],[CreatedBy],[CreatedOn],[ModifiedBy],[ModifiedOn],[MaximumSelection],[Wildcard])VALUES(1,201,'default/PC Sub-Brand',@strDefaultValue_CreatedBy,getdate(),@strDefaultValue_ModifiedBy,getdate(),0,1)
--INSERT INTO [ElementsCPSDB].[dbo].[QueryParameter_WorkflowType]([WorkflowTypeId],[QueryParameterId],[Name],[CreatedBy],[CreatedOn],[ModifiedBy],[ModifiedOn],[MaximumSelection],[Wildcard])VALUES(1,202,'default/Release Start',@strDefaultValue_CreatedBy,getdate(),@strDefaultValue_ModifiedBy,getdate(),0,1)
--INSERT INTO [ElementsCPSDB].[dbo].[QueryParameter_WorkflowType]([WorkflowTypeId],[QueryParameterId],[Name],[CreatedBy],[CreatedOn],[ModifiedBy],[ModifiedOn],[MaximumSelection],[Wildcard])VALUES(1,203,'default/Release End',@strDefaultValue_CreatedBy,getdate(),@strDefaultValue_ModifiedBy,getdate(),0,1)
--INSERT INTO [ElementsCPSDB].[dbo].[QueryParameter_WorkflowType]([WorkflowTypeId],[QueryParameterId],[Name],[CreatedBy],[CreatedOn],[ModifiedBy],[ModifiedOn],[MaximumSelection],[Wildcard])VALUES(1,204,'default/Model Number',@strDefaultValue_CreatedBy,getdate(),@strDefaultValue_ModifiedBy,getdate(),0,1)
--INSERT INTO [ElementsCPSDB].[dbo].[QueryParameter_WorkflowType]([WorkflowTypeId],[QueryParameterId],[Name],[CreatedBy],[CreatedOn],[ModifiedBy],[ModifiedOn],[MaximumSelection],[Wildcard])VALUES(1,103,'default/OS Version',@strDefaultValue_CreatedBy,getdate(),@strDefaultValue_ModifiedBy,getdate(),0,1)
--INSERT INTO [ElementsCPSDB].[dbo].[QueryParameter_WorkflowType]([WorkflowTypeId],[QueryParameterId],[Name],[CreatedBy],[CreatedOn],[ModifiedBy],[ModifiedOn],[MaximumSelection],[Wildcard])VALUES(1,104,'default/OS Bit',@strDefaultValue_CreatedBy,getdate(),@strDefaultValue_ModifiedBy,getdate(),0,1)
--INSERT INTO [ElementsCPSDB].[dbo].[QueryParameter_WorkflowType]([WorkflowTypeId],[QueryParameterId],[Name],[CreatedBy],[CreatedOn],[ModifiedBy],[ModifiedOn],[MaximumSelection],[Wildcard])VALUES(1,105,'default/OS Type',@strDefaultValue_CreatedBy,getdate(),@strDefaultValue_ModifiedBy,getdate(),0,1)
--INSERT INTO [ElementsCPSDB].[dbo].[QueryParameter_WorkflowType]([WorkflowTypeId],[QueryParameterId],[Name],[CreatedBy],[CreatedOn],[ModifiedBy],[ModifiedOn],[MaximumSelection],[Wildcard])VALUES(1,205,'default/Product Name',@strDefaultValue_CreatedBy,getdate(),@strDefaultValue_ModifiedBy,getdate(),0,1)
--INSERT INTO [ElementsCPSDB].[dbo].[QueryParameter_WorkflowType]([WorkflowTypeId],[QueryParameterId],[Name],[CreatedBy],[CreatedOn],[ModifiedBy],[ModifiedOn],[MaximumSelection],[Wildcard])VALUES(1,206,'default/Product Number',@strDefaultValue_CreatedBy,getdate(),@strDefaultValue_ModifiedBy,getdate(),0,1)
--END	    

--PRINT 'Adding rows to [dbo].[QueryParameter_JumpstationType]'
--BEGIN
--INSERT INTO [ElementsCPSDB].[dbo].[QueryParameter_JumpstationGroupType]([JumpstationGroupTypeId],[QueryParameterId],[Name],[CreatedBy],[CreatedOn],[ModifiedBy],[ModifiedOn],[MaximumSelection],[Wildcard],[SortOrder])VALUES(1,16,'Simple Redirect URLs/Parameter',@strDefaultValue_CreatedBy, getdate(),@strDefaultValue_ModifiedBy,getdate(),0,1,1)
--INSERT INTO [ElementsCPSDB].[dbo].[QueryParameter_JumpstationGroupType]([JumpstationGroupTypeId],[QueryParameterId],[Name],[CreatedBy],[CreatedOn],[ModifiedBy],[ModifiedOn],[MaximumSelection],[Wildcard],[SortOrder])VALUES(2,3,'All Other Redirect URLs/Locale',@strDefaultValue_CreatedBy, getdate(),@strDefaultValue_ModifiedBy,getdate(),0,1,2)
--INSERT INTO [ElementsCPSDB].[dbo].[QueryParameter_JumpstationGroupType]([JumpstationGroupTypeId],[QueryParameterId],[Name],[CreatedBy],[CreatedOn],[ModifiedBy],[ModifiedOn],[MaximumSelection],[Wildcard],[SortOrder])VALUES(2,5,'All Other Redirect URLs/Partner Category',@strDefaultValue_CreatedBy, getdate(),@strDefaultValue_ModifiedBy,getdate(),0,1,1)
--INSERT INTO [ElementsCPSDB].[dbo].[QueryParameter_JumpstationGroupType]([JumpstationGroupTypeId],[QueryParameterId],[Name],[CreatedBy],[CreatedOn],[ModifiedBy],[ModifiedOn],[MaximumSelection],[Wildcard],[SortOrder])VALUES(2,7,'All Other Redirect URLs/Cycle',@strDefaultValue_CreatedBy, getdate(),@strDefaultValue_ModifiedBy,getdate(),0,1,3)
--INSERT INTO [ElementsCPSDB].[dbo].[QueryParameter_JumpstationGroupType]([JumpstationGroupTypeId],[QueryParameterId],[Name],[CreatedBy],[CreatedOn],[ModifiedBy],[ModifiedOn],[MaximumSelection],[Wildcard],[SortOrder])VALUES(2,13,'All Other Redirect URLs/Touchpoint',@strDefaultValue_CreatedBy, getdate(),@strDefaultValue_ModifiedBy,getdate(),0,1,4)
--INSERT INTO [ElementsCPSDB].[dbo].[QueryParameter_JumpstationGroupType]([JumpstationGroupTypeId],[QueryParameterId],[Name],[CreatedBy],[CreatedOn],[ModifiedBy],[ModifiedOn],[MaximumSelection],[Wildcard],[SortOrder])VALUES(2,14,'All Other Redirect URLs/Platform',@strDefaultValue_CreatedBy, getdate(),@strDefaultValue_ModifiedBy,getdate(),0,1,5)
--INSERT INTO [ElementsCPSDB].[dbo].[QueryParameter_JumpstationGroupType]([JumpstationGroupTypeId],[QueryParameterId],[Name],[CreatedBy],[CreatedOn],[ModifiedBy],[ModifiedOn],[MaximumSelection],[Wildcard],[SortOrder])VALUES(2,15,'All Other Redirect URLs/Brand',@strDefaultValue_CreatedBy, getdate(),@strDefaultValue_ModifiedBy,getdate(),0,1,6)
--INSERT INTO [ElementsCPSDB].[dbo].[QueryParameter_JumpstationGroupType]([JumpstationGroupTypeId],[QueryParameterId],[Name],[CreatedBy],[CreatedOn],[ModifiedBy],[ModifiedOn],[MaximumSelection],[Wildcard],[SortOrder])VALUES(3,3,'Default Redirect URLs/Locale',@strDefaultValue_CreatedBy, getdate(),@strDefaultValue_ModifiedBy,getdate(),0,1,2)
--INSERT INTO [ElementsCPSDB].[dbo].[QueryParameter_JumpstationGroupType]([JumpstationGroupTypeId],[QueryParameterId],[Name],[CreatedBy],[CreatedOn],[ModifiedBy],[ModifiedOn],[MaximumSelection],[Wildcard],[SortOrder])VALUES(3,7,'Default Redirect URLs/Cycle',@strDefaultValue_CreatedBy, getdate(),@strDefaultValue_ModifiedBy,getdate(),0,1,3)
--INSERT INTO [ElementsCPSDB].[dbo].[QueryParameter_JumpstationGroupType]([JumpstationGroupTypeId],[QueryParameterId],[Name],[CreatedBy],[CreatedOn],[ModifiedBy],[ModifiedOn],[MaximumSelection],[Wildcard],[SortOrder])VALUES(3,13,'Default Redirect URLs/Touchpoint',@strDefaultValue_CreatedBy, getdate(),@strDefaultValue_ModifiedBy,getdate(),0,1,1)
--INSERT INTO [ElementsCPSDB].[dbo].[QueryParameter_JumpstationGroupType]([JumpstationGroupTypeId],[QueryParameterId],[Name],[CreatedBy],[CreatedOn],[ModifiedBy],[ModifiedOn],[MaximumSelection],[Wildcard],[SortOrder])VALUES(3,15,'Default Redirect URLs/Brand',@strDefaultValue_CreatedBy, getdate(),@strDefaultValue_ModifiedBy,getdate(),0,1,4)
--INSERT INTO [ElementsCPSDB].[dbo].[QueryParameter_JumpstationGroupType]([JumpstationGroupTypeId],[QueryParameterId],[Name],[CreatedBy],[CreatedOn],[ModifiedBy],[ModifiedOn],[MaximumSelection],[Wildcard],[SortOrder])VALUES(3,14,'Default Redirect URLs/Platform',@strDefaultValue_CreatedBy, getdate(),@strDefaultValue_ModifiedBy,getdate(),0,1,5)
--END	    

--PRINT 'Adding rows to [dbo].[QueryParameterValue]'
--BEGIN
--SELECT @intParamId = Id FROM [dbo].[QueryParameter] WHERE name = 'Locale'
--INSERT INTO [ElementsCPSDB].[dbo].[QueryParameterValue]([Name],[CreatedBy],[CreatedOn],[ModifiedBy],[ModifiedOn],[RowStatusId],[QueryParameterId],[Description])VALUES('*',@strDefaultValue_CreatedBy, getdate(), @strDefaultValue_ModifiedBy,getdate(),@intRowStatus_Active,@intParamId,NULL)
--INSERT INTO [ElementsCPSDB].[dbo].[QueryParameterValue]([Name],[CreatedBy],[CreatedOn],[ModifiedBy],[ModifiedOn],[RowStatusId],[QueryParameterId],[Description])VALUES('ar_ae',@strDefaultValue_CreatedBy, getdate(), @strDefaultValue_ModifiedBy,getdate(),@intRowStatus_Active,@intParamId,NULL)
--INSERT INTO [ElementsCPSDB].[dbo].[QueryParameterValue]([Name],[CreatedBy],[CreatedOn],[ModifiedBy],[ModifiedOn],[RowStatusId],[QueryParameterId],[Description])VALUES('ar_bh',@strDefaultValue_CreatedBy, getdate(), @strDefaultValue_ModifiedBy,getdate(),@intRowStatus_Active,@intParamId,NULL)
--INSERT INTO [ElementsCPSDB].[dbo].[QueryParameterValue]([Name],[CreatedBy],[CreatedOn],[ModifiedBy],[ModifiedOn],[RowStatusId],[QueryParameterId],[Description])VALUES('ar_dz',@strDefaultValue_CreatedBy, getdate(), @strDefaultValue_ModifiedBy,getdate(),@intRowStatus_Active,@intParamId,NULL)
--INSERT INTO [ElementsCPSDB].[dbo].[QueryParameterValue]([Name],[CreatedBy],[CreatedOn],[ModifiedBy],[ModifiedOn],[RowStatusId],[QueryParameterId],[Description])VALUES('ar_eg',@strDefaultValue_CreatedBy, getdate(), @strDefaultValue_ModifiedBy,getdate(),@intRowStatus_Active,@intParamId,NULL)
--INSERT INTO [ElementsCPSDB].[dbo].[QueryParameterValue]([Name],[CreatedBy],[CreatedOn],[ModifiedBy],[ModifiedOn],[RowStatusId],[QueryParameterId],[Description])VALUES('ar_iq',@strDefaultValue_CreatedBy, getdate(), @strDefaultValue_ModifiedBy,getdate(),@intRowStatus_Active,@intParamId,NULL)
--INSERT INTO [ElementsCPSDB].[dbo].[QueryParameterValue]([Name],[CreatedBy],[CreatedOn],[ModifiedBy],[ModifiedOn],[RowStatusId],[QueryParameterId],[Description])VALUES('ar_jo',@strDefaultValue_CreatedBy, getdate(), @strDefaultValue_ModifiedBy,getdate(),@intRowStatus_Active,@intParamId,NULL)
--INSERT INTO [ElementsCPSDB].[dbo].[QueryParameterValue]([Name],[CreatedBy],[CreatedOn],[ModifiedBy],[ModifiedOn],[RowStatusId],[QueryParameterId],[Description])VALUES('ar_kw',@strDefaultValue_CreatedBy, getdate(), @strDefaultValue_ModifiedBy,getdate(),@intRowStatus_Active,@intParamId,NULL)
--INSERT INTO [ElementsCPSDB].[dbo].[QueryParameterValue]([Name],[CreatedBy],[CreatedOn],[ModifiedBy],[ModifiedOn],[RowStatusId],[QueryParameterId],[Description])VALUES('ar_lb',@strDefaultValue_CreatedBy, getdate(), @strDefaultValue_ModifiedBy,getdate(),@intRowStatus_Active,@intParamId,NULL)
--INSERT INTO [ElementsCPSDB].[dbo].[QueryParameterValue]([Name],[CreatedBy],[CreatedOn],[ModifiedBy],[ModifiedOn],[RowStatusId],[QueryParameterId],[Description])VALUES('ar_ly',@strDefaultValue_CreatedBy, getdate(), @strDefaultValue_ModifiedBy,getdate(),@intRowStatus_Active,@intParamId,NULL)
--INSERT INTO [ElementsCPSDB].[dbo].[QueryParameterValue]([Name],[CreatedBy],[CreatedOn],[ModifiedBy],[ModifiedOn],[RowStatusId],[QueryParameterId],[Description])VALUES('ar_ma',@strDefaultValue_CreatedBy, getdate(), @strDefaultValue_ModifiedBy,getdate(),@intRowStatus_Active,@intParamId,NULL)
--INSERT INTO [ElementsCPSDB].[dbo].[QueryParameterValue]([Name],[CreatedBy],[CreatedOn],[ModifiedBy],[ModifiedOn],[RowStatusId],[QueryParameterId],[Description])VALUES('ar_om',@strDefaultValue_CreatedBy, getdate(), @strDefaultValue_ModifiedBy,getdate(),@intRowStatus_Active,@intParamId,NULL)
--INSERT INTO [ElementsCPSDB].[dbo].[QueryParameterValue]([Name],[CreatedBy],[CreatedOn],[ModifiedBy],[ModifiedOn],[RowStatusId],[QueryParameterId],[Description])VALUES('ar_qa',@strDefaultValue_CreatedBy, getdate(), @strDefaultValue_ModifiedBy,getdate(),@intRowStatus_Active,@intParamId,NULL)
--INSERT INTO [ElementsCPSDB].[dbo].[QueryParameterValue]([Name],[CreatedBy],[CreatedOn],[ModifiedBy],[ModifiedOn],[RowStatusId],[QueryParameterId],[Description])VALUES('ar_sa',@strDefaultValue_CreatedBy, getdate(), @strDefaultValue_ModifiedBy,getdate(),@intRowStatus_Active,@intParamId,NULL)
--INSERT INTO [ElementsCPSDB].[dbo].[QueryParameterValue]([Name],[CreatedBy],[CreatedOn],[ModifiedBy],[ModifiedOn],[RowStatusId],[QueryParameterId],[Description])VALUES('ar_sy',@strDefaultValue_CreatedBy, getdate(), @strDefaultValue_ModifiedBy,getdate(),@intRowStatus_Active,@intParamId,NULL)
--INSERT INTO [ElementsCPSDB].[dbo].[QueryParameterValue]([Name],[CreatedBy],[CreatedOn],[ModifiedBy],[ModifiedOn],[RowStatusId],[QueryParameterId],[Description])VALUES('ar_tn',@strDefaultValue_CreatedBy, getdate(), @strDefaultValue_ModifiedBy,getdate(),@intRowStatus_Active,@intParamId,NULL)
--INSERT INTO [ElementsCPSDB].[dbo].[QueryParameterValue]([Name],[CreatedBy],[CreatedOn],[ModifiedBy],[ModifiedOn],[RowStatusId],[QueryParameterId],[Description])VALUES('ar_ye',@strDefaultValue_CreatedBy, getdate(), @strDefaultValue_ModifiedBy,getdate(),@intRowStatus_Active,@intParamId,NULL)
--INSERT INTO [ElementsCPSDB].[dbo].[QueryParameterValue]([Name],[CreatedBy],[CreatedOn],[ModifiedBy],[ModifiedOn],[RowStatusId],[QueryParameterId],[Description])VALUES('ara_ww',@strDefaultValue_CreatedBy, getdate(), @strDefaultValue_ModifiedBy,getdate(),@intRowStatus_Active,@intParamId,NULL)
--INSERT INTO [ElementsCPSDB].[dbo].[QueryParameterValue]([Name],[CreatedBy],[CreatedOn],[ModifiedBy],[ModifiedOn],[RowStatusId],[QueryParameterId],[Description])VALUES('az_az',@strDefaultValue_CreatedBy, getdate(), @strDefaultValue_ModifiedBy,getdate(),@intRowStatus_Active,@intParamId,NULL)
--INSERT INTO [ElementsCPSDB].[dbo].[QueryParameterValue]([Name],[CreatedBy],[CreatedOn],[ModifiedBy],[ModifiedOn],[RowStatusId],[QueryParameterId],[Description])VALUES('be_by',@strDefaultValue_CreatedBy, getdate(), @strDefaultValue_ModifiedBy,getdate(),@intRowStatus_Active,@intParamId,NULL)
--INSERT INTO [ElementsCPSDB].[dbo].[QueryParameterValue]([Name],[CreatedBy],[CreatedOn],[ModifiedBy],[ModifiedOn],[RowStatusId],[QueryParameterId],[Description])VALUES('bg_ae',@strDefaultValue_CreatedBy, getdate(), @strDefaultValue_ModifiedBy,getdate(),@intRowStatus_Active,@intParamId,NULL)
--INSERT INTO [ElementsCPSDB].[dbo].[QueryParameterValue]([Name],[CreatedBy],[CreatedOn],[ModifiedBy],[ModifiedOn],[RowStatusId],[QueryParameterId],[Description])VALUES('bg_bg',@strDefaultValue_CreatedBy, getdate(), @strDefaultValue_ModifiedBy,getdate(),@intRowStatus_Active,@intParamId,NULL)
--INSERT INTO [ElementsCPSDB].[dbo].[QueryParameterValue]([Name],[CreatedBy],[CreatedOn],[ModifiedBy],[ModifiedOn],[RowStatusId],[QueryParameterId],[Description])VALUES('chs_ww',@strDefaultValue_CreatedBy, getdate(), @strDefaultValue_ModifiedBy,getdate(),@intRowStatus_Active,@intParamId,NULL)
--INSERT INTO [ElementsCPSDB].[dbo].[QueryParameterValue]([Name],[CreatedBy],[CreatedOn],[ModifiedBy],[ModifiedOn],[RowStatusId],[QueryParameterId],[Description])VALUES('cs_ae',@strDefaultValue_CreatedBy, getdate(), @strDefaultValue_ModifiedBy,getdate(),@intRowStatus_Active,@intParamId,NULL)
--INSERT INTO [ElementsCPSDB].[dbo].[QueryParameterValue]([Name],[CreatedBy],[CreatedOn],[ModifiedBy],[ModifiedOn],[RowStatusId],[QueryParameterId],[Description])VALUES('cs_cz',@strDefaultValue_CreatedBy, getdate(), @strDefaultValue_ModifiedBy,getdate(),@intRowStatus_Active,@intParamId,NULL)
--INSERT INTO [ElementsCPSDB].[dbo].[QueryParameterValue]([Name],[CreatedBy],[CreatedOn],[ModifiedBy],[ModifiedOn],[RowStatusId],[QueryParameterId],[Description])VALUES('csy_ww',@strDefaultValue_CreatedBy, getdate(), @strDefaultValue_ModifiedBy,getdate(),@intRowStatus_Active,@intParamId,NULL)
--INSERT INTO [ElementsCPSDB].[dbo].[QueryParameterValue]([Name],[CreatedBy],[CreatedOn],[ModifiedBy],[ModifiedOn],[RowStatusId],[QueryParameterId],[Description])VALUES('da_dk',@strDefaultValue_CreatedBy, getdate(), @strDefaultValue_ModifiedBy,getdate(),@intRowStatus_Active,@intParamId,NULL)
--INSERT INTO [ElementsCPSDB].[dbo].[QueryParameterValue]([Name],[CreatedBy],[CreatedOn],[ModifiedBy],[ModifiedOn],[RowStatusId],[QueryParameterId],[Description])VALUES('da_fi',@strDefaultValue_CreatedBy, getdate(), @strDefaultValue_ModifiedBy,getdate(),@intRowStatus_Active,@intParamId,NULL)
--INSERT INTO [ElementsCPSDB].[dbo].[QueryParameterValue]([Name],[CreatedBy],[CreatedOn],[ModifiedBy],[ModifiedOn],[RowStatusId],[QueryParameterId],[Description])VALUES('da_no',@strDefaultValue_CreatedBy, getdate(), @strDefaultValue_ModifiedBy,getdate(),@intRowStatus_Active,@intParamId,NULL)
--INSERT INTO [ElementsCPSDB].[dbo].[QueryParameterValue]([Name],[CreatedBy],[CreatedOn],[ModifiedBy],[ModifiedOn],[RowStatusId],[QueryParameterId],[Description])VALUES('da_se',@strDefaultValue_CreatedBy, getdate(), @strDefaultValue_ModifiedBy,getdate(),@intRowStatus_Active,@intParamId,NULL)
--INSERT INTO [ElementsCPSDB].[dbo].[QueryParameterValue]([Name],[CreatedBy],[CreatedOn],[ModifiedBy],[ModifiedOn],[RowStatusId],[QueryParameterId],[Description])VALUES('da_ww',@strDefaultValue_CreatedBy, getdate(), @strDefaultValue_ModifiedBy,getdate(),@intRowStatus_Active,@intParamId,NULL)
--INSERT INTO [ElementsCPSDB].[dbo].[QueryParameterValue]([Name],[CreatedBy],[CreatedOn],[ModifiedBy],[ModifiedOn],[RowStatusId],[QueryParameterId],[Description])VALUES('dan_ww',@strDefaultValue_CreatedBy, getdate(), @strDefaultValue_ModifiedBy,getdate(),@intRowStatus_Active,@intParamId,NULL)
--INSERT INTO [ElementsCPSDB].[dbo].[QueryParameterValue]([Name],[CreatedBy],[CreatedOn],[ModifiedBy],[ModifiedOn],[RowStatusId],[QueryParameterId],[Description])VALUES('de_at',@strDefaultValue_CreatedBy, getdate(), @strDefaultValue_ModifiedBy,getdate(),@intRowStatus_Active,@intParamId,NULL)
--INSERT INTO [ElementsCPSDB].[dbo].[QueryParameterValue]([Name],[CreatedBy],[CreatedOn],[ModifiedBy],[ModifiedOn],[RowStatusId],[QueryParameterId],[Description])VALUES('de_ch',@strDefaultValue_CreatedBy, getdate(), @strDefaultValue_ModifiedBy,getdate(),@intRowStatus_Active,@intParamId,NULL)
--INSERT INTO [ElementsCPSDB].[dbo].[QueryParameterValue]([Name],[CreatedBy],[CreatedOn],[ModifiedBy],[ModifiedOn],[RowStatusId],[QueryParameterId],[Description])VALUES('de_de',@strDefaultValue_CreatedBy, getdate(), @strDefaultValue_ModifiedBy,getdate(),@intRowStatus_Active,@intParamId,NULL)
--INSERT INTO [ElementsCPSDB].[dbo].[QueryParameterValue]([Name],[CreatedBy],[CreatedOn],[ModifiedBy],[ModifiedOn],[RowStatusId],[QueryParameterId],[Description])VALUES('de_ww',@strDefaultValue_CreatedBy, getdate(), @strDefaultValue_ModifiedBy,getdate(),@intRowStatus_Active,@intParamId,NULL)
--INSERT INTO [ElementsCPSDB].[dbo].[QueryParameterValue]([Name],[CreatedBy],[CreatedOn],[ModifiedBy],[ModifiedOn],[RowStatusId],[QueryParameterId],[Description])VALUES('deu_ww',@strDefaultValue_CreatedBy, getdate(), @strDefaultValue_ModifiedBy,getdate(),@intRowStatus_Active,@intParamId,NULL)
--INSERT INTO [ElementsCPSDB].[dbo].[QueryParameterValue]([Name],[CreatedBy],[CreatedOn],[ModifiedBy],[ModifiedOn],[RowStatusId],[QueryParameterId],[Description])VALUES('el_gr',@strDefaultValue_CreatedBy, getdate(), @strDefaultValue_ModifiedBy,getdate(),@intRowStatus_Active,@intParamId,NULL)
--INSERT INTO [ElementsCPSDB].[dbo].[QueryParameterValue]([Name],[CreatedBy],[CreatedOn],[ModifiedBy],[ModifiedOn],[RowStatusId],[QueryParameterId],[Description])VALUES('ell_ww',@strDefaultValue_CreatedBy, getdate(), @strDefaultValue_ModifiedBy,getdate(),@intRowStatus_Active,@intParamId,NULL)
--INSERT INTO [ElementsCPSDB].[dbo].[QueryParameterValue]([Name],[CreatedBy],[CreatedOn],[ModifiedBy],[ModifiedOn],[RowStatusId],[QueryParameterId],[Description])VALUES('en_ae',@strDefaultValue_CreatedBy, getdate(), @strDefaultValue_ModifiedBy,getdate(),@intRowStatus_Active,@intParamId,NULL)
--INSERT INTO [ElementsCPSDB].[dbo].[QueryParameterValue]([Name],[CreatedBy],[CreatedOn],[ModifiedBy],[ModifiedOn],[RowStatusId],[QueryParameterId],[Description])VALUES('en_af',@strDefaultValue_CreatedBy, getdate(), @strDefaultValue_ModifiedBy,getdate(),@intRowStatus_Active,@intParamId,NULL)
--INSERT INTO [ElementsCPSDB].[dbo].[QueryParameterValue]([Name],[CreatedBy],[CreatedOn],[ModifiedBy],[ModifiedOn],[RowStatusId],[QueryParameterId],[Description])VALUES('en_al',@strDefaultValue_CreatedBy, getdate(), @strDefaultValue_ModifiedBy,getdate(),@intRowStatus_Active,@intParamId,NULL)
--INSERT INTO [ElementsCPSDB].[dbo].[QueryParameterValue]([Name],[CreatedBy],[CreatedOn],[ModifiedBy],[ModifiedOn],[RowStatusId],[QueryParameterId],[Description])VALUES('en_am',@strDefaultValue_CreatedBy, getdate(), @strDefaultValue_ModifiedBy,getdate(),@intRowStatus_Active,@intParamId,NULL)
--INSERT INTO [ElementsCPSDB].[dbo].[QueryParameterValue]([Name],[CreatedBy],[CreatedOn],[ModifiedBy],[ModifiedOn],[RowStatusId],[QueryParameterId],[Description])VALUES('en_an',@strDefaultValue_CreatedBy, getdate(), @strDefaultValue_ModifiedBy,getdate(),@intRowStatus_Active,@intParamId,NULL)
--INSERT INTO [ElementsCPSDB].[dbo].[QueryParameterValue]([Name],[CreatedBy],[CreatedOn],[ModifiedBy],[ModifiedOn],[RowStatusId],[QueryParameterId],[Description])VALUES('en_au',@strDefaultValue_CreatedBy, getdate(), @strDefaultValue_ModifiedBy,getdate(),@intRowStatus_Active,@intParamId,NULL)
--INSERT INTO [ElementsCPSDB].[dbo].[QueryParameterValue]([Name],[CreatedBy],[CreatedOn],[ModifiedBy],[ModifiedOn],[RowStatusId],[QueryParameterId],[Description])VALUES('en_aw',@strDefaultValue_CreatedBy, getdate(), @strDefaultValue_ModifiedBy,getdate(),@intRowStatus_Active,@intParamId,NULL)
--INSERT INTO [ElementsCPSDB].[dbo].[QueryParameterValue]([Name],[CreatedBy],[CreatedOn],[ModifiedBy],[ModifiedOn],[RowStatusId],[QueryParameterId],[Description])VALUES('en_az',@strDefaultValue_CreatedBy, getdate(), @strDefaultValue_ModifiedBy,getdate(),@intRowStatus_Active,@intParamId,NULL)
--INSERT INTO [ElementsCPSDB].[dbo].[QueryParameterValue]([Name],[CreatedBy],[CreatedOn],[ModifiedBy],[ModifiedOn],[RowStatusId],[QueryParameterId],[Description])VALUES('en_ba',@strDefaultValue_CreatedBy, getdate(), @strDefaultValue_ModifiedBy,getdate(),@intRowStatus_Active,@intParamId,NULL)
--INSERT INTO [ElementsCPSDB].[dbo].[QueryParameterValue]([Name],[CreatedBy],[CreatedOn],[ModifiedBy],[ModifiedOn],[RowStatusId],[QueryParameterId],[Description])VALUES('en_bb',@strDefaultValue_CreatedBy, getdate(), @strDefaultValue_ModifiedBy,getdate(),@intRowStatus_Active,@intParamId,NULL)
--INSERT INTO [ElementsCPSDB].[dbo].[QueryParameterValue]([Name],[CreatedBy],[CreatedOn],[ModifiedBy],[ModifiedOn],[RowStatusId],[QueryParameterId],[Description])VALUES('en_be',@strDefaultValue_CreatedBy, getdate(), @strDefaultValue_ModifiedBy,getdate(),@intRowStatus_Active,@intParamId,NULL)
--INSERT INTO [ElementsCPSDB].[dbo].[QueryParameterValue]([Name],[CreatedBy],[CreatedOn],[ModifiedBy],[ModifiedOn],[RowStatusId],[QueryParameterId],[Description])VALUES('en_bg',@strDefaultValue_CreatedBy, getdate(), @strDefaultValue_ModifiedBy,getdate(),@intRowStatus_Active,@intParamId,NULL)
--INSERT INTO [ElementsCPSDB].[dbo].[QueryParameterValue]([Name],[CreatedBy],[CreatedOn],[ModifiedBy],[ModifiedOn],[RowStatusId],[QueryParameterId],[Description])VALUES('en_bh',@strDefaultValue_CreatedBy, getdate(), @strDefaultValue_ModifiedBy,getdate(),@intRowStatus_Active,@intParamId,NULL)
--INSERT INTO [ElementsCPSDB].[dbo].[QueryParameterValue]([Name],[CreatedBy],[CreatedOn],[ModifiedBy],[ModifiedOn],[RowStatusId],[QueryParameterId],[Description])VALUES('en_bl',@strDefaultValue_CreatedBy, getdate(), @strDefaultValue_ModifiedBy,getdate(),@intRowStatus_Active,@intParamId,NULL)
--INSERT INTO [ElementsCPSDB].[dbo].[QueryParameterValue]([Name],[CreatedBy],[CreatedOn],[ModifiedBy],[ModifiedOn],[RowStatusId],[QueryParameterId],[Description])VALUES('en_bs',@strDefaultValue_CreatedBy, getdate(), @strDefaultValue_ModifiedBy,getdate(),@intRowStatus_Active,@intParamId,NULL)
--INSERT INTO [ElementsCPSDB].[dbo].[QueryParameterValue]([Name],[CreatedBy],[CreatedOn],[ModifiedBy],[ModifiedOn],[RowStatusId],[QueryParameterId],[Description])VALUES('en_by',@strDefaultValue_CreatedBy, getdate(), @strDefaultValue_ModifiedBy,getdate(),@intRowStatus_Active,@intParamId,NULL)
--INSERT INTO [ElementsCPSDB].[dbo].[QueryParameterValue]([Name],[CreatedBy],[CreatedOn],[ModifiedBy],[ModifiedOn],[RowStatusId],[QueryParameterId],[Description])VALUES('en_ca',@strDefaultValue_CreatedBy, getdate(), @strDefaultValue_ModifiedBy,getdate(),@intRowStatus_Active,@intParamId,NULL)
--INSERT INTO [ElementsCPSDB].[dbo].[QueryParameterValue]([Name],[CreatedBy],[CreatedOn],[ModifiedBy],[ModifiedOn],[RowStatusId],[QueryParameterId],[Description])VALUES('en_ch',@strDefaultValue_CreatedBy, getdate(), @strDefaultValue_ModifiedBy,getdate(),@intRowStatus_Active,@intParamId,NULL)
--INSERT INTO [ElementsCPSDB].[dbo].[QueryParameterValue]([Name],[CreatedBy],[CreatedOn],[ModifiedBy],[ModifiedOn],[RowStatusId],[QueryParameterId],[Description])VALUES('en_cn',@strDefaultValue_CreatedBy, getdate(), @strDefaultValue_ModifiedBy,getdate(),@intRowStatus_Active,@intParamId,NULL)
--INSERT INTO [ElementsCPSDB].[dbo].[QueryParameterValue]([Name],[CreatedBy],[CreatedOn],[ModifiedBy],[ModifiedOn],[RowStatusId],[QueryParameterId],[Description])VALUES('en_dk',@strDefaultValue_CreatedBy, getdate(), @strDefaultValue_ModifiedBy,getdate(),@intRowStatus_Active,@intParamId,NULL)
--INSERT INTO [ElementsCPSDB].[dbo].[QueryParameterValue]([Name],[CreatedBy],[CreatedOn],[ModifiedBy],[ModifiedOn],[RowStatusId],[QueryParameterId],[Description])VALUES('en_dz',@strDefaultValue_CreatedBy, getdate(), @strDefaultValue_ModifiedBy,getdate(),@intRowStatus_Active,@intParamId,NULL)
--INSERT INTO [ElementsCPSDB].[dbo].[QueryParameterValue]([Name],[CreatedBy],[CreatedOn],[ModifiedBy],[ModifiedOn],[RowStatusId],[QueryParameterId],[Description])VALUES('en_ee',@strDefaultValue_CreatedBy, getdate(), @strDefaultValue_ModifiedBy,getdate(),@intRowStatus_Active,@intParamId,NULL)
--INSERT INTO [ElementsCPSDB].[dbo].[QueryParameterValue]([Name],[CreatedBy],[CreatedOn],[ModifiedBy],[ModifiedOn],[RowStatusId],[QueryParameterId],[Description])VALUES('en_eg',@strDefaultValue_CreatedBy, getdate(), @strDefaultValue_ModifiedBy,getdate(),@intRowStatus_Active,@intParamId,NULL)
--INSERT INTO [ElementsCPSDB].[dbo].[QueryParameterValue]([Name],[CreatedBy],[CreatedOn],[ModifiedBy],[ModifiedOn],[RowStatusId],[QueryParameterId],[Description])VALUES('en_fi',@strDefaultValue_CreatedBy, getdate(), @strDefaultValue_ModifiedBy,getdate(),@intRowStatus_Active,@intParamId,NULL)
--INSERT INTO [ElementsCPSDB].[dbo].[QueryParameterValue]([Name],[CreatedBy],[CreatedOn],[ModifiedBy],[ModifiedOn],[RowStatusId],[QueryParameterId],[Description])VALUES('en_gb',@strDefaultValue_CreatedBy, getdate(), @strDefaultValue_ModifiedBy,getdate(),@intRowStatus_Active,@intParamId,NULL)
--INSERT INTO [ElementsCPSDB].[dbo].[QueryParameterValue]([Name],[CreatedBy],[CreatedOn],[ModifiedBy],[ModifiedOn],[RowStatusId],[QueryParameterId],[Description])VALUES('en_gd',@strDefaultValue_CreatedBy, getdate(), @strDefaultValue_ModifiedBy,getdate(),@intRowStatus_Active,@intParamId,NULL)
--INSERT INTO [ElementsCPSDB].[dbo].[QueryParameterValue]([Name],[CreatedBy],[CreatedOn],[ModifiedBy],[ModifiedOn],[RowStatusId],[QueryParameterId],[Description])VALUES('en_ge',@strDefaultValue_CreatedBy, getdate(), @strDefaultValue_ModifiedBy,getdate(),@intRowStatus_Active,@intParamId,NULL)
--INSERT INTO [ElementsCPSDB].[dbo].[QueryParameterValue]([Name],[CreatedBy],[CreatedOn],[ModifiedBy],[ModifiedOn],[RowStatusId],[QueryParameterId],[Description])VALUES('en_hk',@strDefaultValue_CreatedBy, getdate(), @strDefaultValue_ModifiedBy,getdate(),@intRowStatus_Active,@intParamId,NULL)
--INSERT INTO [ElementsCPSDB].[dbo].[QueryParameterValue]([Name],[CreatedBy],[CreatedOn],[ModifiedBy],[ModifiedOn],[RowStatusId],[QueryParameterId],[Description])VALUES('en_hr',@strDefaultValue_CreatedBy, getdate(), @strDefaultValue_ModifiedBy,getdate(),@intRowStatus_Active,@intParamId,NULL)
--INSERT INTO [ElementsCPSDB].[dbo].[QueryParameterValue]([Name],[CreatedBy],[CreatedOn],[ModifiedBy],[ModifiedOn],[RowStatusId],[QueryParameterId],[Description])VALUES('en_id',@strDefaultValue_CreatedBy, getdate(), @strDefaultValue_ModifiedBy,getdate(),@intRowStatus_Active,@intParamId,NULL)
--INSERT INTO [ElementsCPSDB].[dbo].[QueryParameterValue]([Name],[CreatedBy],[CreatedOn],[ModifiedBy],[ModifiedOn],[RowStatusId],[QueryParameterId],[Description])VALUES('en_ie',@strDefaultValue_CreatedBy, getdate(), @strDefaultValue_ModifiedBy,getdate(),@intRowStatus_Active,@intParamId,NULL)
--INSERT INTO [ElementsCPSDB].[dbo].[QueryParameterValue]([Name],[CreatedBy],[CreatedOn],[ModifiedBy],[ModifiedOn],[RowStatusId],[QueryParameterId],[Description])VALUES('en_il',@strDefaultValue_CreatedBy, getdate(), @strDefaultValue_ModifiedBy,getdate(),@intRowStatus_Active,@intParamId,NULL)
--INSERT INTO [ElementsCPSDB].[dbo].[QueryParameterValue]([Name],[CreatedBy],[CreatedOn],[ModifiedBy],[ModifiedOn],[RowStatusId],[QueryParameterId],[Description])VALUES('en_in',@strDefaultValue_CreatedBy, getdate(), @strDefaultValue_ModifiedBy,getdate(),@intRowStatus_Active,@intParamId,NULL)
--INSERT INTO [ElementsCPSDB].[dbo].[QueryParameterValue]([Name],[CreatedBy],[CreatedOn],[ModifiedBy],[ModifiedOn],[RowStatusId],[QueryParameterId],[Description])VALUES('en_iq',@strDefaultValue_CreatedBy, getdate(), @strDefaultValue_ModifiedBy,getdate(),@intRowStatus_Active,@intParamId,NULL)
--INSERT INTO [ElementsCPSDB].[dbo].[QueryParameterValue]([Name],[CreatedBy],[CreatedOn],[ModifiedBy],[ModifiedOn],[RowStatusId],[QueryParameterId],[Description])VALUES('en_jm',@strDefaultValue_CreatedBy, getdate(), @strDefaultValue_ModifiedBy,getdate(),@intRowStatus_Active,@intParamId,NULL)
--INSERT INTO [ElementsCPSDB].[dbo].[QueryParameterValue]([Name],[CreatedBy],[CreatedOn],[ModifiedBy],[ModifiedOn],[RowStatusId],[QueryParameterId],[Description])VALUES('en_jo',@strDefaultValue_CreatedBy, getdate(), @strDefaultValue_ModifiedBy,getdate(),@intRowStatus_Active,@intParamId,NULL)
--INSERT INTO [ElementsCPSDB].[dbo].[QueryParameterValue]([Name],[CreatedBy],[CreatedOn],[ModifiedBy],[ModifiedOn],[RowStatusId],[QueryParameterId],[Description])VALUES('en_jp',@strDefaultValue_CreatedBy, getdate(), @strDefaultValue_ModifiedBy,getdate(),@intRowStatus_Active,@intParamId,NULL)
--INSERT INTO [ElementsCPSDB].[dbo].[QueryParameterValue]([Name],[CreatedBy],[CreatedOn],[ModifiedBy],[ModifiedOn],[RowStatusId],[QueryParameterId],[Description])VALUES('en_ke',@strDefaultValue_CreatedBy, getdate(), @strDefaultValue_ModifiedBy,getdate(),@intRowStatus_Active,@intParamId,NULL)
--INSERT INTO [ElementsCPSDB].[dbo].[QueryParameterValue]([Name],[CreatedBy],[CreatedOn],[ModifiedBy],[ModifiedOn],[RowStatusId],[QueryParameterId],[Description])VALUES('en_kg',@strDefaultValue_CreatedBy, getdate(), @strDefaultValue_ModifiedBy,getdate(),@intRowStatus_Active,@intParamId,NULL)
--INSERT INTO [ElementsCPSDB].[dbo].[QueryParameterValue]([Name],[CreatedBy],[CreatedOn],[ModifiedBy],[ModifiedOn],[RowStatusId],[QueryParameterId],[Description])VALUES('en_kw',@strDefaultValue_CreatedBy, getdate(), @strDefaultValue_ModifiedBy,getdate(),@intRowStatus_Active,@intParamId,NULL)
--INSERT INTO [ElementsCPSDB].[dbo].[QueryParameterValue]([Name],[CreatedBy],[CreatedOn],[ModifiedBy],[ModifiedOn],[RowStatusId],[QueryParameterId],[Description])VALUES('en_kz',@strDefaultValue_CreatedBy, getdate(), @strDefaultValue_ModifiedBy,getdate(),@intRowStatus_Active,@intParamId,NULL)
--INSERT INTO [ElementsCPSDB].[dbo].[QueryParameterValue]([Name],[CreatedBy],[CreatedOn],[ModifiedBy],[ModifiedOn],[RowStatusId],[QueryParameterId],[Description])VALUES('en_lv',@strDefaultValue_CreatedBy, getdate(), @strDefaultValue_ModifiedBy,getdate(),@intRowStatus_Active,@intParamId,NULL)
--INSERT INTO [ElementsCPSDB].[dbo].[QueryParameterValue]([Name],[CreatedBy],[CreatedOn],[ModifiedBy],[ModifiedOn],[RowStatusId],[QueryParameterId],[Description])VALUES('en_lt',@strDefaultValue_CreatedBy, getdate(), @strDefaultValue_ModifiedBy,getdate(),@intRowStatus_Active,@intParamId,NULL)
--INSERT INTO [ElementsCPSDB].[dbo].[QueryParameterValue]([Name],[CreatedBy],[CreatedOn],[ModifiedBy],[ModifiedOn],[RowStatusId],[QueryParameterId],[Description])VALUES('en_ly',@strDefaultValue_CreatedBy, getdate(), @strDefaultValue_ModifiedBy,getdate(),@intRowStatus_Active,@intParamId,NULL)
--INSERT INTO [ElementsCPSDB].[dbo].[QueryParameterValue]([Name],[CreatedBy],[CreatedOn],[ModifiedBy],[ModifiedOn],[RowStatusId],[QueryParameterId],[Description])VALUES('en_ma',@strDefaultValue_CreatedBy, getdate(), @strDefaultValue_ModifiedBy,getdate(),@intRowStatus_Active,@intParamId,NULL)
--INSERT INTO [ElementsCPSDB].[dbo].[QueryParameterValue]([Name],[CreatedBy],[CreatedOn],[ModifiedBy],[ModifiedOn],[RowStatusId],[QueryParameterId],[Description])VALUES('en_md',@strDefaultValue_CreatedBy, getdate(), @strDefaultValue_ModifiedBy,getdate(),@intRowStatus_Active,@intParamId,NULL)
--INSERT INTO [ElementsCPSDB].[dbo].[QueryParameterValue]([Name],[CreatedBy],[CreatedOn],[ModifiedBy],[ModifiedOn],[RowStatusId],[QueryParameterId],[Description])VALUES('en_mk',@strDefaultValue_CreatedBy, getdate(), @strDefaultValue_ModifiedBy,getdate(),@intRowStatus_Active,@intParamId,NULL)
--INSERT INTO [ElementsCPSDB].[dbo].[QueryParameterValue]([Name],[CreatedBy],[CreatedOn],[ModifiedBy],[ModifiedOn],[RowStatusId],[QueryParameterId],[Description])VALUES('en_mn',@strDefaultValue_CreatedBy, getdate(), @strDefaultValue_ModifiedBy,getdate(),@intRowStatus_Active,@intParamId,NULL)
--INSERT INTO [ElementsCPSDB].[dbo].[QueryParameterValue]([Name],[CreatedBy],[CreatedOn],[ModifiedBy],[ModifiedOn],[RowStatusId],[QueryParameterId],[Description])VALUES('en_mt',@strDefaultValue_CreatedBy, getdate(), @strDefaultValue_ModifiedBy,getdate(),@intRowStatus_Active,@intParamId,NULL)
--INSERT INTO [ElementsCPSDB].[dbo].[QueryParameterValue]([Name],[CreatedBy],[CreatedOn],[ModifiedBy],[ModifiedOn],[RowStatusId],[QueryParameterId],[Description])VALUES('en_my',@strDefaultValue_CreatedBy, getdate(), @strDefaultValue_ModifiedBy,getdate(),@intRowStatus_Active,@intParamId,NULL)
--INSERT INTO [ElementsCPSDB].[dbo].[QueryParameterValue]([Name],[CreatedBy],[CreatedOn],[ModifiedBy],[ModifiedOn],[RowStatusId],[QueryParameterId],[Description])VALUES('en_na',@strDefaultValue_CreatedBy, getdate(), @strDefaultValue_ModifiedBy,getdate(),@intRowStatus_Active,@intParamId,NULL)
--INSERT INTO [ElementsCPSDB].[dbo].[QueryParameterValue]([Name],[CreatedBy],[CreatedOn],[ModifiedBy],[ModifiedOn],[RowStatusId],[QueryParameterId],[Description])VALUES('en_ng',@strDefaultValue_CreatedBy, getdate(), @strDefaultValue_ModifiedBy,getdate(),@intRowStatus_Active,@intParamId,NULL)
--INSERT INTO [ElementsCPSDB].[dbo].[QueryParameterValue]([Name],[CreatedBy],[CreatedOn],[ModifiedBy],[ModifiedOn],[RowStatusId],[QueryParameterId],[Description])VALUES('en_nl',@strDefaultValue_CreatedBy, getdate(), @strDefaultValue_ModifiedBy,getdate(),@intRowStatus_Active,@intParamId,NULL)
--INSERT INTO [ElementsCPSDB].[dbo].[QueryParameterValue]([Name],[CreatedBy],[CreatedOn],[ModifiedBy],[ModifiedOn],[RowStatusId],[QueryParameterId],[Description])VALUES('en_no',@strDefaultValue_CreatedBy, getdate(), @strDefaultValue_ModifiedBy,getdate(),@intRowStatus_Active,@intParamId,NULL)
--INSERT INTO [ElementsCPSDB].[dbo].[QueryParameterValue]([Name],[CreatedBy],[CreatedOn],[ModifiedBy],[ModifiedOn],[RowStatusId],[QueryParameterId],[Description])VALUES('en_nv',@strDefaultValue_CreatedBy, getdate(), @strDefaultValue_ModifiedBy,getdate(),@intRowStatus_Active,@intParamId,NULL)
--INSERT INTO [ElementsCPSDB].[dbo].[QueryParameterValue]([Name],[CreatedBy],[CreatedOn],[ModifiedBy],[ModifiedOn],[RowStatusId],[QueryParameterId],[Description])VALUES('en_nz',@strDefaultValue_CreatedBy, getdate(), @strDefaultValue_ModifiedBy,getdate(),@intRowStatus_Active,@intParamId,NULL)
--INSERT INTO [ElementsCPSDB].[dbo].[QueryParameterValue]([Name],[CreatedBy],[CreatedOn],[ModifiedBy],[ModifiedOn],[RowStatusId],[QueryParameterId],[Description])VALUES('en_om',@strDefaultValue_CreatedBy, getdate(), @strDefaultValue_ModifiedBy,getdate(),@intRowStatus_Active,@intParamId,NULL)
--INSERT INTO [ElementsCPSDB].[dbo].[QueryParameterValue]([Name],[CreatedBy],[CreatedOn],[ModifiedBy],[ModifiedOn],[RowStatusId],[QueryParameterId],[Description])VALUES('en_ph',@strDefaultValue_CreatedBy, getdate(), @strDefaultValue_ModifiedBy,getdate(),@intRowStatus_Active,@intParamId,NULL)
--INSERT INTO [ElementsCPSDB].[dbo].[QueryParameterValue]([Name],[CreatedBy],[CreatedOn],[ModifiedBy],[ModifiedOn],[RowStatusId],[QueryParameterId],[Description])VALUES('en_qa',@strDefaultValue_CreatedBy, getdate(), @strDefaultValue_ModifiedBy,getdate(),@intRowStatus_Active,@intParamId,NULL)
--INSERT INTO [ElementsCPSDB].[dbo].[QueryParameterValue]([Name],[CreatedBy],[CreatedOn],[ModifiedBy],[ModifiedOn],[RowStatusId],[QueryParameterId],[Description])VALUES('en_ro',@strDefaultValue_CreatedBy, getdate(), @strDefaultValue_ModifiedBy,getdate(),@intRowStatus_Active,@intParamId,NULL)
--INSERT INTO [ElementsCPSDB].[dbo].[QueryParameterValue]([Name],[CreatedBy],[CreatedOn],[ModifiedBy],[ModifiedOn],[RowStatusId],[QueryParameterId],[Description])VALUES('en_sa',@strDefaultValue_CreatedBy, getdate(), @strDefaultValue_ModifiedBy,getdate(),@intRowStatus_Active,@intParamId,NULL)
--INSERT INTO [ElementsCPSDB].[dbo].[QueryParameterValue]([Name],[CreatedBy],[CreatedOn],[ModifiedBy],[ModifiedOn],[RowStatusId],[QueryParameterId],[Description])VALUES('en_se',@strDefaultValue_CreatedBy, getdate(), @strDefaultValue_ModifiedBy,getdate(),@intRowStatus_Active,@intParamId,NULL)
--INSERT INTO [ElementsCPSDB].[dbo].[QueryParameterValue]([Name],[CreatedBy],[CreatedOn],[ModifiedBy],[ModifiedOn],[RowStatusId],[QueryParameterId],[Description])VALUES('en_sg',@strDefaultValue_CreatedBy, getdate(), @strDefaultValue_ModifiedBy,getdate(),@intRowStatus_Active,@intParamId,NULL)
--INSERT INTO [ElementsCPSDB].[dbo].[QueryParameterValue]([Name],[CreatedBy],[CreatedOn],[ModifiedBy],[ModifiedOn],[RowStatusId],[QueryParameterId],[Description])VALUES('en_si',@strDefaultValue_CreatedBy, getdate(), @strDefaultValue_ModifiedBy,getdate(),@intRowStatus_Active,@intParamId,NULL)
--INSERT INTO [ElementsCPSDB].[dbo].[QueryParameterValue]([Name],[CreatedBy],[CreatedOn],[ModifiedBy],[ModifiedOn],[RowStatusId],[QueryParameterId],[Description])VALUES('en_sk',@strDefaultValue_CreatedBy, getdate(), @strDefaultValue_ModifiedBy,getdate(),@intRowStatus_Active,@intParamId,NULL)
--INSERT INTO [ElementsCPSDB].[dbo].[QueryParameterValue]([Name],[CreatedBy],[CreatedOn],[ModifiedBy],[ModifiedOn],[RowStatusId],[QueryParameterId],[Description])VALUES('en_sv',@strDefaultValue_CreatedBy, getdate(), @strDefaultValue_ModifiedBy,getdate(),@intRowStatus_Active,@intParamId,NULL)
--INSERT INTO [ElementsCPSDB].[dbo].[QueryParameterValue]([Name],[CreatedBy],[CreatedOn],[ModifiedBy],[ModifiedOn],[RowStatusId],[QueryParameterId],[Description])VALUES('en_sy',@strDefaultValue_CreatedBy, getdate(), @strDefaultValue_ModifiedBy,getdate(),@intRowStatus_Active,@intParamId,NULL)
--INSERT INTO [ElementsCPSDB].[dbo].[QueryParameterValue]([Name],[CreatedBy],[CreatedOn],[ModifiedBy],[ModifiedOn],[RowStatusId],[QueryParameterId],[Description])VALUES('en_th',@strDefaultValue_CreatedBy, getdate(), @strDefaultValue_ModifiedBy,getdate(),@intRowStatus_Active,@intParamId,NULL)
--INSERT INTO [ElementsCPSDB].[dbo].[QueryParameterValue]([Name],[CreatedBy],[CreatedOn],[ModifiedBy],[ModifiedOn],[RowStatusId],[QueryParameterId],[Description])VALUES('en_tj',@strDefaultValue_CreatedBy, getdate(), @strDefaultValue_ModifiedBy,getdate(),@intRowStatus_Active,@intParamId,NULL)
--INSERT INTO [ElementsCPSDB].[dbo].[QueryParameterValue]([Name],[CreatedBy],[CreatedOn],[ModifiedBy],[ModifiedOn],[RowStatusId],[QueryParameterId],[Description])VALUES('en_tm',@strDefaultValue_CreatedBy, getdate(), @strDefaultValue_ModifiedBy,getdate(),@intRowStatus_Active,@intParamId,NULL)
--INSERT INTO [ElementsCPSDB].[dbo].[QueryParameterValue]([Name],[CreatedBy],[CreatedOn],[ModifiedBy],[ModifiedOn],[RowStatusId],[QueryParameterId],[Description])VALUES('en_tn',@strDefaultValue_CreatedBy, getdate(), @strDefaultValue_ModifiedBy,getdate(),@intRowStatus_Active,@intParamId,NULL)
--INSERT INTO [ElementsCPSDB].[dbo].[QueryParameterValue]([Name],[CreatedBy],[CreatedOn],[ModifiedBy],[ModifiedOn],[RowStatusId],[QueryParameterId],[Description])VALUES('en_tr',@strDefaultValue_CreatedBy, getdate(), @strDefaultValue_ModifiedBy,getdate(),@intRowStatus_Active,@intParamId,NULL)
--INSERT INTO [ElementsCPSDB].[dbo].[QueryParameterValue]([Name],[CreatedBy],[CreatedOn],[ModifiedBy],[ModifiedOn],[RowStatusId],[QueryParameterId],[Description])VALUES('en_tt',@strDefaultValue_CreatedBy, getdate(), @strDefaultValue_ModifiedBy,getdate(),@intRowStatus_Active,@intParamId,NULL)
--INSERT INTO [ElementsCPSDB].[dbo].[QueryParameterValue]([Name],[CreatedBy],[CreatedOn],[ModifiedBy],[ModifiedOn],[RowStatusId],[QueryParameterId],[Description])VALUES('en_tw',@strDefaultValue_CreatedBy, getdate(), @strDefaultValue_ModifiedBy,getdate(),@intRowStatus_Active,@intParamId,NULL)
--INSERT INTO [ElementsCPSDB].[dbo].[QueryParameterValue]([Name],[CreatedBy],[CreatedOn],[ModifiedBy],[ModifiedOn],[RowStatusId],[QueryParameterId],[Description])VALUES('en_ua',@strDefaultValue_CreatedBy, getdate(), @strDefaultValue_ModifiedBy,getdate(),@intRowStatus_Active,@intParamId,NULL)
--INSERT INTO [ElementsCPSDB].[dbo].[QueryParameterValue]([Name],[CreatedBy],[CreatedOn],[ModifiedBy],[ModifiedOn],[RowStatusId],[QueryParameterId],[Description])VALUES('en_us',@strDefaultValue_CreatedBy, getdate(), @strDefaultValue_ModifiedBy,getdate(),@intRowStatus_Active,@intParamId,NULL)
--INSERT INTO [ElementsCPSDB].[dbo].[QueryParameterValue]([Name],[CreatedBy],[CreatedOn],[ModifiedBy],[ModifiedOn],[RowStatusId],[QueryParameterId],[Description])VALUES('en_uz',@strDefaultValue_CreatedBy, getdate(), @strDefaultValue_ModifiedBy,getdate(),@intRowStatus_Active,@intParamId,NULL)
--INSERT INTO [ElementsCPSDB].[dbo].[QueryParameterValue]([Name],[CreatedBy],[CreatedOn],[ModifiedBy],[ModifiedOn],[RowStatusId],[QueryParameterId],[Description])VALUES('en_vc',@strDefaultValue_CreatedBy, getdate(), @strDefaultValue_ModifiedBy,getdate(),@intRowStatus_Active,@intParamId,NULL)
--INSERT INTO [ElementsCPSDB].[dbo].[QueryParameterValue]([Name],[CreatedBy],[CreatedOn],[ModifiedBy],[ModifiedOn],[RowStatusId],[QueryParameterId],[Description])VALUES('en_vn',@strDefaultValue_CreatedBy, getdate(), @strDefaultValue_ModifiedBy,getdate(),@intRowStatus_Active,@intParamId,NULL)
--INSERT INTO [ElementsCPSDB].[dbo].[QueryParameterValue]([Name],[CreatedBy],[CreatedOn],[ModifiedBy],[ModifiedOn],[RowStatusId],[QueryParameterId],[Description])VALUES('en_ww',@strDefaultValue_CreatedBy, getdate(), @strDefaultValue_ModifiedBy,getdate(),@intRowStatus_Active,@intParamId,NULL)
--INSERT INTO [ElementsCPSDB].[dbo].[QueryParameterValue]([Name],[CreatedBy],[CreatedOn],[ModifiedBy],[ModifiedOn],[RowStatusId],[QueryParameterId],[Description])VALUES('en_ye',@strDefaultValue_CreatedBy, getdate(), @strDefaultValue_ModifiedBy,getdate(),@intRowStatus_Active,@intParamId,NULL)
--INSERT INTO [ElementsCPSDB].[dbo].[QueryParameterValue]([Name],[CreatedBy],[CreatedOn],[ModifiedBy],[ModifiedOn],[RowStatusId],[QueryParameterId],[Description])VALUES('en_yu',@strDefaultValue_CreatedBy, getdate(), @strDefaultValue_ModifiedBy,getdate(),@intRowStatus_Active,@intParamId,NULL)
--INSERT INTO [ElementsCPSDB].[dbo].[QueryParameterValue]([Name],[CreatedBy],[CreatedOn],[ModifiedBy],[ModifiedOn],[RowStatusId],[QueryParameterId],[Description])VALUES('en_za',@strDefaultValue_CreatedBy, getdate(), @strDefaultValue_ModifiedBy,getdate(),@intRowStatus_Active,@intParamId,NULL)
--INSERT INTO [ElementsCPSDB].[dbo].[QueryParameterValue]([Name],[CreatedBy],[CreatedOn],[ModifiedBy],[ModifiedOn],[RowStatusId],[QueryParameterId],[Description])VALUES('enu_us',@strDefaultValue_CreatedBy, getdate(), @strDefaultValue_ModifiedBy,getdate(),@intRowStatus_Active,@intParamId,NULL)
--INSERT INTO [ElementsCPSDB].[dbo].[QueryParameterValue]([Name],[CreatedBy],[CreatedOn],[ModifiedBy],[ModifiedOn],[RowStatusId],[QueryParameterId],[Description])VALUES('enu_ww',@strDefaultValue_CreatedBy, getdate(), @strDefaultValue_ModifiedBy,getdate(),@intRowStatus_Active,@intParamId,NULL)
--INSERT INTO [ElementsCPSDB].[dbo].[QueryParameterValue]([Name],[CreatedBy],[CreatedOn],[ModifiedBy],[ModifiedOn],[RowStatusId],[QueryParameterId],[Description])VALUES('es_ar',@strDefaultValue_CreatedBy, getdate(), @strDefaultValue_ModifiedBy,getdate(),@intRowStatus_Active,@intParamId,NULL)
--INSERT INTO [ElementsCPSDB].[dbo].[QueryParameterValue]([Name],[CreatedBy],[CreatedOn],[ModifiedBy],[ModifiedOn],[RowStatusId],[QueryParameterId],[Description])VALUES('es_bo',@strDefaultValue_CreatedBy, getdate(), @strDefaultValue_ModifiedBy,getdate(),@intRowStatus_Active,@intParamId,NULL)
--INSERT INTO [ElementsCPSDB].[dbo].[QueryParameterValue]([Name],[CreatedBy],[CreatedOn],[ModifiedBy],[ModifiedOn],[RowStatusId],[QueryParameterId],[Description])VALUES('es_ca',@strDefaultValue_CreatedBy, getdate(), @strDefaultValue_ModifiedBy,getdate(),@intRowStatus_Active,@intParamId,NULL)
--INSERT INTO [ElementsCPSDB].[dbo].[QueryParameterValue]([Name],[CreatedBy],[CreatedOn],[ModifiedBy],[ModifiedOn],[RowStatusId],[QueryParameterId],[Description])VALUES('es_cl',@strDefaultValue_CreatedBy, getdate(), @strDefaultValue_ModifiedBy,getdate(),@intRowStatus_Active,@intParamId,NULL)
--INSERT INTO [ElementsCPSDB].[dbo].[QueryParameterValue]([Name],[CreatedBy],[CreatedOn],[ModifiedBy],[ModifiedOn],[RowStatusId],[QueryParameterId],[Description])VALUES('es_co',@strDefaultValue_CreatedBy, getdate(), @strDefaultValue_ModifiedBy,getdate(),@intRowStatus_Active,@intParamId,NULL)
--INSERT INTO [ElementsCPSDB].[dbo].[QueryParameterValue]([Name],[CreatedBy],[CreatedOn],[ModifiedBy],[ModifiedOn],[RowStatusId],[QueryParameterId],[Description])VALUES('es_cr',@strDefaultValue_CreatedBy, getdate(), @strDefaultValue_ModifiedBy,getdate(),@intRowStatus_Active,@intParamId,NULL)
--INSERT INTO [ElementsCPSDB].[dbo].[QueryParameterValue]([Name],[CreatedBy],[CreatedOn],[ModifiedBy],[ModifiedOn],[RowStatusId],[QueryParameterId],[Description])VALUES('es_dm',@strDefaultValue_CreatedBy, getdate(), @strDefaultValue_ModifiedBy,getdate(),@intRowStatus_Active,@intParamId,NULL)
--INSERT INTO [ElementsCPSDB].[dbo].[QueryParameterValue]([Name],[CreatedBy],[CreatedOn],[ModifiedBy],[ModifiedOn],[RowStatusId],[QueryParameterId],[Description])VALUES('es_do',@strDefaultValue_CreatedBy, getdate(), @strDefaultValue_ModifiedBy,getdate(),@intRowStatus_Active,@intParamId,NULL)
--INSERT INTO [ElementsCPSDB].[dbo].[QueryParameterValue]([Name],[CreatedBy],[CreatedOn],[ModifiedBy],[ModifiedOn],[RowStatusId],[QueryParameterId],[Description])VALUES('es_ec',@strDefaultValue_CreatedBy, getdate(), @strDefaultValue_ModifiedBy,getdate(),@intRowStatus_Active,@intParamId,NULL)
--INSERT INTO [ElementsCPSDB].[dbo].[QueryParameterValue]([Name],[CreatedBy],[CreatedOn],[ModifiedBy],[ModifiedOn],[RowStatusId],[QueryParameterId],[Description])VALUES('es_es',@strDefaultValue_CreatedBy, getdate(), @strDefaultValue_ModifiedBy,getdate(),@intRowStatus_Active,@intParamId,NULL)
--INSERT INTO [ElementsCPSDB].[dbo].[QueryParameterValue]([Name],[CreatedBy],[CreatedOn],[ModifiedBy],[ModifiedOn],[RowStatusId],[QueryParameterId],[Description])VALUES('es_eu',@strDefaultValue_CreatedBy, getdate(), @strDefaultValue_ModifiedBy,getdate(),@intRowStatus_Active,@intParamId,NULL)
--INSERT INTO [ElementsCPSDB].[dbo].[QueryParameterValue]([Name],[CreatedBy],[CreatedOn],[ModifiedBy],[ModifiedOn],[RowStatusId],[QueryParameterId],[Description])VALUES('es_gl',@strDefaultValue_CreatedBy, getdate(), @strDefaultValue_ModifiedBy,getdate(),@intRowStatus_Active,@intParamId,NULL)
--INSERT INTO [ElementsCPSDB].[dbo].[QueryParameterValue]([Name],[CreatedBy],[CreatedOn],[ModifiedBy],[ModifiedOn],[RowStatusId],[QueryParameterId],[Description])VALUES('es_gt',@strDefaultValue_CreatedBy, getdate(), @strDefaultValue_ModifiedBy,getdate(),@intRowStatus_Active,@intParamId,NULL)
--INSERT INTO [ElementsCPSDB].[dbo].[QueryParameterValue]([Name],[CreatedBy],[CreatedOn],[ModifiedBy],[ModifiedOn],[RowStatusId],[QueryParameterId],[Description])VALUES('es_hn',@strDefaultValue_CreatedBy, getdate(), @strDefaultValue_ModifiedBy,getdate(),@intRowStatus_Active,@intParamId,NULL)
--INSERT INTO [ElementsCPSDB].[dbo].[QueryParameterValue]([Name],[CreatedBy],[CreatedOn],[ModifiedBy],[ModifiedOn],[RowStatusId],[QueryParameterId],[Description])VALUES('es_ht',@strDefaultValue_CreatedBy, getdate(), @strDefaultValue_ModifiedBy,getdate(),@intRowStatus_Active,@intParamId,NULL)
--INSERT INTO [ElementsCPSDB].[dbo].[QueryParameterValue]([Name],[CreatedBy],[CreatedOn],[ModifiedBy],[ModifiedOn],[RowStatusId],[QueryParameterId],[Description])VALUES('es_mx',@strDefaultValue_CreatedBy, getdate(), @strDefaultValue_ModifiedBy,getdate(),@intRowStatus_Active,@intParamId,NULL)
--INSERT INTO [ElementsCPSDB].[dbo].[QueryParameterValue]([Name],[CreatedBy],[CreatedOn],[ModifiedBy],[ModifiedOn],[RowStatusId],[QueryParameterId],[Description])VALUES('es_na',@strDefaultValue_CreatedBy, getdate(), @strDefaultValue_ModifiedBy,getdate(),@intRowStatus_Active,@intParamId,NULL)
--INSERT INTO [ElementsCPSDB].[dbo].[QueryParameterValue]([Name],[CreatedBy],[CreatedOn],[ModifiedBy],[ModifiedOn],[RowStatusId],[QueryParameterId],[Description])VALUES('es_ni',@strDefaultValue_CreatedBy, getdate(), @strDefaultValue_ModifiedBy,getdate(),@intRowStatus_Active,@intParamId,NULL)
--INSERT INTO [ElementsCPSDB].[dbo].[QueryParameterValue]([Name],[CreatedBy],[CreatedOn],[ModifiedBy],[ModifiedOn],[RowStatusId],[QueryParameterId],[Description])VALUES('es_pa',@strDefaultValue_CreatedBy, getdate(), @strDefaultValue_ModifiedBy,getdate(),@intRowStatus_Active,@intParamId,NULL)
--INSERT INTO [ElementsCPSDB].[dbo].[QueryParameterValue]([Name],[CreatedBy],[CreatedOn],[ModifiedBy],[ModifiedOn],[RowStatusId],[QueryParameterId],[Description])VALUES('es_pe',@strDefaultValue_CreatedBy, getdate(), @strDefaultValue_ModifiedBy,getdate(),@intRowStatus_Active,@intParamId,NULL)
--INSERT INTO [ElementsCPSDB].[dbo].[QueryParameterValue]([Name],[CreatedBy],[CreatedOn],[ModifiedBy],[ModifiedOn],[RowStatusId],[QueryParameterId],[Description])VALUES('es_pr',@strDefaultValue_CreatedBy, getdate(), @strDefaultValue_ModifiedBy,getdate(),@intRowStatus_Active,@intParamId,NULL)
--INSERT INTO [ElementsCPSDB].[dbo].[QueryParameterValue]([Name],[CreatedBy],[CreatedOn],[ModifiedBy],[ModifiedOn],[RowStatusId],[QueryParameterId],[Description])VALUES('es_py',@strDefaultValue_CreatedBy, getdate(), @strDefaultValue_ModifiedBy,getdate(),@intRowStatus_Active,@intParamId,NULL)
--INSERT INTO [ElementsCPSDB].[dbo].[QueryParameterValue]([Name],[CreatedBy],[CreatedOn],[ModifiedBy],[ModifiedOn],[RowStatusId],[QueryParameterId],[Description])VALUES('es_sv',@strDefaultValue_CreatedBy, getdate(), @strDefaultValue_ModifiedBy,getdate(),@intRowStatus_Active,@intParamId,NULL)
--INSERT INTO [ElementsCPSDB].[dbo].[QueryParameterValue]([Name],[CreatedBy],[CreatedOn],[ModifiedBy],[ModifiedOn],[RowStatusId],[QueryParameterId],[Description])VALUES('es_us',@strDefaultValue_CreatedBy, getdate(), @strDefaultValue_ModifiedBy,getdate(),@intRowStatus_Active,@intParamId,NULL)
--INSERT INTO [ElementsCPSDB].[dbo].[QueryParameterValue]([Name],[CreatedBy],[CreatedOn],[ModifiedBy],[ModifiedOn],[RowStatusId],[QueryParameterId],[Description])VALUES('es_uy',@strDefaultValue_CreatedBy, getdate(), @strDefaultValue_ModifiedBy,getdate(),@intRowStatus_Active,@intParamId,NULL)
--INSERT INTO [ElementsCPSDB].[dbo].[QueryParameterValue]([Name],[CreatedBy],[CreatedOn],[ModifiedBy],[ModifiedOn],[RowStatusId],[QueryParameterId],[Description])VALUES('es_ve',@strDefaultValue_CreatedBy, getdate(), @strDefaultValue_ModifiedBy,getdate(),@intRowStatus_Active,@intParamId,NULL)
--INSERT INTO [ElementsCPSDB].[dbo].[QueryParameterValue]([Name],[CreatedBy],[CreatedOn],[ModifiedBy],[ModifiedOn],[RowStatusId],[QueryParameterId],[Description])VALUES('es_ww',@strDefaultValue_CreatedBy, getdate(), @strDefaultValue_ModifiedBy,getdate(),@intRowStatus_Active,@intParamId,NULL)
--INSERT INTO [ElementsCPSDB].[dbo].[QueryParameterValue]([Name],[CreatedBy],[CreatedOn],[ModifiedBy],[ModifiedOn],[RowStatusId],[QueryParameterId],[Description])VALUES('esn_ww',@strDefaultValue_CreatedBy, getdate(), @strDefaultValue_ModifiedBy,getdate(),@intRowStatus_Active,@intParamId,NULL)
--INSERT INTO [ElementsCPSDB].[dbo].[QueryParameterValue]([Name],[CreatedBy],[CreatedOn],[ModifiedBy],[ModifiedOn],[RowStatusId],[QueryParameterId],[Description])VALUES('et_ae',@strDefaultValue_CreatedBy, getdate(), @strDefaultValue_ModifiedBy,getdate(),@intRowStatus_Active,@intParamId,NULL)
--INSERT INTO [ElementsCPSDB].[dbo].[QueryParameterValue]([Name],[CreatedBy],[CreatedOn],[ModifiedBy],[ModifiedOn],[RowStatusId],[QueryParameterId],[Description])VALUES('et_ee',@strDefaultValue_CreatedBy, getdate(), @strDefaultValue_ModifiedBy,getdate(),@intRowStatus_Active,@intParamId,NULL)
--INSERT INTO [ElementsCPSDB].[dbo].[QueryParameterValue]([Name],[CreatedBy],[CreatedOn],[ModifiedBy],[ModifiedOn],[RowStatusId],[QueryParameterId],[Description])VALUES('fi_fi',@strDefaultValue_CreatedBy, getdate(), @strDefaultValue_ModifiedBy,getdate(),@intRowStatus_Active,@intParamId,NULL)
--INSERT INTO [ElementsCPSDB].[dbo].[QueryParameterValue]([Name],[CreatedBy],[CreatedOn],[ModifiedBy],[ModifiedOn],[RowStatusId],[QueryParameterId],[Description])VALUES('fi_ww',@strDefaultValue_CreatedBy, getdate(), @strDefaultValue_ModifiedBy,getdate(),@intRowStatus_Active,@intParamId,NULL)
--INSERT INTO [ElementsCPSDB].[dbo].[QueryParameterValue]([Name],[CreatedBy],[CreatedOn],[ModifiedBy],[ModifiedOn],[RowStatusId],[QueryParameterId],[Description])VALUES('fin_ww',@strDefaultValue_CreatedBy, getdate(), @strDefaultValue_ModifiedBy,getdate(),@intRowStatus_Active,@intParamId,NULL)
--INSERT INTO [ElementsCPSDB].[dbo].[QueryParameterValue]([Name],[CreatedBy],[CreatedOn],[ModifiedBy],[ModifiedOn],[RowStatusId],[QueryParameterId],[Description])VALUES('fr_be',@strDefaultValue_CreatedBy, getdate(), @strDefaultValue_ModifiedBy,getdate(),@intRowStatus_Active,@intParamId,NULL)
--INSERT INTO [ElementsCPSDB].[dbo].[QueryParameterValue]([Name],[CreatedBy],[CreatedOn],[ModifiedBy],[ModifiedOn],[RowStatusId],[QueryParameterId],[Description])VALUES('fr_ca',@strDefaultValue_CreatedBy, getdate(), @strDefaultValue_ModifiedBy,getdate(),@intRowStatus_Active,@intParamId,NULL)
--INSERT INTO [ElementsCPSDB].[dbo].[QueryParameterValue]([Name],[CreatedBy],[CreatedOn],[ModifiedBy],[ModifiedOn],[RowStatusId],[QueryParameterId],[Description])VALUES('fr_ch',@strDefaultValue_CreatedBy, getdate(), @strDefaultValue_ModifiedBy,getdate(),@intRowStatus_Active,@intParamId,NULL)
--INSERT INTO [ElementsCPSDB].[dbo].[QueryParameterValue]([Name],[CreatedBy],[CreatedOn],[ModifiedBy],[ModifiedOn],[RowStatusId],[QueryParameterId],[Description])VALUES('fr_de',@strDefaultValue_CreatedBy, getdate(), @strDefaultValue_ModifiedBy,getdate(),@intRowStatus_Active,@intParamId,NULL)
--INSERT INTO [ElementsCPSDB].[dbo].[QueryParameterValue]([Name],[CreatedBy],[CreatedOn],[ModifiedBy],[ModifiedOn],[RowStatusId],[QueryParameterId],[Description])VALUES('fr_dz',@strDefaultValue_CreatedBy, getdate(), @strDefaultValue_ModifiedBy,getdate(),@intRowStatus_Active,@intParamId,NULL)
--INSERT INTO [ElementsCPSDB].[dbo].[QueryParameterValue]([Name],[CreatedBy],[CreatedOn],[ModifiedBy],[ModifiedOn],[RowStatusId],[QueryParameterId],[Description])VALUES('fr_fr',@strDefaultValue_CreatedBy, getdate(), @strDefaultValue_ModifiedBy,getdate(),@intRowStatus_Active,@intParamId,NULL)
--INSERT INTO [ElementsCPSDB].[dbo].[QueryParameterValue]([Name],[CreatedBy],[CreatedOn],[ModifiedBy],[ModifiedOn],[RowStatusId],[QueryParameterId],[Description])VALUES('fr_lu',@strDefaultValue_CreatedBy, getdate(), @strDefaultValue_ModifiedBy,getdate(),@intRowStatus_Active,@intParamId,NULL)
--INSERT INTO [ElementsCPSDB].[dbo].[QueryParameterValue]([Name],[CreatedBy],[CreatedOn],[ModifiedBy],[ModifiedOn],[RowStatusId],[QueryParameterId],[Description])VALUES('fr_ma',@strDefaultValue_CreatedBy, getdate(), @strDefaultValue_ModifiedBy,getdate(),@intRowStatus_Active,@intParamId,NULL)
--INSERT INTO [ElementsCPSDB].[dbo].[QueryParameterValue]([Name],[CreatedBy],[CreatedOn],[ModifiedBy],[ModifiedOn],[RowStatusId],[QueryParameterId],[Description])VALUES('fr_mc',@strDefaultValue_CreatedBy, getdate(), @strDefaultValue_ModifiedBy,getdate(),@intRowStatus_Active,@intParamId,NULL)
--INSERT INTO [ElementsCPSDB].[dbo].[QueryParameterValue]([Name],[CreatedBy],[CreatedOn],[ModifiedBy],[ModifiedOn],[RowStatusId],[QueryParameterId],[Description])VALUES('fr_na',@strDefaultValue_CreatedBy, getdate(), @strDefaultValue_ModifiedBy,getdate(),@intRowStatus_Active,@intParamId,NULL)
--INSERT INTO [ElementsCPSDB].[dbo].[QueryParameterValue]([Name],[CreatedBy],[CreatedOn],[ModifiedBy],[ModifiedOn],[RowStatusId],[QueryParameterId],[Description])VALUES('fr_tn',@strDefaultValue_CreatedBy, getdate(), @strDefaultValue_ModifiedBy,getdate(),@intRowStatus_Active,@intParamId,NULL)
--INSERT INTO [ElementsCPSDB].[dbo].[QueryParameterValue]([Name],[CreatedBy],[CreatedOn],[ModifiedBy],[ModifiedOn],[RowStatusId],[QueryParameterId],[Description])VALUES('fr_ww',@strDefaultValue_CreatedBy, getdate(), @strDefaultValue_ModifiedBy,getdate(),@intRowStatus_Active,@intParamId,NULL)
--INSERT INTO [ElementsCPSDB].[dbo].[QueryParameterValue]([Name],[CreatedBy],[CreatedOn],[ModifiedBy],[ModifiedOn],[RowStatusId],[QueryParameterId],[Description])VALUES('fra_ww',@strDefaultValue_CreatedBy, getdate(), @strDefaultValue_ModifiedBy,getdate(),@intRowStatus_Active,@intParamId,NULL)
--INSERT INTO [ElementsCPSDB].[dbo].[QueryParameterValue]([Name],[CreatedBy],[CreatedOn],[ModifiedBy],[ModifiedOn],[RowStatusId],[QueryParameterId],[Description])VALUES('gr_ae',@strDefaultValue_CreatedBy, getdate(), @strDefaultValue_ModifiedBy,getdate(),@intRowStatus_Active,@intParamId,NULL)
--INSERT INTO [ElementsCPSDB].[dbo].[QueryParameterValue]([Name],[CreatedBy],[CreatedOn],[ModifiedBy],[ModifiedOn],[RowStatusId],[QueryParameterId],[Description])VALUES('he_ae',@strDefaultValue_CreatedBy, getdate(), @strDefaultValue_ModifiedBy,getdate(),@intRowStatus_Active,@intParamId,NULL)
--INSERT INTO [ElementsCPSDB].[dbo].[QueryParameterValue]([Name],[CreatedBy],[CreatedOn],[ModifiedBy],[ModifiedOn],[RowStatusId],[QueryParameterId],[Description])VALUES('he_il',@strDefaultValue_CreatedBy, getdate(), @strDefaultValue_ModifiedBy,getdate(),@intRowStatus_Active,@intParamId,NULL)
--INSERT INTO [ElementsCPSDB].[dbo].[QueryParameterValue]([Name],[CreatedBy],[CreatedOn],[ModifiedBy],[ModifiedOn],[RowStatusId],[QueryParameterId],[Description])VALUES('heb_ww',@strDefaultValue_CreatedBy, getdate(), @strDefaultValue_ModifiedBy,getdate(),@intRowStatus_Active,@intParamId,NULL)
--INSERT INTO [ElementsCPSDB].[dbo].[QueryParameterValue]([Name],[CreatedBy],[CreatedOn],[ModifiedBy],[ModifiedOn],[RowStatusId],[QueryParameterId],[Description])VALUES('hi_in',@strDefaultValue_CreatedBy, getdate(), @strDefaultValue_ModifiedBy,getdate(),@intRowStatus_Active,@intParamId,NULL)
--INSERT INTO [ElementsCPSDB].[dbo].[QueryParameterValue]([Name],[CreatedBy],[CreatedOn],[ModifiedBy],[ModifiedOn],[RowStatusId],[QueryParameterId],[Description])VALUES('hr_ae',@strDefaultValue_CreatedBy, getdate(), @strDefaultValue_ModifiedBy,getdate(),@intRowStatus_Active,@intParamId,NULL)
--INSERT INTO [ElementsCPSDB].[dbo].[QueryParameterValue]([Name],[CreatedBy],[CreatedOn],[ModifiedBy],[ModifiedOn],[RowStatusId],[QueryParameterId],[Description])VALUES('hr_hr',@strDefaultValue_CreatedBy, getdate(), @strDefaultValue_ModifiedBy,getdate(),@intRowStatus_Active,@intParamId,NULL)
--INSERT INTO [ElementsCPSDB].[dbo].[QueryParameterValue]([Name],[CreatedBy],[CreatedOn],[ModifiedBy],[ModifiedOn],[RowStatusId],[QueryParameterId],[Description])VALUES('hu_ae',@strDefaultValue_CreatedBy, getdate(), @strDefaultValue_ModifiedBy,getdate(),@intRowStatus_Active,@intParamId,NULL)
--INSERT INTO [ElementsCPSDB].[dbo].[QueryParameterValue]([Name],[CreatedBy],[CreatedOn],[ModifiedBy],[ModifiedOn],[RowStatusId],[QueryParameterId],[Description])VALUES('hu_hu',@strDefaultValue_CreatedBy, getdate(), @strDefaultValue_ModifiedBy,getdate(),@intRowStatus_Active,@intParamId,NULL)
--INSERT INTO [ElementsCPSDB].[dbo].[QueryParameterValue]([Name],[CreatedBy],[CreatedOn],[ModifiedBy],[ModifiedOn],[RowStatusId],[QueryParameterId],[Description])VALUES('hun_ww',@strDefaultValue_CreatedBy, getdate(), @strDefaultValue_ModifiedBy,getdate(),@intRowStatus_Active,@intParamId,NULL)
--INSERT INTO [ElementsCPSDB].[dbo].[QueryParameterValue]([Name],[CreatedBy],[CreatedOn],[ModifiedBy],[ModifiedOn],[RowStatusId],[QueryParameterId],[Description])VALUES('hy_am',@strDefaultValue_CreatedBy, getdate(), @strDefaultValue_ModifiedBy,getdate(),@intRowStatus_Active,@intParamId,NULL)
--INSERT INTO [ElementsCPSDB].[dbo].[QueryParameterValue]([Name],[CreatedBy],[CreatedOn],[ModifiedBy],[ModifiedOn],[RowStatusId],[QueryParameterId],[Description])VALUES('id_id',@strDefaultValue_CreatedBy, getdate(), @strDefaultValue_ModifiedBy,getdate(),@intRowStatus_Active,@intParamId,NULL)
--INSERT INTO [ElementsCPSDB].[dbo].[QueryParameterValue]([Name],[CreatedBy],[CreatedOn],[ModifiedBy],[ModifiedOn],[RowStatusId],[QueryParameterId],[Description])VALUES('it_ch',@strDefaultValue_CreatedBy, getdate(), @strDefaultValue_ModifiedBy,getdate(),@intRowStatus_Active,@intParamId,NULL)
--INSERT INTO [ElementsCPSDB].[dbo].[QueryParameterValue]([Name],[CreatedBy],[CreatedOn],[ModifiedBy],[ModifiedOn],[RowStatusId],[QueryParameterId],[Description])VALUES('it_it',@strDefaultValue_CreatedBy, getdate(), @strDefaultValue_ModifiedBy,getdate(),@intRowStatus_Active,@intParamId,NULL)
--INSERT INTO [ElementsCPSDB].[dbo].[QueryParameterValue]([Name],[CreatedBy],[CreatedOn],[ModifiedBy],[ModifiedOn],[RowStatusId],[QueryParameterId],[Description])VALUES('it_ww',@strDefaultValue_CreatedBy, getdate(), @strDefaultValue_ModifiedBy,getdate(),@intRowStatus_Active,@intParamId,NULL)
--INSERT INTO [ElementsCPSDB].[dbo].[QueryParameterValue]([Name],[CreatedBy],[CreatedOn],[ModifiedBy],[ModifiedOn],[RowStatusId],[QueryParameterId],[Description])VALUES('ita_ww',@strDefaultValue_CreatedBy, getdate(), @strDefaultValue_ModifiedBy,getdate(),@intRowStatus_Active,@intParamId,NULL)
--INSERT INTO [ElementsCPSDB].[dbo].[QueryParameterValue]([Name],[CreatedBy],[CreatedOn],[ModifiedBy],[ModifiedOn],[RowStatusId],[QueryParameterId],[Description])VALUES('ja_jp',@strDefaultValue_CreatedBy, getdate(), @strDefaultValue_ModifiedBy,getdate(),@intRowStatus_Active,@intParamId,NULL)
--INSERT INTO [ElementsCPSDB].[dbo].[QueryParameterValue]([Name],[CreatedBy],[CreatedOn],[ModifiedBy],[ModifiedOn],[RowStatusId],[QueryParameterId],[Description])VALUES('ja_ww',@strDefaultValue_CreatedBy, getdate(), @strDefaultValue_ModifiedBy,getdate(),@intRowStatus_Active,@intParamId,NULL)
--INSERT INTO [ElementsCPSDB].[dbo].[QueryParameterValue]([Name],[CreatedBy],[CreatedOn],[ModifiedBy],[ModifiedOn],[RowStatusId],[QueryParameterId],[Description])VALUES('jp_ww',@strDefaultValue_CreatedBy, getdate(), @strDefaultValue_ModifiedBy,getdate(),@intRowStatus_Active,@intParamId,NULL)
--INSERT INTO [ElementsCPSDB].[dbo].[QueryParameterValue]([Name],[CreatedBy],[CreatedOn],[ModifiedBy],[ModifiedOn],[RowStatusId],[QueryParameterId],[Description])VALUES('jpn_ww',@strDefaultValue_CreatedBy, getdate(), @strDefaultValue_ModifiedBy,getdate(),@intRowStatus_Active,@intParamId,NULL)
--INSERT INTO [ElementsCPSDB].[dbo].[QueryParameterValue]([Name],[CreatedBy],[CreatedOn],[ModifiedBy],[ModifiedOn],[RowStatusId],[QueryParameterId],[Description])VALUES('ka_ge',@strDefaultValue_CreatedBy, getdate(), @strDefaultValue_ModifiedBy,getdate(),@intRowStatus_Active,@intParamId,NULL)
--INSERT INTO [ElementsCPSDB].[dbo].[QueryParameterValue]([Name],[CreatedBy],[CreatedOn],[ModifiedBy],[ModifiedOn],[RowStatusId],[QueryParameterId],[Description])VALUES('kk_kz',@strDefaultValue_CreatedBy, getdate(), @strDefaultValue_ModifiedBy,getdate(),@intRowStatus_Active,@intParamId,NULL)
--INSERT INTO [ElementsCPSDB].[dbo].[QueryParameterValue]([Name],[CreatedBy],[CreatedOn],[ModifiedBy],[ModifiedOn],[RowStatusId],[QueryParameterId],[Description])VALUES('ko_kr',@strDefaultValue_CreatedBy, getdate(), @strDefaultValue_ModifiedBy,getdate(),@intRowStatus_Active,@intParamId,NULL)
--INSERT INTO [ElementsCPSDB].[dbo].[QueryParameterValue]([Name],[CreatedBy],[CreatedOn],[ModifiedBy],[ModifiedOn],[RowStatusId],[QueryParameterId],[Description])VALUES('ko_ww',@strDefaultValue_CreatedBy, getdate(), @strDefaultValue_ModifiedBy,getdate(),@intRowStatus_Active,@intParamId,NULL)
--INSERT INTO [ElementsCPSDB].[dbo].[QueryParameterValue]([Name],[CreatedBy],[CreatedOn],[ModifiedBy],[ModifiedOn],[RowStatusId],[QueryParameterId],[Description])VALUES('kor_ww',@strDefaultValue_CreatedBy, getdate(), @strDefaultValue_ModifiedBy,getdate(),@intRowStatus_Active,@intParamId,NULL)
--INSERT INTO [ElementsCPSDB].[dbo].[QueryParameterValue]([Name],[CreatedBy],[CreatedOn],[ModifiedBy],[ModifiedOn],[RowStatusId],[QueryParameterId],[Description])VALUES('ky_kg',@strDefaultValue_CreatedBy, getdate(), @strDefaultValue_ModifiedBy,getdate(),@intRowStatus_Active,@intParamId,NULL)
--INSERT INTO [ElementsCPSDB].[dbo].[QueryParameterValue]([Name],[CreatedBy],[CreatedOn],[ModifiedBy],[ModifiedOn],[RowStatusId],[QueryParameterId],[Description])VALUES('lt_ae',@strDefaultValue_CreatedBy, getdate(), @strDefaultValue_ModifiedBy,getdate(),@intRowStatus_Active,@intParamId,NULL)
--INSERT INTO [ElementsCPSDB].[dbo].[QueryParameterValue]([Name],[CreatedBy],[CreatedOn],[ModifiedBy],[ModifiedOn],[RowStatusId],[QueryParameterId],[Description])VALUES('lt_lt',@strDefaultValue_CreatedBy, getdate(), @strDefaultValue_ModifiedBy,getdate(),@intRowStatus_Active,@intParamId,NULL)
--INSERT INTO [ElementsCPSDB].[dbo].[QueryParameterValue]([Name],[CreatedBy],[CreatedOn],[ModifiedBy],[ModifiedOn],[RowStatusId],[QueryParameterId],[Description])VALUES('lv_ae',@strDefaultValue_CreatedBy, getdate(), @strDefaultValue_ModifiedBy,getdate(),@intRowStatus_Active,@intParamId,NULL)
--INSERT INTO [ElementsCPSDB].[dbo].[QueryParameterValue]([Name],[CreatedBy],[CreatedOn],[ModifiedBy],[ModifiedOn],[RowStatusId],[QueryParameterId],[Description])VALUES('lv_lv',@strDefaultValue_CreatedBy, getdate(), @strDefaultValue_ModifiedBy,getdate(),@intRowStatus_Active,@intParamId,NULL)
--INSERT INTO [ElementsCPSDB].[dbo].[QueryParameterValue]([Name],[CreatedBy],[CreatedOn],[ModifiedBy],[ModifiedOn],[RowStatusId],[QueryParameterId],[Description])VALUES('mn_cn',@strDefaultValue_CreatedBy, getdate(), @strDefaultValue_ModifiedBy,getdate(),@intRowStatus_Active,@intParamId,NULL)
--INSERT INTO [ElementsCPSDB].[dbo].[QueryParameterValue]([Name],[CreatedBy],[CreatedOn],[ModifiedBy],[ModifiedOn],[RowStatusId],[QueryParameterId],[Description])VALUES('mn_mn',@strDefaultValue_CreatedBy, getdate(), @strDefaultValue_ModifiedBy,getdate(),@intRowStatus_Active,@intParamId,NULL)
--INSERT INTO [ElementsCPSDB].[dbo].[QueryParameterValue]([Name],[CreatedBy],[CreatedOn],[ModifiedBy],[ModifiedOn],[RowStatusId],[QueryParameterId],[Description])VALUES('nb_no',@strDefaultValue_CreatedBy, getdate(), @strDefaultValue_ModifiedBy,getdate(),@intRowStatus_Active,@intParamId,NULL)
--INSERT INTO [ElementsCPSDB].[dbo].[QueryParameterValue]([Name],[CreatedBy],[CreatedOn],[ModifiedBy],[ModifiedOn],[RowStatusId],[QueryParameterId],[Description])VALUES('nl_be',@strDefaultValue_CreatedBy, getdate(), @strDefaultValue_ModifiedBy,getdate(),@intRowStatus_Active,@intParamId,NULL)
--INSERT INTO [ElementsCPSDB].[dbo].[QueryParameterValue]([Name],[CreatedBy],[CreatedOn],[ModifiedBy],[ModifiedOn],[RowStatusId],[QueryParameterId],[Description])VALUES('nl_nl',@strDefaultValue_CreatedBy, getdate(), @strDefaultValue_ModifiedBy,getdate(),@intRowStatus_Active,@intParamId,NULL)
--INSERT INTO [ElementsCPSDB].[dbo].[QueryParameterValue]([Name],[CreatedBy],[CreatedOn],[ModifiedBy],[ModifiedOn],[RowStatusId],[QueryParameterId],[Description])VALUES('nl_ww',@strDefaultValue_CreatedBy, getdate(), @strDefaultValue_ModifiedBy,getdate(),@intRowStatus_Active,@intParamId,NULL)
--INSERT INTO [ElementsCPSDB].[dbo].[QueryParameterValue]([Name],[CreatedBy],[CreatedOn],[ModifiedBy],[ModifiedOn],[RowStatusId],[QueryParameterId],[Description])VALUES('nld_ww',@strDefaultValue_CreatedBy, getdate(), @strDefaultValue_ModifiedBy,getdate(),@intRowStatus_Active,@intParamId,NULL)
--INSERT INTO [ElementsCPSDB].[dbo].[QueryParameterValue]([Name],[CreatedBy],[CreatedOn],[ModifiedBy],[ModifiedOn],[RowStatusId],[QueryParameterId],[Description])VALUES('nn_no',@strDefaultValue_CreatedBy, getdate(), @strDefaultValue_ModifiedBy,getdate(),@intRowStatus_Active,@intParamId,NULL)	
--INSERT INTO [ElementsCPSDB].[dbo].[QueryParameterValue]([Name],[CreatedBy],[CreatedOn],[ModifiedBy],[ModifiedOn],[RowStatusId],[QueryParameterId],[Description])VALUES('nn_ww',@strDefaultValue_CreatedBy, getdate(), @strDefaultValue_ModifiedBy,getdate(),@intRowStatus_Active,@intParamId,NULL)
--INSERT INTO [ElementsCPSDB].[dbo].[QueryParameterValue]([Name],[CreatedBy],[CreatedOn],[ModifiedBy],[ModifiedOn],[RowStatusId],[QueryParameterId],[Description])VALUES('no_no',@strDefaultValue_CreatedBy, getdate(), @strDefaultValue_ModifiedBy,getdate(),@intRowStatus_Active,@intParamId,NULL)
--INSERT INTO [ElementsCPSDB].[dbo].[QueryParameterValue]([Name],[CreatedBy],[CreatedOn],[ModifiedBy],[ModifiedOn],[RowStatusId],[QueryParameterId],[Description])VALUES('no_ww',@strDefaultValue_CreatedBy, getdate(), @strDefaultValue_ModifiedBy,getdate(),@intRowStatus_Active,@intParamId,NULL)
--INSERT INTO [ElementsCPSDB].[dbo].[QueryParameterValue]([Name],[CreatedBy],[CreatedOn],[ModifiedBy],[ModifiedOn],[RowStatusId],[QueryParameterId],[Description])VALUES('nob_ww',@strDefaultValue_CreatedBy, getdate(), @strDefaultValue_ModifiedBy,getdate(),@intRowStatus_Active,@intParamId,NULL)
--INSERT INTO [ElementsCPSDB].[dbo].[QueryParameterValue]([Name],[CreatedBy],[CreatedOn],[ModifiedBy],[ModifiedOn],[RowStatusId],[QueryParameterId],[Description])VALUES('pl_ae',@strDefaultValue_CreatedBy, getdate(), @strDefaultValue_ModifiedBy,getdate(),@intRowStatus_Active,@intParamId,NULL)
--INSERT INTO [ElementsCPSDB].[dbo].[QueryParameterValue]([Name],[CreatedBy],[CreatedOn],[ModifiedBy],[ModifiedOn],[RowStatusId],[QueryParameterId],[Description])VALUES('pl_pl',@strDefaultValue_CreatedBy, getdate(), @strDefaultValue_ModifiedBy,getdate(),@intRowStatus_Active,@intParamId,NULL)
--INSERT INTO [ElementsCPSDB].[dbo].[QueryParameterValue]([Name],[CreatedBy],[CreatedOn],[ModifiedBy],[ModifiedOn],[RowStatusId],[QueryParameterId],[Description])VALUES('plk_ww',@strDefaultValue_CreatedBy, getdate(), @strDefaultValue_ModifiedBy,getdate(),@intRowStatus_Active,@intParamId,NULL)
--INSERT INTO [ElementsCPSDB].[dbo].[QueryParameterValue]([Name],[CreatedBy],[CreatedOn],[ModifiedBy],[ModifiedOn],[RowStatusId],[QueryParameterId],[Description])VALUES('ps_af',@strDefaultValue_CreatedBy, getdate(), @strDefaultValue_ModifiedBy,getdate(),@intRowStatus_Active,@intParamId,NULL)
--INSERT INTO [ElementsCPSDB].[dbo].[QueryParameterValue]([Name],[CreatedBy],[CreatedOn],[ModifiedBy],[ModifiedOn],[RowStatusId],[QueryParameterId],[Description])VALUES('pt_br',@strDefaultValue_CreatedBy, getdate(), @strDefaultValue_ModifiedBy,getdate(),@intRowStatus_Active,@intParamId,NULL)
--INSERT INTO [ElementsCPSDB].[dbo].[QueryParameterValue]([Name],[CreatedBy],[CreatedOn],[ModifiedBy],[ModifiedOn],[RowStatusId],[QueryParameterId],[Description])VALUES('pt_pt',@strDefaultValue_CreatedBy, getdate(), @strDefaultValue_ModifiedBy,getdate(),@intRowStatus_Active,@intParamId,NULL)
--INSERT INTO [ElementsCPSDB].[dbo].[QueryParameterValue]([Name],[CreatedBy],[CreatedOn],[ModifiedBy],[ModifiedOn],[RowStatusId],[QueryParameterId],[Description])VALUES('pt_ww',@strDefaultValue_CreatedBy, getdate(), @strDefaultValue_ModifiedBy,getdate(),@intRowStatus_Active,@intParamId,NULL)
--INSERT INTO [ElementsCPSDB].[dbo].[QueryParameterValue]([Name],[CreatedBy],[CreatedOn],[ModifiedBy],[ModifiedOn],[RowStatusId],[QueryParameterId],[Description])VALUES('ptb_ww',@strDefaultValue_CreatedBy, getdate(), @strDefaultValue_ModifiedBy,getdate(),@intRowStatus_Active,@intParamId,NULL)
--INSERT INTO [ElementsCPSDB].[dbo].[QueryParameterValue]([Name],[CreatedBy],[CreatedOn],[ModifiedBy],[ModifiedOn],[RowStatusId],[QueryParameterId],[Description])VALUES('ro_ae',@strDefaultValue_CreatedBy, getdate(), @strDefaultValue_ModifiedBy,getdate(),@intRowStatus_Active,@intParamId,NULL)
--INSERT INTO [ElementsCPSDB].[dbo].[QueryParameterValue]([Name],[CreatedBy],[CreatedOn],[ModifiedBy],[ModifiedOn],[RowStatusId],[QueryParameterId],[Description])VALUES('ro_ro',@strDefaultValue_CreatedBy, getdate(), @strDefaultValue_ModifiedBy,getdate(),@intRowStatus_Active,@intParamId,NULL)
--INSERT INTO [ElementsCPSDB].[dbo].[QueryParameterValue]([Name],[CreatedBy],[CreatedOn],[ModifiedBy],[ModifiedOn],[RowStatusId],[QueryParameterId],[Description])VALUES('ru_af',@strDefaultValue_CreatedBy, getdate(), @strDefaultValue_ModifiedBy,getdate(),@intRowStatus_Active,@intParamId,NULL)
--INSERT INTO [ElementsCPSDB].[dbo].[QueryParameterValue]([Name],[CreatedBy],[CreatedOn],[ModifiedBy],[ModifiedOn],[RowStatusId],[QueryParameterId],[Description])VALUES('ru_am',@strDefaultValue_CreatedBy, getdate(), @strDefaultValue_ModifiedBy,getdate(),@intRowStatus_Active,@intParamId,NULL)
--INSERT INTO [ElementsCPSDB].[dbo].[QueryParameterValue]([Name],[CreatedBy],[CreatedOn],[ModifiedBy],[ModifiedOn],[RowStatusId],[QueryParameterId],[Description])VALUES('ru_az',@strDefaultValue_CreatedBy, getdate(), @strDefaultValue_ModifiedBy,getdate(),@intRowStatus_Active,@intParamId,NULL)
--INSERT INTO [ElementsCPSDB].[dbo].[QueryParameterValue]([Name],[CreatedBy],[CreatedOn],[ModifiedBy],[ModifiedOn],[RowStatusId],[QueryParameterId],[Description])VALUES('ru_bg',@strDefaultValue_CreatedBy, getdate(), @strDefaultValue_ModifiedBy,getdate(),@intRowStatus_Active,@intParamId,NULL)
--INSERT INTO [ElementsCPSDB].[dbo].[QueryParameterValue]([Name],[CreatedBy],[CreatedOn],[ModifiedBy],[ModifiedOn],[RowStatusId],[QueryParameterId],[Description])VALUES('ru_by',@strDefaultValue_CreatedBy, getdate(), @strDefaultValue_ModifiedBy,getdate(),@intRowStatus_Active,@intParamId,NULL)
--INSERT INTO [ElementsCPSDB].[dbo].[QueryParameterValue]([Name],[CreatedBy],[CreatedOn],[ModifiedBy],[ModifiedOn],[RowStatusId],[QueryParameterId],[Description])VALUES('ru_cn',@strDefaultValue_CreatedBy, getdate(), @strDefaultValue_ModifiedBy,getdate(),@intRowStatus_Active,@intParamId,NULL)
--INSERT INTO [ElementsCPSDB].[dbo].[QueryParameterValue]([Name],[CreatedBy],[CreatedOn],[ModifiedBy],[ModifiedOn],[RowStatusId],[QueryParameterId],[Description])VALUES('ru_ee',@strDefaultValue_CreatedBy, getdate(), @strDefaultValue_ModifiedBy,getdate(),@intRowStatus_Active,@intParamId,NULL)
--INSERT INTO [ElementsCPSDB].[dbo].[QueryParameterValue]([Name],[CreatedBy],[CreatedOn],[ModifiedBy],[ModifiedOn],[RowStatusId],[QueryParameterId],[Description])VALUES('ru_ge',@strDefaultValue_CreatedBy, getdate(), @strDefaultValue_ModifiedBy,getdate(),@intRowStatus_Active,@intParamId,NULL)
--INSERT INTO [ElementsCPSDB].[dbo].[QueryParameterValue]([Name],[CreatedBy],[CreatedOn],[ModifiedBy],[ModifiedOn],[RowStatusId],[QueryParameterId],[Description])VALUES('ru_kg',@strDefaultValue_CreatedBy, getdate(), @strDefaultValue_ModifiedBy,getdate(),@intRowStatus_Active,@intParamId,NULL)
--INSERT INTO [ElementsCPSDB].[dbo].[QueryParameterValue]([Name],[CreatedBy],[CreatedOn],[ModifiedBy],[ModifiedOn],[RowStatusId],[QueryParameterId],[Description])VALUES('ru_kz',@strDefaultValue_CreatedBy, getdate(), @strDefaultValue_ModifiedBy,getdate(),@intRowStatus_Active,@intParamId,NULL)
--INSERT INTO [ElementsCPSDB].[dbo].[QueryParameterValue]([Name],[CreatedBy],[CreatedOn],[ModifiedBy],[ModifiedOn],[RowStatusId],[QueryParameterId],[Description])VALUES('ru_lt',@strDefaultValue_CreatedBy, getdate(), @strDefaultValue_ModifiedBy,getdate(),@intRowStatus_Active,@intParamId,NULL)
--INSERT INTO [ElementsCPSDB].[dbo].[QueryParameterValue]([Name],[CreatedBy],[CreatedOn],[ModifiedBy],[ModifiedOn],[RowStatusId],[QueryParameterId],[Description])VALUES('ru_lv',@strDefaultValue_CreatedBy, getdate(), @strDefaultValue_ModifiedBy,getdate(),@intRowStatus_Active,@intParamId,NULL)
--INSERT INTO [ElementsCPSDB].[dbo].[QueryParameterValue]([Name],[CreatedBy],[CreatedOn],[ModifiedBy],[ModifiedOn],[RowStatusId],[QueryParameterId],[Description])VALUES('ru_md',@strDefaultValue_CreatedBy, getdate(), @strDefaultValue_ModifiedBy,getdate(),@intRowStatus_Active,@intParamId,NULL)
--INSERT INTO [ElementsCPSDB].[dbo].[QueryParameterValue]([Name],[CreatedBy],[CreatedOn],[ModifiedBy],[ModifiedOn],[RowStatusId],[QueryParameterId],[Description])VALUES('ru_mn',@strDefaultValue_CreatedBy, getdate(), @strDefaultValue_ModifiedBy,getdate(),@intRowStatus_Active,@intParamId,NULL)
--INSERT INTO [ElementsCPSDB].[dbo].[QueryParameterValue]([Name],[CreatedBy],[CreatedOn],[ModifiedBy],[ModifiedOn],[RowStatusId],[QueryParameterId],[Description])VALUES('ru_ru',@strDefaultValue_CreatedBy, getdate(), @strDefaultValue_ModifiedBy,getdate(),@intRowStatus_Active,@intParamId,NULL)
--INSERT INTO [ElementsCPSDB].[dbo].[QueryParameterValue]([Name],[CreatedBy],[CreatedOn],[ModifiedBy],[ModifiedOn],[RowStatusId],[QueryParameterId],[Description])VALUES('ru_tj',@strDefaultValue_CreatedBy, getdate(), @strDefaultValue_ModifiedBy,getdate(),@intRowStatus_Active,@intParamId,NULL)
--INSERT INTO [ElementsCPSDB].[dbo].[QueryParameterValue]([Name],[CreatedBy],[CreatedOn],[ModifiedBy],[ModifiedOn],[RowStatusId],[QueryParameterId],[Description])VALUES('ru_tm',@strDefaultValue_CreatedBy, getdate(), @strDefaultValue_ModifiedBy,getdate(),@intRowStatus_Active,@intParamId,NULL)
--INSERT INTO [ElementsCPSDB].[dbo].[QueryParameterValue]([Name],[CreatedBy],[CreatedOn],[ModifiedBy],[ModifiedOn],[RowStatusId],[QueryParameterId],[Description])VALUES('ru_ua',@strDefaultValue_CreatedBy, getdate(), @strDefaultValue_ModifiedBy,getdate(),@intRowStatus_Active,@intParamId,NULL)
--INSERT INTO [ElementsCPSDB].[dbo].[QueryParameterValue]([Name],[CreatedBy],[CreatedOn],[ModifiedBy],[ModifiedOn],[RowStatusId],[QueryParameterId],[Description])VALUES('ru_uz',@strDefaultValue_CreatedBy, getdate(), @strDefaultValue_ModifiedBy,getdate(),@intRowStatus_Active,@intParamId,NULL)
--INSERT INTO [ElementsCPSDB].[dbo].[QueryParameterValue]([Name],[CreatedBy],[CreatedOn],[ModifiedBy],[ModifiedOn],[RowStatusId],[QueryParameterId],[Description])VALUES('rus_ww',@strDefaultValue_CreatedBy, getdate(), @strDefaultValue_ModifiedBy,getdate(),@intRowStatus_Active,@intParamId,NULL)
--INSERT INTO [ElementsCPSDB].[dbo].[QueryParameterValue]([Name],[CreatedBy],[CreatedOn],[ModifiedBy],[ModifiedOn],[RowStatusId],[QueryParameterId],[Description])VALUES('sk_ae',@strDefaultValue_CreatedBy, getdate(), @strDefaultValue_ModifiedBy,getdate(),@intRowStatus_Active,@intParamId,NULL)
--INSERT INTO [ElementsCPSDB].[dbo].[QueryParameterValue]([Name],[CreatedBy],[CreatedOn],[ModifiedBy],[ModifiedOn],[RowStatusId],[QueryParameterId],[Description])VALUES('sk_sk',@strDefaultValue_CreatedBy, getdate(), @strDefaultValue_ModifiedBy,getdate(),@intRowStatus_Active,@intParamId,NULL)
--INSERT INTO [ElementsCPSDB].[dbo].[QueryParameterValue]([Name],[CreatedBy],[CreatedOn],[ModifiedBy],[ModifiedOn],[RowStatusId],[QueryParameterId],[Description])VALUES('sl_ae',@strDefaultValue_CreatedBy, getdate(), @strDefaultValue_ModifiedBy,getdate(),@intRowStatus_Active,@intParamId,NULL)
--INSERT INTO [ElementsCPSDB].[dbo].[QueryParameterValue]([Name],[CreatedBy],[CreatedOn],[ModifiedBy],[ModifiedOn],[RowStatusId],[QueryParameterId],[Description])VALUES('sl_si',@strDefaultValue_CreatedBy, getdate(), @strDefaultValue_ModifiedBy,getdate(),@intRowStatus_Active,@intParamId,NULL)
--INSERT INTO [ElementsCPSDB].[dbo].[QueryParameterValue]([Name],[CreatedBy],[CreatedOn],[ModifiedBy],[ModifiedOn],[RowStatusId],[QueryParameterId],[Description])VALUES('sr_ae',@strDefaultValue_CreatedBy, getdate(), @strDefaultValue_ModifiedBy,getdate(),@intRowStatus_Active,@intParamId,NULL)
--INSERT INTO [ElementsCPSDB].[dbo].[QueryParameterValue]([Name],[CreatedBy],[CreatedOn],[ModifiedBy],[ModifiedOn],[RowStatusId],[QueryParameterId],[Description])VALUES('sr_cs',@strDefaultValue_CreatedBy, getdate(), @strDefaultValue_ModifiedBy,getdate(),@intRowStatus_Active,@intParamId,NULL)
--INSERT INTO [ElementsCPSDB].[dbo].[QueryParameterValue]([Name],[CreatedBy],[CreatedOn],[ModifiedBy],[ModifiedOn],[RowStatusId],[QueryParameterId],[Description])VALUES('sv_se',@strDefaultValue_CreatedBy, getdate(), @strDefaultValue_ModifiedBy,getdate(),@intRowStatus_Active,@intParamId,NULL)
--INSERT INTO [ElementsCPSDB].[dbo].[QueryParameterValue]([Name],[CreatedBy],[CreatedOn],[ModifiedBy],[ModifiedOn],[RowStatusId],[QueryParameterId],[Description])VALUES('sv_ww',@strDefaultValue_CreatedBy, getdate(), @strDefaultValue_ModifiedBy,getdate(),@intRowStatus_Active,@intParamId,NULL)
--INSERT INTO [ElementsCPSDB].[dbo].[QueryParameterValue]([Name],[CreatedBy],[CreatedOn],[ModifiedBy],[ModifiedOn],[RowStatusId],[QueryParameterId],[Description])VALUES('sve_ww',@strDefaultValue_CreatedBy, getdate(), @strDefaultValue_ModifiedBy,getdate(),@intRowStatus_Active,@intParamId,NULL)
--INSERT INTO [ElementsCPSDB].[dbo].[QueryParameterValue]([Name],[CreatedBy],[CreatedOn],[ModifiedBy],[ModifiedOn],[RowStatusId],[QueryParameterId],[Description])VALUES('tg_tj',@strDefaultValue_CreatedBy, getdate(), @strDefaultValue_ModifiedBy,getdate(),@intRowStatus_Active,@intParamId,NULL)
--INSERT INTO [ElementsCPSDB].[dbo].[QueryParameterValue]([Name],[CreatedBy],[CreatedOn],[ModifiedBy],[ModifiedOn],[RowStatusId],[QueryParameterId],[Description])VALUES('th_th',@strDefaultValue_CreatedBy, getdate(), @strDefaultValue_ModifiedBy,getdate(),@intRowStatus_Active,@intParamId,NULL)
--INSERT INTO [ElementsCPSDB].[dbo].[QueryParameterValue]([Name],[CreatedBy],[CreatedOn],[ModifiedBy],[ModifiedOn],[RowStatusId],[QueryParameterId],[Description])VALUES('tk_tm',@strDefaultValue_CreatedBy, getdate(), @strDefaultValue_ModifiedBy,getdate(),@intRowStatus_Active,@intParamId,NULL)
--INSERT INTO [ElementsCPSDB].[dbo].[QueryParameterValue]([Name],[CreatedBy],[CreatedOn],[ModifiedBy],[ModifiedOn],[RowStatusId],[QueryParameterId],[Description])VALUES('tr_tr',@strDefaultValue_CreatedBy, getdate(), @strDefaultValue_ModifiedBy,getdate(),@intRowStatus_Active,@intParamId,NULL)
--INSERT INTO [ElementsCPSDB].[dbo].[QueryParameterValue]([Name],[CreatedBy],[CreatedOn],[ModifiedBy],[ModifiedOn],[RowStatusId],[QueryParameterId],[Description])VALUES('tr_ww',@strDefaultValue_CreatedBy, getdate(), @strDefaultValue_ModifiedBy,getdate(),@intRowStatus_Active,@intParamId,NULL)
--INSERT INTO [ElementsCPSDB].[dbo].[QueryParameterValue]([Name],[CreatedBy],[CreatedOn],[ModifiedBy],[ModifiedOn],[RowStatusId],[QueryParameterId],[Description])VALUES('trk_ww',@strDefaultValue_CreatedBy, getdate(), @strDefaultValue_ModifiedBy,getdate(),@intRowStatus_Active,@intParamId,NULL)
--INSERT INTO [ElementsCPSDB].[dbo].[QueryParameterValue]([Name],[CreatedBy],[CreatedOn],[ModifiedBy],[ModifiedOn],[RowStatusId],[QueryParameterId],[Description])VALUES('uk_ae',@strDefaultValue_CreatedBy, getdate(), @strDefaultValue_ModifiedBy,getdate(),@intRowStatus_Active,@intParamId,NULL)
--INSERT INTO [ElementsCPSDB].[dbo].[QueryParameterValue]([Name],[CreatedBy],[CreatedOn],[ModifiedBy],[ModifiedOn],[RowStatusId],[QueryParameterId],[Description])VALUES('uk_ua',@strDefaultValue_CreatedBy, getdate(), @strDefaultValue_ModifiedBy,getdate(),@intRowStatus_Active,@intParamId,NULL)
--INSERT INTO [ElementsCPSDB].[dbo].[QueryParameterValue]([Name],[CreatedBy],[CreatedOn],[ModifiedBy],[ModifiedOn],[RowStatusId],[QueryParameterId],[Description])VALUES('uz_uz',@strDefaultValue_CreatedBy, getdate(), @strDefaultValue_ModifiedBy,getdate(),@intRowStatus_Active,@intParamId,NULL)
--INSERT INTO [ElementsCPSDB].[dbo].[QueryParameterValue]([Name],[CreatedBy],[CreatedOn],[ModifiedBy],[ModifiedOn],[RowStatusId],[QueryParameterId],[Description])VALUES('ww',@strDefaultValue_CreatedBy, getdate(), @strDefaultValue_ModifiedBy,getdate(),@intRowStatus_Active,@intParamId,NULL)
--INSERT INTO [ElementsCPSDB].[dbo].[QueryParameterValue]([Name],[CreatedBy],[CreatedOn],[ModifiedBy],[ModifiedOn],[RowStatusId],[QueryParameterId],[Description])VALUES('zh_cn',@strDefaultValue_CreatedBy, getdate(), @strDefaultValue_ModifiedBy,getdate(),@intRowStatus_Active,@intParamId,NULL)
--INSERT INTO [ElementsCPSDB].[dbo].[QueryParameterValue]([Name],[CreatedBy],[CreatedOn],[ModifiedBy],[ModifiedOn],[RowStatusId],[QueryParameterId],[Description])VALUES('zh_hk',@strDefaultValue_CreatedBy, getdate(), @strDefaultValue_ModifiedBy,getdate(),@intRowStatus_Active,@intParamId,NULL)
--INSERT INTO [ElementsCPSDB].[dbo].[QueryParameterValue]([Name],[CreatedBy],[CreatedOn],[ModifiedBy],[ModifiedOn],[RowStatusId],[QueryParameterId],[Description])VALUES('zh_tw',@strDefaultValue_CreatedBy, getdate(), @strDefaultValue_ModifiedBy,getdate(),@intRowStatus_Active,@intParamId,NULL)
--INSERT INTO [ElementsCPSDB].[dbo].[QueryParameterValue]([Name],[CreatedBy],[CreatedOn],[ModifiedBy],[ModifiedOn],[RowStatusId],[QueryParameterId],[Description])VALUES('zh_ww',@strDefaultValue_CreatedBy, getdate(), @strDefaultValue_ModifiedBy,getdate(),@intRowStatus_Active,@intParamId,NULL)

--SELECT @intParamId = Id FROM [dbo].[QueryParameter] WHERE name = 'Brand'
--INSERT INTO [ElementsCPSDB].[dbo].[QueryParameterValue]([Name],[CreatedBy],[CreatedOn],[ModifiedBy],[ModifiedOn],[RowStatusId],[QueryParameterId],[Description])VALUES('*',@strDefaultValue_CreatedBy, getdate(), @strDefaultValue_ModifiedBy,getdate(),@intRowStatus_Active,@intParamId,NULL)
--INSERT INTO [ElementsCPSDB].[dbo].[QueryParameterValue]([Name],[CreatedBy],[CreatedOn],[ModifiedBy],[ModifiedOn],[RowStatusId],[QueryParameterId],[Description])VALUES('bestbuy',@strDefaultValue_CreatedBy, getdate(), @strDefaultValue_ModifiedBy,getdate(),@intRowStatus_Active,@intParamId,NULL)
--INSERT INTO [ElementsCPSDB].[dbo].[QueryParameterValue]([Name],[CreatedBy],[CreatedOn],[ModifiedBy],[ModifiedOn],[RowStatusId],[QueryParameterId],[Description])VALUES('crossfire',@strDefaultValue_CreatedBy, getdate(), @strDefaultValue_ModifiedBy,getdate(),@intRowStatus_Active,@intParamId,NULL)
--INSERT INTO [ElementsCPSDB].[dbo].[QueryParameterValue]([Name],[CreatedBy],[CreatedOn],[ModifiedBy],[ModifiedOn],[RowStatusId],[QueryParameterId],[Description])VALUES('desktop',@strDefaultValue_CreatedBy, getdate(), @strDefaultValue_ModifiedBy,getdate(),@intRowStatus_Active,@intParamId,NULL)
--INSERT INTO [ElementsCPSDB].[dbo].[QueryParameterValue]([Name],[CreatedBy],[CreatedOn],[ModifiedBy],[ModifiedOn],[RowStatusId],[QueryParameterId],[Description])VALUES('hp',@strDefaultValue_CreatedBy, getdate(), @strDefaultValue_ModifiedBy,getdate(),@intRowStatus_Active,@intParamId,NULL)
--INSERT INTO [ElementsCPSDB].[dbo].[QueryParameterValue]([Name],[CreatedBy],[CreatedOn],[ModifiedBy],[ModifiedOn],[RowStatusId],[QueryParameterId],[Description])VALUES('pavilion',@strDefaultValue_CreatedBy, getdate(), @strDefaultValue_ModifiedBy,getdate(),@intRowStatus_Active,@intParamId,NULL)
--INSERT INTO [ElementsCPSDB].[dbo].[QueryParameterValue]([Name],[CreatedBy],[CreatedOn],[ModifiedBy],[ModifiedOn],[RowStatusId],[QueryParameterId],[Description])VALUES('pavlion',@strDefaultValue_CreatedBy, getdate(), @strDefaultValue_ModifiedBy,getdate(),@intRowStatus_Active,@intParamId,NULL)
--INSERT INTO [ElementsCPSDB].[dbo].[QueryParameterValue]([Name],[CreatedBy],[CreatedOn],[ModifiedBy],[ModifiedOn],[RowStatusId],[QueryParameterId],[Description])VALUES('presario',@strDefaultValue_CreatedBy, getdate(), @strDefaultValue_ModifiedBy,getdate(),@intRowStatus_Active,@intParamId,NULL)
--INSERT INTO [ElementsCPSDB].[dbo].[QueryParameterValue]([Name],[CreatedBy],[CreatedOn],[ModifiedBy],[ModifiedOn],[RowStatusId],[QueryParameterId],[Description])VALUES('smb',@strDefaultValue_CreatedBy, getdate(), @strDefaultValue_ModifiedBy,getdate(),@intRowStatus_Active,@intParamId,NULL)

--SELECT @intParamId = Id FROM [dbo].[QueryParameter] WHERE name = 'Cycle'
--INSERT INTO [ElementsCPSDB].[dbo].[QueryParameterValue]([Name],[CreatedBy],[CreatedOn],[ModifiedBy],[ModifiedOn],[RowStatusId],[QueryParameterId],[Description])VALUES('*',@strDefaultValue_CreatedBy, getdate(), @strDefaultValue_ModifiedBy,getdate(),@intRowStatus_Active,@intParamId,NULL)
--INSERT INTO [ElementsCPSDB].[dbo].[QueryParameterValue]([Name],[CreatedBy],[CreatedOn],[ModifiedBy],[ModifiedOn],[RowStatusId],[QueryParameterId],[Description])VALUES('53',@strDefaultValue_CreatedBy, getdate(), @strDefaultValue_ModifiedBy,getdate(),@intRowStatus_Active,@intParamId,NULL)
--INSERT INTO [ElementsCPSDB].[dbo].[QueryParameterValue]([Name],[CreatedBy],[CreatedOn],[ModifiedBy],[ModifiedOn],[RowStatusId],[QueryParameterId],[Description])VALUES('63',@strDefaultValue_CreatedBy, getdate(), @strDefaultValue_ModifiedBy,getdate(),@intRowStatus_Active,@intParamId,NULL)
--INSERT INTO [ElementsCPSDB].[dbo].[QueryParameterValue]([Name],[CreatedBy],[CreatedOn],[ModifiedBy],[ModifiedOn],[RowStatusId],[QueryParameterId],[Description])VALUES('64',@strDefaultValue_CreatedBy, getdate(), @strDefaultValue_ModifiedBy,getdate(),@intRowStatus_Active,@intParamId,NULL)
--INSERT INTO [ElementsCPSDB].[dbo].[QueryParameterValue]([Name],[CreatedBy],[CreatedOn],[ModifiedBy],[ModifiedOn],[RowStatusId],[QueryParameterId],[Description])VALUES('71',@strDefaultValue_CreatedBy, getdate(), @strDefaultValue_ModifiedBy,getdate(),@intRowStatus_Active,@intParamId,NULL)
--INSERT INTO [ElementsCPSDB].[dbo].[QueryParameterValue]([Name],[CreatedBy],[CreatedOn],[ModifiedBy],[ModifiedOn],[RowStatusId],[QueryParameterId],[Description])VALUES('72',@strDefaultValue_CreatedBy, getdate(), @strDefaultValue_ModifiedBy,getdate(),@intRowStatus_Active,@intParamId,NULL)
--INSERT INTO [ElementsCPSDB].[dbo].[QueryParameterValue]([Name],[CreatedBy],[CreatedOn],[ModifiedBy],[ModifiedOn],[RowStatusId],[QueryParameterId],[Description])VALUES('73',@strDefaultValue_CreatedBy, getdate(), @strDefaultValue_ModifiedBy,getdate(),@intRowStatus_Active,@intParamId,NULL)
--INSERT INTO [ElementsCPSDB].[dbo].[QueryParameterValue]([Name],[CreatedBy],[CreatedOn],[ModifiedBy],[ModifiedOn],[RowStatusId],[QueryParameterId],[Description])VALUES('74',@strDefaultValue_CreatedBy, getdate(), @strDefaultValue_ModifiedBy,getdate(),@intRowStatus_Active,@intParamId,NULL)
--INSERT INTO [ElementsCPSDB].[dbo].[QueryParameterValue]([Name],[CreatedBy],[CreatedOn],[ModifiedBy],[ModifiedOn],[RowStatusId],[QueryParameterId],[Description])VALUES('81',@strDefaultValue_CreatedBy, getdate(), @strDefaultValue_ModifiedBy,getdate(),@intRowStatus_Active,@intParamId,NULL)
--INSERT INTO [ElementsCPSDB].[dbo].[QueryParameterValue]([Name],[CreatedBy],[CreatedOn],[ModifiedBy],[ModifiedOn],[RowStatusId],[QueryParameterId],[Description])VALUES('82',@strDefaultValue_CreatedBy, getdate(), @strDefaultValue_ModifiedBy,getdate(),@intRowStatus_Active,@intParamId,NULL)
--INSERT INTO [ElementsCPSDB].[dbo].[QueryParameterValue]([Name],[CreatedBy],[CreatedOn],[ModifiedBy],[ModifiedOn],[RowStatusId],[QueryParameterId],[Description])VALUES('83',@strDefaultValue_CreatedBy, getdate(), @strDefaultValue_ModifiedBy,getdate(),@intRowStatus_Active,@intParamId,NULL)
--INSERT INTO [ElementsCPSDB].[dbo].[QueryParameterValue]([Name],[CreatedBy],[CreatedOn],[ModifiedBy],[ModifiedOn],[RowStatusId],[QueryParameterId],[Description])VALUES('84',@strDefaultValue_CreatedBy, getdate(), @strDefaultValue_ModifiedBy,getdate(),@intRowStatus_Active,@intParamId,NULL)
--INSERT INTO [ElementsCPSDB].[dbo].[QueryParameterValue]([Name],[CreatedBy],[CreatedOn],[ModifiedBy],[ModifiedOn],[RowStatusId],[QueryParameterId],[Description])VALUES('91',@strDefaultValue_CreatedBy, getdate(), @strDefaultValue_ModifiedBy,getdate(),@intRowStatus_Active,@intParamId,NULL)    
--INSERT INTO [ElementsCPSDB].[dbo].[QueryParameterValue]([Name],[CreatedBy],[CreatedOn],[ModifiedBy],[ModifiedOn],[RowStatusId],[QueryParameterId],[Description])VALUES('92',@strDefaultValue_CreatedBy, getdate(), @strDefaultValue_ModifiedBy,getdate(),@intRowStatus_Active,@intParamId,NULL)
--INSERT INTO [ElementsCPSDB].[dbo].[QueryParameterValue]([Name],[CreatedBy],[CreatedOn],[ModifiedBy],[ModifiedOn],[RowStatusId],[QueryParameterId],[Description])VALUES('none',@strDefaultValue_CreatedBy, getdate(), @strDefaultValue_ModifiedBy,getdate(),@intRowStatus_Active,@intParamId,NULL)
--INSERT INTO [ElementsCPSDB].[dbo].[QueryParameterValue]([Name],[CreatedBy],[CreatedOn],[ModifiedBy],[ModifiedOn],[RowStatusId],[QueryParameterId],[Description])VALUES('pavilion',@strDefaultValue_CreatedBy, getdate(), @strDefaultValue_ModifiedBy,getdate(),@intRowStatus_Active,@intParamId,NULL)

--SELECT @intParamId = Id FROM [dbo].[QueryParameter] WHERE name = 'Platform'
--INSERT INTO [ElementsCPSDB].[dbo].[QueryParameterValue]([Name],[CreatedBy],[CreatedOn],[ModifiedBy],[ModifiedOn],[RowStatusId],[QueryParameterId],[Description])VALUES('*',@strDefaultValue_CreatedBy, getdate(), @strDefaultValue_ModifiedBy,getdate(),@intRowStatus_Active,@intParamId,NULL)
--INSERT INTO [ElementsCPSDB].[dbo].[QueryParameterValue]([Name],[CreatedBy],[CreatedOn],[ModifiedBy],[ModifiedOn],[RowStatusId],[QueryParameterId],[Description])VALUES('63',@strDefaultValue_CreatedBy, getdate(), @strDefaultValue_ModifiedBy,getdate(),@intRowStatus_Active,@intParamId,NULL)
--INSERT INTO [ElementsCPSDB].[dbo].[QueryParameterValue]([Name],[CreatedBy],[CreatedOn],[ModifiedBy],[ModifiedOn],[RowStatusId],[QueryParameterId],[Description])VALUES('D01',@strDefaultValue_CreatedBy, getdate(), @strDefaultValue_ModifiedBy,getdate(),@intRowStatus_Active,@intParamId,NULL)
--INSERT INTO [ElementsCPSDB].[dbo].[QueryParameterValue]([Name],[CreatedBy],[CreatedOn],[ModifiedBy],[ModifiedOn],[RowStatusId],[QueryParameterId],[Description])VALUES('D02',@strDefaultValue_CreatedBy, getdate(), @strDefaultValue_ModifiedBy,getdate(),@intRowStatus_Active,@intParamId,NULL)
--INSERT INTO [ElementsCPSDB].[dbo].[QueryParameterValue]([Name],[CreatedBy],[CreatedOn],[ModifiedBy],[ModifiedOn],[RowStatusId],[QueryParameterId],[Description])VALUES('D03',@strDefaultValue_CreatedBy, getdate(), @strDefaultValue_ModifiedBy,getdate(),@intRowStatus_Active,@intParamId,NULL)
--INSERT INTO [ElementsCPSDB].[dbo].[QueryParameterValue]([Name],[CreatedBy],[CreatedOn],[ModifiedBy],[ModifiedOn],[RowStatusId],[QueryParameterId],[Description])VALUES('D04',@strDefaultValue_CreatedBy, getdate(), @strDefaultValue_ModifiedBy,getdate(),@intRowStatus_Active,@intParamId,NULL)
--INSERT INTO [ElementsCPSDB].[dbo].[QueryParameterValue]([Name],[CreatedBy],[CreatedOn],[ModifiedBy],[ModifiedOn],[RowStatusId],[QueryParameterId],[Description])VALUES('D05',@strDefaultValue_CreatedBy, getdate(), @strDefaultValue_ModifiedBy,getdate(),@intRowStatus_Active,@intParamId,NULL)
--INSERT INTO [ElementsCPSDB].[dbo].[QueryParameterValue]([Name],[CreatedBy],[CreatedOn],[ModifiedBy],[ModifiedOn],[RowStatusId],[QueryParameterId],[Description])VALUES('D06',@strDefaultValue_CreatedBy, getdate(), @strDefaultValue_ModifiedBy,getdate(),@intRowStatus_Active,@intParamId,NULL)    
--INSERT INTO [ElementsCPSDB].[dbo].[QueryParameterValue]([Name],[CreatedBy],[CreatedOn],[ModifiedBy],[ModifiedOn],[RowStatusId],[QueryParameterId],[Description])VALUES('D07',@strDefaultValue_CreatedBy, getdate(), @strDefaultValue_ModifiedBy,getdate(),@intRowStatus_Active,@intParamId,NULL)
--INSERT INTO [ElementsCPSDB].[dbo].[QueryParameterValue]([Name],[CreatedBy],[CreatedOn],[ModifiedBy],[ModifiedOn],[RowStatusId],[QueryParameterId],[Description])VALUES('D08',@strDefaultValue_CreatedBy, getdate(), @strDefaultValue_ModifiedBy,getdate(),@intRowStatus_Active,@intParamId,NULL)
--INSERT INTO [ElementsCPSDB].[dbo].[QueryParameterValue]([Name],[CreatedBy],[CreatedOn],[ModifiedBy],[ModifiedOn],[RowStatusId],[QueryParameterId],[Description])VALUES('D09',@strDefaultValue_CreatedBy, getdate(), @strDefaultValue_ModifiedBy,getdate(),@intRowStatus_Active,@intParamId,NULL)
--INSERT INTO [ElementsCPSDB].[dbo].[QueryParameterValue]([Name],[CreatedBy],[CreatedOn],[ModifiedBy],[ModifiedOn],[RowStatusId],[QueryParameterId],[Description])VALUES('D10',@strDefaultValue_CreatedBy, getdate(), @strDefaultValue_ModifiedBy,getdate(),@intRowStatus_Active,@intParamId,NULL)
--INSERT INTO [ElementsCPSDB].[dbo].[QueryParameterValue]([Name],[CreatedBy],[CreatedOn],[ModifiedBy],[ModifiedOn],[RowStatusId],[QueryParameterId],[Description])VALUES('D11',@strDefaultValue_CreatedBy, getdate(), @strDefaultValue_ModifiedBy,getdate(),@intRowStatus_Active,@intParamId,NULL)
--INSERT INTO [ElementsCPSDB].[dbo].[QueryParameterValue]([Name],[CreatedBy],[CreatedOn],[ModifiedBy],[ModifiedOn],[RowStatusId],[QueryParameterId],[Description])VALUES('D12',@strDefaultValue_CreatedBy, getdate(), @strDefaultValue_ModifiedBy,getdate(),@intRowStatus_Active,@intParamId,NULL)

--SELECT @intParamId = Id FROM [dbo].[QueryParameter] WHERE name = 'Partner Category'
--INSERT INTO [ElementsCPSDB].[dbo].[QueryParameterValue]([Name],[CreatedBy],[CreatedOn],[ModifiedBy],[ModifiedOn],[RowStatusId],[QueryParameterId],[Description])VALUES('*',@strDefaultValue_CreatedBy, getdate(), @strDefaultValue_ModifiedBy,getdate(),@intRowStatus_Active,@intParamId,NULL)
--INSERT INTO [ElementsCPSDB].[dbo].[QueryParameterValue]([Name],[CreatedBy],[CreatedOn],[ModifiedBy],[ModifiedOn],[RowStatusId],[QueryParameterId],[Description])VALUES('acceller',@strDefaultValue_CreatedBy, getdate(), @strDefaultValue_ModifiedBy,getdate(),@intRowStatus_Active,@intParamId,NULL)
--INSERT INTO [ElementsCPSDB].[dbo].[QueryParameterValue]([Name],[CreatedBy],[CreatedOn],[ModifiedBy],[ModifiedOn],[RowStatusId],[QueryParameterId],[Description])VALUES('activitycenter',@strDefaultValue_CreatedBy, getdate(), @strDefaultValue_ModifiedBy,getdate(),@intRowStatus_Active,@intParamId,NULL)
--INSERT INTO [ElementsCPSDB].[dbo].[QueryParameterValue]([Name],[CreatedBy],[CreatedOn],[ModifiedBy],[ModifiedOn],[RowStatusId],[QueryParameterId],[Description])VALUES('adobe',@strDefaultValue_CreatedBy, getdate(), @strDefaultValue_ModifiedBy,getdate(),@intRowStatus_Active,@intParamId,NULL)
--INSERT INTO [ElementsCPSDB].[dbo].[QueryParameterValue]([Name],[CreatedBy],[CreatedOn],[ModifiedBy],[ModifiedOn],[RowStatusId],[QueryParameterId],[Description])VALUES('altavista',@strDefaultValue_CreatedBy, getdate(), @strDefaultValue_ModifiedBy,getdate(),@intRowStatus_Active,@intParamId,NULL)    
--INSERT INTO [ElementsCPSDB].[dbo].[QueryParameterValue]([Name],[CreatedBy],[CreatedOn],[ModifiedBy],[ModifiedOn],[RowStatusId],[QueryParameterId],[Description])VALUES('amazon',@strDefaultValue_CreatedBy, getdate(), @strDefaultValue_ModifiedBy,getdate(),@intRowStatus_Active,@intParamId,NULL)
--INSERT INTO [ElementsCPSDB].[dbo].[QueryParameterValue]([Name],[CreatedBy],[CreatedOn],[ModifiedBy],[ModifiedOn],[RowStatusId],[QueryParameterId],[Description])VALUES('aol',@strDefaultValue_CreatedBy, getdate(), @strDefaultValue_ModifiedBy,getdate(),@intRowStatus_Active,@intParamId,NULL)
--INSERT INTO [ElementsCPSDB].[dbo].[QueryParameterValue]([Name],[CreatedBy],[CreatedOn],[ModifiedBy],[ModifiedOn],[RowStatusId],[QueryParameterId],[Description])VALUES('aolportal',@strDefaultValue_CreatedBy, getdate(), @strDefaultValue_ModifiedBy,getdate(),@intRowStatus_Active,@intParamId,NULL)
--INSERT INTO [ElementsCPSDB].[dbo].[QueryParameterValue]([Name],[CreatedBy],[CreatedOn],[ModifiedBy],[ModifiedOn],[RowStatusId],[QueryParameterId],[Description])VALUES('aolsearch',@strDefaultValue_CreatedBy, getdate(), @strDefaultValue_ModifiedBy,getdate(),@intRowStatus_Active,@intParamId,NULL)
--INSERT INTO [ElementsCPSDB].[dbo].[QueryParameterValue]([Name],[CreatedBy],[CreatedOn],[ModifiedBy],[ModifiedOn],[RowStatusId],[QueryParameterId],[Description])VALUES('askjeeves',@strDefaultValue_CreatedBy, getdate(), @strDefaultValue_ModifiedBy,getdate(),@intRowStatus_Active,@intParamId,NULL)
--INSERT INTO [ElementsCPSDB].[dbo].[QueryParameterValue]([Name],[CreatedBy],[CreatedOn],[ModifiedBy],[ModifiedOn],[RowStatusId],[QueryParameterId],[Description])VALUES('backup',@strDefaultValue_CreatedBy, getdate(), @strDefaultValue_ModifiedBy,getdate(),@intRowStatus_Active,@intParamId,NULL)
--INSERT INTO [ElementsCPSDB].[dbo].[QueryParameterValue]([Name],[CreatedBy],[CreatedOn],[ModifiedBy],[ModifiedOn],[RowStatusId],[QueryParameterId],[Description])VALUES('backweb_connection',@strDefaultValue_CreatedBy, getdate(), @strDefaultValue_ModifiedBy,getdate(),@intRowStatus_Active,@intParamId,NULL)
--INSERT INTO [ElementsCPSDB].[dbo].[QueryParameterValue]([Name],[CreatedBy],[CreatedOn],[ModifiedBy],[ModifiedOn],[RowStatusId],[QueryParameterId],[Description])VALUES('belkin',@strDefaultValue_CreatedBy, getdate(), @strDefaultValue_ModifiedBy,getdate(),@intRowStatus_Active,@intParamId,NULL)
--INSERT INTO [ElementsCPSDB].[dbo].[QueryParameterValue]([Name],[CreatedBy],[CreatedOn],[ModifiedBy],[ModifiedOn],[RowStatusId],[QueryParameterId],[Description])VALUES('bestbuy_geeksquad',@strDefaultValue_CreatedBy, getdate(), @strDefaultValue_ModifiedBy,getdate(),@intRowStatus_Active,@intParamId,NULL)
--INSERT INTO [ElementsCPSDB].[dbo].[QueryParameterValue]([Name],[CreatedBy],[CreatedOn],[ModifiedBy],[ModifiedOn],[RowStatusId],[QueryParameterId],[Description])VALUES('bigpond',@strDefaultValue_CreatedBy, getdate(), @strDefaultValue_ModifiedBy,getdate(),@intRowStatus_Active,@intParamId,NULL)    
--INSERT INTO [ElementsCPSDB].[dbo].[QueryParameterValue]([Name],[CreatedBy],[CreatedOn],[ModifiedBy],[ModifiedOn],[RowStatusId],[QueryParameterId],[Description])VALUES('bigpondgames',@strDefaultValue_CreatedBy, getdate(), @strDefaultValue_ModifiedBy,getdate(),@intRowStatus_Active,@intParamId,NULL)
--INSERT INTO [ElementsCPSDB].[dbo].[QueryParameterValue]([Name],[CreatedBy],[CreatedOn],[ModifiedBy],[ModifiedOn],[RowStatusId],[QueryParameterId],[Description])VALUES('bigpondmovies',@strDefaultValue_CreatedBy, getdate(), @strDefaultValue_ModifiedBy,getdate(),@intRowStatus_Active,@intParamId,NULL)
--INSERT INTO [ElementsCPSDB].[dbo].[QueryParameterValue]([Name],[CreatedBy],[CreatedOn],[ModifiedBy],[ModifiedOn],[RowStatusId],[QueryParameterId],[Description])VALUES('bigpondmusic',@strDefaultValue_CreatedBy, getdate(), @strDefaultValue_ModifiedBy,getdate(),@intRowStatus_Active,@intParamId,NULL)
--INSERT INTO [ElementsCPSDB].[dbo].[QueryParameterValue]([Name],[CreatedBy],[CreatedOn],[ModifiedBy],[ModifiedOn],[RowStatusId],[QueryParameterId],[Description])VALUES('boonty',@strDefaultValue_CreatedBy, getdate(), @strDefaultValue_ModifiedBy,getdate(),@intRowStatus_Active,@intParamId,NULL)
--INSERT INTO [ElementsCPSDB].[dbo].[QueryParameterValue]([Name],[CreatedBy],[CreatedOn],[ModifiedBy],[ModifiedOn],[RowStatusId],[QueryParameterId],[Description])VALUES('bpgames',@strDefaultValue_CreatedBy, getdate(), @strDefaultValue_ModifiedBy,getdate(),@intRowStatus_Active,@intParamId,NULL)
--INSERT INTO [ElementsCPSDB].[dbo].[QueryParameterValue]([Name],[CreatedBy],[CreatedOn],[ModifiedBy],[ModifiedOn],[RowStatusId],[QueryParameterId],[Description])VALUES('bpmovies',@strDefaultValue_CreatedBy, getdate(), @strDefaultValue_ModifiedBy,getdate(),@intRowStatus_Active,@intParamId,NULL)
--INSERT INTO [ElementsCPSDB].[dbo].[QueryParameterValue]([Name],[CreatedBy],[CreatedOn],[ModifiedBy],[ModifiedOn],[RowStatusId],[QueryParameterId],[Description])VALUES('browsebatterycheck',@strDefaultValue_CreatedBy, getdate(), @strDefaultValue_ModifiedBy,getdate(),@intRowStatus_Active,@intParamId,NULL)
--INSERT INTO [ElementsCPSDB].[dbo].[QueryParameterValue]([Name],[CreatedBy],[CreatedOn],[ModifiedBy],[ModifiedOn],[RowStatusId],[QueryParameterId],[Description])VALUES('browsebuybattery',@strDefaultValue_CreatedBy, getdate(), @strDefaultValue_ModifiedBy,getdate(),@intRowStatus_Active,@intParamId,NULL)
--INSERT INTO [ElementsCPSDB].[dbo].[QueryParameterValue]([Name],[CreatedBy],[CreatedOn],[ModifiedBy],[ModifiedOn],[RowStatusId],[QueryParameterId],[Description])VALUES('browsebuycdmedia',@strDefaultValue_CreatedBy, getdate(), @strDefaultValue_ModifiedBy,getdate(),@intRowStatus_Active,@intParamId,NULL)
--INSERT INTO [ElementsCPSDB].[dbo].[QueryParameterValue]([Name],[CreatedBy],[CreatedOn],[ModifiedBy],[ModifiedOn],[RowStatusId],[QueryParameterId],[Description])VALUES('browsebuystorage',@strDefaultValue_CreatedBy, getdate(), @strDefaultValue_ModifiedBy,getdate(),@intRowStatus_Active,@intParamId,NULL)    
--INSERT INTO [ElementsCPSDB].[dbo].[QueryParameterValue]([Name],[CreatedBy],[CreatedOn],[ModifiedBy],[ModifiedOn],[RowStatusId],[QueryParameterId],[Description])VALUES('browsediscoveresp',@strDefaultValue_CreatedBy, getdate(), @strDefaultValue_ModifiedBy,getdate(),@intRowStatus_Active,@intParamId,NULL)
--INSERT INTO [ElementsCPSDB].[dbo].[QueryParameterValue]([Name],[CreatedBy],[CreatedOn],[ModifiedBy],[ModifiedOn],[RowStatusId],[QueryParameterId],[Description])VALUES('browsehphandheld',@strDefaultValue_CreatedBy, getdate(), @strDefaultValue_ModifiedBy,getdate(),@intRowStatus_Active,@intParamId,NULL)
--INSERT INTO [ElementsCPSDB].[dbo].[QueryParameterValue]([Name],[CreatedBy],[CreatedOn],[ModifiedBy],[ModifiedOn],[RowStatusId],[QueryParameterId],[Description])VALUES('browsehpplanetpartners',@strDefaultValue_CreatedBy, getdate(), @strDefaultValue_ModifiedBy,getdate(),@intRowStatus_Active,@intParamId,NULL)
--INSERT INTO [ElementsCPSDB].[dbo].[QueryParameterValue]([Name],[CreatedBy],[CreatedOn],[ModifiedBy],[ModifiedOn],[RowStatusId],[QueryParameterId],[Description])VALUES('browsehpsupplies',@strDefaultValue_CreatedBy, getdate(), @strDefaultValue_ModifiedBy,getdate(),@intRowStatus_Active,@intParamId,NULL)
--INSERT INTO [ElementsCPSDB].[dbo].[QueryParameterValue]([Name],[CreatedBy],[CreatedOn],[ModifiedBy],[ModifiedOn],[RowStatusId],[QueryParameterId],[Description])VALUES('browsehpwireless',@strDefaultValue_CreatedBy, getdate(), @strDefaultValue_ModifiedBy,getdate(),@intRowStatus_Active,@intParamId,NULL)
--INSERT INTO [ElementsCPSDB].[dbo].[QueryParameterValue]([Name],[CreatedBy],[CreatedOn],[ModifiedBy],[ModifiedOn],[RowStatusId],[QueryParameterId],[Description])VALUES('browseinstallhealthcheck',@strDefaultValue_CreatedBy, getdate(), @strDefaultValue_ModifiedBy,getdate(),@intRowStatus_Active,@intParamId,NULL)
--INSERT INTO [ElementsCPSDB].[dbo].[QueryParameterValue]([Name],[CreatedBy],[CreatedOn],[ModifiedBy],[ModifiedOn],[RowStatusId],[QueryParameterId],[Description])VALUES('browsemanualcheck',@strDefaultValue_CreatedBy, getdate(), @strDefaultValue_ModifiedBy,getdate(),@intRowStatus_Active,@intParamId,NULL)
--INSERT INTO [ElementsCPSDB].[dbo].[QueryParameterValue]([Name],[CreatedBy],[CreatedOn],[ModifiedBy],[ModifiedOn],[RowStatusId],[QueryParameterId],[Description])VALUES('browseregisteresp',@strDefaultValue_CreatedBy, getdate(), @strDefaultValue_ModifiedBy,getdate(),@intRowStatus_Active,@intParamId,NULL)
--INSERT INTO [ElementsCPSDB].[dbo].[QueryParameterValue]([Name],[CreatedBy],[CreatedOn],[ModifiedBy],[ModifiedOn],[RowStatusId],[QueryParameterId],[Description])VALUES('browsesysmanteclearnmore',@strDefaultValue_CreatedBy, getdate(), @strDefaultValue_ModifiedBy,getdate(),@intRowStatus_Active,@intParamId,NULL)
--INSERT INTO [ElementsCPSDB].[dbo].[QueryParameterValue]([Name],[CreatedBy],[CreatedOn],[ModifiedBy],[ModifiedOn],[RowStatusId],[QueryParameterId],[Description])VALUES('browsetotalcare',@strDefaultValue_CreatedBy, getdate(), @strDefaultValue_ModifiedBy,getdate(),@intRowStatus_Active,@intParamId,NULL)    
--INSERT INTO [ElementsCPSDB].[dbo].[QueryParameterValue]([Name],[CreatedBy],[CreatedOn],[ModifiedBy],[ModifiedOn],[RowStatusId],[QueryParameterId],[Description])VALUES('browsewarrantyinformationdisagree',@strDefaultValue_CreatedBy, getdate(), @strDefaultValue_ModifiedBy,getdate(),@intRowStatus_Active,@intParamId,NULL)
--INSERT INTO [ElementsCPSDB].[dbo].[QueryParameterValue]([Name],[CreatedBy],[CreatedOn],[ModifiedBy],[ModifiedOn],[RowStatusId],[QueryParameterId],[Description])VALUES('browsewarrantyoverview',@strDefaultValue_CreatedBy, getdate(), @strDefaultValue_ModifiedBy,getdate(),@intRowStatus_Active,@intParamId,NULL)
--INSERT INTO [ElementsCPSDB].[dbo].[QueryParameterValue]([Name],[CreatedBy],[CreatedOn],[ModifiedBy],[ModifiedOn],[RowStatusId],[QueryParameterId],[Description])VALUES('cee_privacyurl',@strDefaultValue_CreatedBy, getdate(), @strDefaultValue_ModifiedBy,getdate(),@intRowStatus_Active,@intParamId,NULL)
--INSERT INTO [ElementsCPSDB].[dbo].[QueryParameterValue]([Name],[CreatedBy],[CreatedOn],[ModifiedBy],[ModifiedOn],[RowStatusId],[QueryParameterId],[Description])VALUES('cinemanow',@strDefaultValue_CreatedBy, getdate(), @strDefaultValue_ModifiedBy,getdate(),@intRowStatus_Active,@intParamId,NULL)
--INSERT INTO [ElementsCPSDB].[dbo].[QueryParameterValue]([Name],[CreatedBy],[CreatedOn],[ModifiedBy],[ModifiedOn],[RowStatusId],[QueryParameterId],[Description])VALUES('cip',@strDefaultValue_CreatedBy, getdate(), @strDefaultValue_ModifiedBy,getdate(),@intRowStatus_Active,@intParamId,NULL)
--INSERT INTO [ElementsCPSDB].[dbo].[QueryParameterValue]([Name],[CreatedBy],[CreatedOn],[ModifiedBy],[ModifiedOn],[RowStatusId],[QueryParameterId],[Description])VALUES('compaq',@strDefaultValue_CreatedBy, getdate(), @strDefaultValue_ModifiedBy,getdate(),@intRowStatus_Active,@intParamId,NULL)
--INSERT INTO [ElementsCPSDB].[dbo].[QueryParameterValue]([Name],[CreatedBy],[CreatedOn],[ModifiedBy],[ModifiedOn],[RowStatusId],[QueryParameterId],[Description])VALUES('compaq_logo',@strDefaultValue_CreatedBy, getdate(), @strDefaultValue_ModifiedBy,getdate(),@intRowStatus_Active,@intParamId,NULL)
--INSERT INTO [ElementsCPSDB].[dbo].[QueryParameterValue]([Name],[CreatedBy],[CreatedOn],[ModifiedBy],[ModifiedOn],[RowStatusId],[QueryParameterId],[Description])VALUES('contacthp',@strDefaultValue_CreatedBy, getdate(), @strDefaultValue_ModifiedBy,getdate(),@intRowStatus_Active,@intParamId,NULL)
--INSERT INTO [ElementsCPSDB].[dbo].[QueryParameterValue]([Name],[CreatedBy],[CreatedOn],[ModifiedBy],[ModifiedOn],[RowStatusId],[QueryParameterId],[Description])VALUES('corel',@strDefaultValue_CreatedBy, getdate(), @strDefaultValue_ModifiedBy,getdate(),@intRowStatus_Active,@intParamId,NULL)
--INSERT INTO [ElementsCPSDB].[dbo].[QueryParameterValue]([Name],[CreatedBy],[CreatedOn],[ModifiedBy],[ModifiedOn],[RowStatusId],[QueryParameterId],[Description])VALUES('cq_corner',@strDefaultValue_CreatedBy, getdate(), @strDefaultValue_ModifiedBy,getdate(),@intRowStatus_Active,@intParamId,NULL)    
--INSERT INTO [ElementsCPSDB].[dbo].[QueryParameterValue]([Name],[CreatedBy],[CreatedOn],[ModifiedBy],[ModifiedOn],[RowStatusId],[QueryParameterId],[Description])VALUES('cq_corner_entertainment',@strDefaultValue_CreatedBy, getdate(), @strDefaultValue_ModifiedBy,getdate(),@intRowStatus_Active,@intParamId,NULL)
--INSERT INTO [ElementsCPSDB].[dbo].[QueryParameterValue]([Name],[CreatedBy],[CreatedOn],[ModifiedBy],[ModifiedOn],[RowStatusId],[QueryParameterId],[Description])VALUES('cq_corner_partneroffer',@strDefaultValue_CreatedBy, getdate(), @strDefaultValue_ModifiedBy,getdate(),@intRowStatus_Active,@intParamId,NULL)
--INSERT INTO [ElementsCPSDB].[dbo].[QueryParameterValue]([Name],[CreatedBy],[CreatedOn],[ModifiedBy],[ModifiedOn],[RowStatusId],[QueryParameterId],[Description])VALUES('cq_deal',@strDefaultValue_CreatedBy, getdate(), @strDefaultValue_ModifiedBy,getdate(),@intRowStatus_Active,@intParamId,NULL)
--INSERT INTO [ElementsCPSDB].[dbo].[QueryParameterValue]([Name],[CreatedBy],[CreatedOn],[ModifiedBy],[ModifiedOn],[RowStatusId],[QueryParameterId],[Description])VALUES('createandprint',@strDefaultValue_CreatedBy, getdate(), @strDefaultValue_ModifiedBy,getdate(),@intRowStatus_Active,@intParamId,NULL)
--INSERT INTO [ElementsCPSDB].[dbo].[QueryParameterValue]([Name],[CreatedBy],[CreatedOn],[ModifiedBy],[ModifiedOn],[RowStatusId],[QueryParameterId],[Description])VALUES('creature_creator',@strDefaultValue_CreatedBy, getdate(), @strDefaultValue_ModifiedBy,getdate(),@intRowStatus_Active,@intParamId,NULL)
--INSERT INTO [ElementsCPSDB].[dbo].[QueryParameterValue]([Name],[CreatedBy],[CreatedOn],[ModifiedBy],[ModifiedOn],[RowStatusId],[QueryParameterId],[Description])VALUES('daum',@strDefaultValue_CreatedBy, getdate(), @strDefaultValue_ModifiedBy,getdate(),@intRowStatus_Active,@intParamId,NULL)
--INSERT INTO [ElementsCPSDB].[dbo].[QueryParameterValue]([Name],[CreatedBy],[CreatedOn],[ModifiedBy],[ModifiedOn],[RowStatusId],[QueryParameterId],[Description])VALUES('digitalentm',@strDefaultValue_CreatedBy, getdate(), @strDefaultValue_ModifiedBy,getdate(),@intRowStatus_Active,@intParamId,NULL)
--INSERT INTO [ElementsCPSDB].[dbo].[QueryParameterValue]([Name],[CreatedBy],[CreatedOn],[ModifiedBy],[ModifiedOn],[RowStatusId],[QueryParameterId],[Description])VALUES('digiterra',@strDefaultValue_CreatedBy, getdate(), @strDefaultValue_ModifiedBy,getdate(),@intRowStatus_Active,@intParamId,NULL)
--INSERT INTO [ElementsCPSDB].[dbo].[QueryParameterValue]([Name],[CreatedBy],[CreatedOn],[ModifiedBy],[ModifiedOn],[RowStatusId],[QueryParameterId],[Description])VALUES('downloads',@strDefaultValue_CreatedBy, getdate(), @strDefaultValue_ModifiedBy,getdate(),@intRowStatus_Active,@intParamId,NULL)
--INSERT INTO [ElementsCPSDB].[dbo].[QueryParameterValue]([Name],[CreatedBy],[CreatedOn],[ModifiedBy],[ModifiedOn],[RowStatusId],[QueryParameterId],[Description])VALUES('dragdropspot',@strDefaultValue_CreatedBy, getdate(), @strDefaultValue_ModifiedBy,getdate(),@intRowStatus_Active,@intParamId,NULL)    
--INSERT INTO [ElementsCPSDB].[dbo].[QueryParameterValue]([Name],[CreatedBy],[CreatedOn],[ModifiedBy],[ModifiedOn],[RowStatusId],[QueryParameterId],[Description])VALUES('easyprintercare',@strDefaultValue_CreatedBy, getdate(), @strDefaultValue_ModifiedBy,getdate(),@intRowStatus_Active,@intParamId,NULL)
--INSERT INTO [ElementsCPSDB].[dbo].[QueryParameterValue]([Name],[CreatedBy],[CreatedOn],[ModifiedBy],[ModifiedOn],[RowStatusId],[QueryParameterId],[Description])VALUES('ebay',@strDefaultValue_CreatedBy, getdate(), @strDefaultValue_ModifiedBy,getdate(),@intRowStatus_Active,@intParamId,NULL)
--INSERT INTO [ElementsCPSDB].[dbo].[QueryParameterValue]([Name],[CreatedBy],[CreatedOn],[ModifiedBy],[ModifiedOn],[RowStatusId],[QueryParameterId],[Description])VALUES('ebaysku',@strDefaultValue_CreatedBy, getdate(), @strDefaultValue_ModifiedBy,getdate(),@intRowStatus_Active,@intParamId,NULL)
--INSERT INTO [ElementsCPSDB].[dbo].[QueryParameterValue]([Name],[CreatedBy],[CreatedOn],[ModifiedBy],[ModifiedOn],[RowStatusId],[QueryParameterId],[Description])VALUES('elong',@strDefaultValue_CreatedBy, getdate(), @strDefaultValue_ModifiedBy,getdate(),@intRowStatus_Active,@intParamId,NULL)
--INSERT INTO [ElementsCPSDB].[dbo].[QueryParameterValue]([Name],[CreatedBy],[CreatedOn],[ModifiedBy],[ModifiedOn],[RowStatusId],[QueryParameterId],[Description])VALUES('emusic',@strDefaultValue_CreatedBy, getdate(), @strDefaultValue_ModifiedBy,getdate(),@intRowStatus_Active,@intParamId,NULL)
--INSERT INTO [ElementsCPSDB].[dbo].[QueryParameterValue]([Name],[CreatedBy],[CreatedOn],[ModifiedBy],[ModifiedOn],[RowStatusId],[QueryParameterId],[Description])VALUES('ephoto',@strDefaultValue_CreatedBy, getdate(), @strDefaultValue_ModifiedBy,getdate(),@intRowStatus_Active,@intParamId,NULL)
--INSERT INTO [ElementsCPSDB].[dbo].[QueryParameterValue]([Name],[CreatedBy],[CreatedOn],[ModifiedBy],[ModifiedOn],[RowStatusId],[QueryParameterId],[Description])VALUES('esp',@strDefaultValue_CreatedBy, getdate(), @strDefaultValue_ModifiedBy,getdate(),@intRowStatus_Active,@intParamId,NULL)
--INSERT INTO [ElementsCPSDB].[dbo].[QueryParameterValue]([Name],[CreatedBy],[CreatedOn],[ModifiedBy],[ModifiedOn],[RowStatusId],[QueryParameterId],[Description])VALUES('findwhat',@strDefaultValue_CreatedBy, getdate(), @strDefaultValue_ModifiedBy,getdate(),@intRowStatus_Active,@intParamId,NULL)
--INSERT INTO [ElementsCPSDB].[dbo].[QueryParameterValue]([Name],[CreatedBy],[CreatedOn],[ModifiedBy],[ModifiedOn],[RowStatusId],[QueryParameterId],[Description])VALUES('google',@strDefaultValue_CreatedBy, getdate(), @strDefaultValue_ModifiedBy,getdate(),@intRowStatus_Active,@intParamId,NULL)
--INSERT INTO [ElementsCPSDB].[dbo].[QueryParameterValue]([Name],[CreatedBy],[CreatedOn],[ModifiedBy],[ModifiedOn],[RowStatusId],[QueryParameterId],[Description])VALUES('hho',@strDefaultValue_CreatedBy, getdate(), @strDefaultValue_ModifiedBy,getdate(),@intRowStatus_Active,@intParamId,NULL)    
--INSERT INTO [ElementsCPSDB].[dbo].[QueryParameterValue]([Name],[CreatedBy],[CreatedOn],[ModifiedBy],[ModifiedOn],[RowStatusId],[QueryParameterId],[Description])VALUES('homenetworking',@strDefaultValue_CreatedBy, getdate(), @strDefaultValue_ModifiedBy,getdate(),@intRowStatus_Active,@intParamId,NULL)
--INSERT INTO [ElementsCPSDB].[dbo].[QueryParameterValue]([Name],[CreatedBy],[CreatedOn],[ModifiedBy],[ModifiedOn],[RowStatusId],[QueryParameterId],[Description])VALUES('hp',@strDefaultValue_CreatedBy, getdate(), @strDefaultValue_ModifiedBy,getdate(),@intRowStatus_Active,@intParamId,NULL)
--INSERT INTO [ElementsCPSDB].[dbo].[QueryParameterValue]([Name],[CreatedBy],[CreatedOn],[ModifiedBy],[ModifiedOn],[RowStatusId],[QueryParameterId],[Description])VALUES('hp_backupandrecovery',@strDefaultValue_CreatedBy, getdate(), @strDefaultValue_ModifiedBy,getdate(),@intRowStatus_Active,@intParamId,NULL)
--INSERT INTO [ElementsCPSDB].[dbo].[QueryParameterValue]([Name],[CreatedBy],[CreatedOn],[ModifiedBy],[ModifiedOn],[RowStatusId],[QueryParameterId],[Description])VALUES('hp_battery',@strDefaultValue_CreatedBy, getdate(), @strDefaultValue_ModifiedBy,getdate(),@intRowStatus_Active,@intParamId,NULL)
--INSERT INTO [ElementsCPSDB].[dbo].[QueryParameterValue]([Name],[CreatedBy],[CreatedOn],[ModifiedBy],[ModifiedOn],[RowStatusId],[QueryParameterId],[Description])VALUES('hp_camera',@strDefaultValue_CreatedBy, getdate(), @strDefaultValue_ModifiedBy,getdate(),@intRowStatus_Active,@intParamId,NULL)
--INSERT INTO [ElementsCPSDB].[dbo].[QueryParameterValue]([Name],[CreatedBy],[CreatedOn],[ModifiedBy],[ModifiedOn],[RowStatusId],[QueryParameterId],[Description])VALUES('hp_contact',@strDefaultValue_CreatedBy, getdate(), @strDefaultValue_ModifiedBy,getdate(),@intRowStatus_Active,@intParamId,NULL)
--INSERT INTO [ElementsCPSDB].[dbo].[QueryParameterValue]([Name],[CreatedBy],[CreatedOn],[ModifiedBy],[ModifiedOn],[RowStatusId],[QueryParameterId],[Description])VALUES('hp_customercare',@strDefaultValue_CreatedBy, getdate(), @strDefaultValue_ModifiedBy,getdate(),@intRowStatus_Active,@intParamId,NULL)
--INSERT INTO [ElementsCPSDB].[dbo].[QueryParameterValue]([Name],[CreatedBy],[CreatedOn],[ModifiedBy],[ModifiedOn],[RowStatusId],[QueryParameterId],[Description])VALUES('hp_deal',@strDefaultValue_CreatedBy, getdate(), @strDefaultValue_ModifiedBy,getdate(),@intRowStatus_Active,@intParamId,NULL)
--INSERT INTO [ElementsCPSDB].[dbo].[QueryParameterValue]([Name],[CreatedBy],[CreatedOn],[ModifiedBy],[ModifiedOn],[RowStatusId],[QueryParameterId],[Description])VALUES('hp_desktop',@strDefaultValue_CreatedBy, getdate(), @strDefaultValue_ModifiedBy,getdate(),@intRowStatus_Active,@intParamId,NULL)
--INSERT INTO [ElementsCPSDB].[dbo].[QueryParameterValue]([Name],[CreatedBy],[CreatedOn],[ModifiedBy],[ModifiedOn],[RowStatusId],[QueryParameterId],[Description])VALUES('hp_easypcare',@strDefaultValue_CreatedBy, getdate(), @strDefaultValue_ModifiedBy,getdate(),@intRowStatus_Active,@intParamId,NULL)    
--INSERT INTO [ElementsCPSDB].[dbo].[QueryParameterValue]([Name],[CreatedBy],[CreatedOn],[ModifiedBy],[ModifiedOn],[RowStatusId],[QueryParameterId],[Description])VALUES('hp_ecommunication',@strDefaultValue_CreatedBy, getdate(), @strDefaultValue_ModifiedBy,getdate(),@intRowStatus_Active,@intParamId,NULL)
--INSERT INTO [ElementsCPSDB].[dbo].[QueryParameterValue]([Name],[CreatedBy],[CreatedOn],[ModifiedBy],[ModifiedOn],[RowStatusId],[QueryParameterId],[Description])VALUES('hp_email',@strDefaultValue_CreatedBy, getdate(), @strDefaultValue_ModifiedBy,getdate(),@intRowStatus_Active,@intParamId,NULL)
--INSERT INTO [ElementsCPSDB].[dbo].[QueryParameterValue]([Name],[CreatedBy],[CreatedOn],[ModifiedBy],[ModifiedOn],[RowStatusId],[QueryParameterId],[Description])VALUES('hp_entertainment',@strDefaultValue_CreatedBy, getdate(), @strDefaultValue_ModifiedBy,getdate(),@intRowStatus_Active,@intParamId,NULL)
--INSERT INTO [ElementsCPSDB].[dbo].[QueryParameterValue]([Name],[CreatedBy],[CreatedOn],[ModifiedBy],[ModifiedOn],[RowStatusId],[QueryParameterId],[Description])VALUES('hp_extendedsp',@strDefaultValue_CreatedBy, getdate(), @strDefaultValue_ModifiedBy,getdate(),@intRowStatus_Active,@intParamId,NULL)
--INSERT INTO [ElementsCPSDB].[dbo].[QueryParameterValue]([Name],[CreatedBy],[CreatedOn],[ModifiedBy],[ModifiedOn],[RowStatusId],[QueryParameterId],[Description])VALUES('hp_handhelds',@strDefaultValue_CreatedBy, getdate(), @strDefaultValue_ModifiedBy,getdate(),@intRowStatus_Active,@intParamId,NULL)
--INSERT INTO [ElementsCPSDB].[dbo].[QueryParameterValue]([Name],[CreatedBy],[CreatedOn],[ModifiedBy],[ModifiedOn],[RowStatusId],[QueryParameterId],[Description])VALUES('hp_healthck',@strDefaultValue_CreatedBy, getdate(), @strDefaultValue_ModifiedBy,getdate(),@intRowStatus_Active,@intParamId,NULL)
--INSERT INTO [ElementsCPSDB].[dbo].[QueryParameterValue]([Name],[CreatedBy],[CreatedOn],[ModifiedBy],[ModifiedOn],[RowStatusId],[QueryParameterId],[Description])VALUES('hp_itrc',@strDefaultValue_CreatedBy, getdate(), @strDefaultValue_ModifiedBy,getdate(),@intRowStatus_Active,@intParamId,NULL)
--INSERT INTO [ElementsCPSDB].[dbo].[QueryParameterValue]([Name],[CreatedBy],[CreatedOn],[ModifiedBy],[ModifiedOn],[RowStatusId],[QueryParameterId],[Description])VALUES('hp_learningctr',@strDefaultValue_CreatedBy, getdate(), @strDefaultValue_ModifiedBy,getdate(),@intRowStatus_Active,@intParamId,NULL)
--INSERT INTO [ElementsCPSDB].[dbo].[QueryParameterValue]([Name],[CreatedBy],[CreatedOn],[ModifiedBy],[ModifiedOn],[RowStatusId],[QueryParameterId],[Description])VALUES('hp_logo',@strDefaultValue_CreatedBy, getdate(), @strDefaultValue_ModifiedBy,getdate(),@intRowStatus_Active,@intParamId,NULL)
--INSERT INTO [ElementsCPSDB].[dbo].[QueryParameterValue]([Name],[CreatedBy],[CreatedOn],[ModifiedBy],[ModifiedOn],[RowStatusId],[QueryParameterId],[Description])VALUES('hp_lookuptool',@strDefaultValue_CreatedBy, getdate(), @strDefaultValue_ModifiedBy,getdate(),@intRowStatus_Active,@intParamId,NULL)    
--INSERT INTO [ElementsCPSDB].[dbo].[QueryParameterValue]([Name],[CreatedBy],[CreatedOn],[ModifiedBy],[ModifiedOn],[RowStatusId],[QueryParameterId],[Description])VALUES('hp_managedhome',@strDefaultValue_CreatedBy, getdate(), @strDefaultValue_ModifiedBy,getdate(),@intRowStatus_Active,@intParamId,NULL)
--INSERT INTO [ElementsCPSDB].[dbo].[QueryParameterValue]([Name],[CreatedBy],[CreatedOn],[ModifiedBy],[ModifiedOn],[RowStatusId],[QueryParameterId],[Description])VALUES('hp_media',@strDefaultValue_CreatedBy, getdate(), @strDefaultValue_ModifiedBy,getdate(),@intRowStatus_Active,@intParamId,NULL)
--INSERT INTO [ElementsCPSDB].[dbo].[QueryParameterValue]([Name],[CreatedBy],[CreatedOn],[ModifiedBy],[ModifiedOn],[RowStatusId],[QueryParameterId],[Description])VALUES('hp_notebook',@strDefaultValue_CreatedBy, getdate(), @strDefaultValue_ModifiedBy,getdate(),@intRowStatus_Active,@intParamId,NULL)
--INSERT INTO [ElementsCPSDB].[dbo].[QueryParameterValue]([Name],[CreatedBy],[CreatedOn],[ModifiedBy],[ModifiedOn],[RowStatusId],[QueryParameterId],[Description])VALUES('hp_notebook_artist',@strDefaultValue_CreatedBy, getdate(), @strDefaultValue_ModifiedBy,getdate(),@intRowStatus_Active,@intParamId,NULL)
--INSERT INTO [ElementsCPSDB].[dbo].[QueryParameterValue]([Name],[CreatedBy],[CreatedOn],[ModifiedBy],[ModifiedOn],[RowStatusId],[QueryParameterId],[Description])VALUES('hp_onlineclass',@strDefaultValue_CreatedBy, getdate(), @strDefaultValue_ModifiedBy,getdate(),@intRowStatus_Active,@intParamId,NULL)
--INSERT INTO [ElementsCPSDB].[dbo].[QueryParameterValue]([Name],[CreatedBy],[CreatedOn],[ModifiedBy],[ModifiedOn],[RowStatusId],[QueryParameterId],[Description])VALUES('hp_pctuneup',@strDefaultValue_CreatedBy, getdate(), @strDefaultValue_ModifiedBy,getdate(),@intRowStatus_Active,@intParamId,NULL)
--INSERT INTO [ElementsCPSDB].[dbo].[QueryParameterValue]([Name],[CreatedBy],[CreatedOn],[ModifiedBy],[ModifiedOn],[RowStatusId],[QueryParameterId],[Description])VALUES('hp_personalagain',@strDefaultValue_CreatedBy, getdate(), @strDefaultValue_ModifiedBy,getdate(),@intRowStatus_Active,@intParamId,NULL)
--INSERT INTO [ElementsCPSDB].[dbo].[QueryParameterValue]([Name],[CreatedBy],[CreatedOn],[ModifiedBy],[ModifiedOn],[RowStatusId],[QueryParameterId],[Description])VALUES('hp_planetpp',@strDefaultValue_CreatedBy, getdate(), @strDefaultValue_ModifiedBy,getdate(),@intRowStatus_Active,@intParamId,NULL)
--INSERT INTO [ElementsCPSDB].[dbo].[QueryParameterValue]([Name],[CreatedBy],[CreatedOn],[ModifiedBy],[ModifiedOn],[RowStatusId],[QueryParameterId],[Description])VALUES('hp_printer',@strDefaultValue_CreatedBy, getdate(), @strDefaultValue_ModifiedBy,getdate(),@intRowStatus_Active,@intParamId,NULL)
--INSERT INTO [ElementsCPSDB].[dbo].[QueryParameterValue]([Name],[CreatedBy],[CreatedOn],[ModifiedBy],[ModifiedOn],[RowStatusId],[QueryParameterId],[Description])VALUES('hp_promotion',@strDefaultValue_CreatedBy, getdate(), @strDefaultValue_ModifiedBy,getdate(),@intRowStatus_Active,@intParamId,NULL)    
--INSERT INTO [ElementsCPSDB].[dbo].[QueryParameterValue]([Name],[CreatedBy],[CreatedOn],[ModifiedBy],[ModifiedOn],[RowStatusId],[QueryParameterId],[Description])VALUES('hp_pvhotkey',@strDefaultValue_CreatedBy, getdate(), @strDefaultValue_ModifiedBy,getdate(),@intRowStatus_Active,@intParamId,NULL)
--INSERT INTO [ElementsCPSDB].[dbo].[QueryParameterValue]([Name],[CreatedBy],[CreatedOn],[ModifiedBy],[ModifiedOn],[RowStatusId],[QueryParameterId],[Description])VALUES('hp_realtimechat',@strDefaultValue_CreatedBy, getdate(), @strDefaultValue_ModifiedBy,getdate(),@intRowStatus_Active,@intParamId,NULL)
--INSERT INTO [ElementsCPSDB].[dbo].[QueryParameterValue]([Name],[CreatedBy],[CreatedOn],[ModifiedBy],[ModifiedOn],[RowStatusId],[QueryParameterId],[Description])VALUES('hp_registration',@strDefaultValue_CreatedBy, getdate(), @strDefaultValue_ModifiedBy,getdate(),@intRowStatus_Active,@intParamId,NULL)
--INSERT INTO [ElementsCPSDB].[dbo].[QueryParameterValue]([Name],[CreatedBy],[CreatedOn],[ModifiedBy],[ModifiedOn],[RowStatusId],[QueryParameterId],[Description])VALUES('hp_sdms',@strDefaultValue_CreatedBy, getdate(), @strDefaultValue_ModifiedBy,getdate(),@intRowStatus_Active,@intParamId,NULL)
--INSERT INTO [ElementsCPSDB].[dbo].[QueryParameterValue]([Name],[CreatedBy],[CreatedOn],[ModifiedBy],[ModifiedOn],[RowStatusId],[QueryParameterId],[Description])VALUES('hp_smartfriend',@strDefaultValue_CreatedBy, getdate(), @strDefaultValue_ModifiedBy,getdate(),@intRowStatus_Active,@intParamId,NULL)
--INSERT INTO [ElementsCPSDB].[dbo].[QueryParameterValue]([Name],[CreatedBy],[CreatedOn],[ModifiedBy],[ModifiedOn],[RowStatusId],[QueryParameterId],[Description])VALUES('hp_smb',@strDefaultValue_CreatedBy, getdate(), @strDefaultValue_ModifiedBy,getdate(),@intRowStatus_Active,@intParamId,NULL)
--INSERT INTO [ElementsCPSDB].[dbo].[QueryParameterValue]([Name],[CreatedBy],[CreatedOn],[ModifiedBy],[ModifiedOn],[RowStatusId],[QueryParameterId],[Description])VALUES('hp_soho',@strDefaultValue_CreatedBy, getdate(), @strDefaultValue_ModifiedBy,getdate(),@intRowStatus_Active,@intParamId,NULL)
--INSERT INTO [ElementsCPSDB].[dbo].[QueryParameterValue]([Name],[CreatedBy],[CreatedOn],[ModifiedBy],[ModifiedOn],[RowStatusId],[QueryParameterId],[Description])VALUES('hp_storage',@strDefaultValue_CreatedBy, getdate(), @strDefaultValue_ModifiedBy,getdate(),@intRowStatus_Active,@intParamId,NULL)
--INSERT INTO [ElementsCPSDB].[dbo].[QueryParameterValue]([Name],[CreatedBy],[CreatedOn],[ModifiedBy],[ModifiedOn],[RowStatusId],[QueryParameterId],[Description])VALUES('hp_successstories',@strDefaultValue_CreatedBy, getdate(), @strDefaultValue_ModifiedBy,getdate(),@intRowStatus_Active,@intParamId,NULL)
--INSERT INTO [ElementsCPSDB].[dbo].[QueryParameterValue]([Name],[CreatedBy],[CreatedOn],[ModifiedBy],[ModifiedOn],[RowStatusId],[QueryParameterId],[Description])VALUES('hp_supplies',@strDefaultValue_CreatedBy, getdate(), @strDefaultValue_ModifiedBy,getdate(),@intRowStatus_Active,@intParamId,NULL)    
--INSERT INTO [ElementsCPSDB].[dbo].[QueryParameterValue]([Name],[CreatedBy],[CreatedOn],[ModifiedBy],[ModifiedOn],[RowStatusId],[QueryParameterId],[Description])VALUES('hp_support',@strDefaultValue_CreatedBy, getdate(), @strDefaultValue_ModifiedBy,getdate(),@intRowStatus_Active,@intParamId,NULL)
--INSERT INTO [ElementsCPSDB].[dbo].[QueryParameterValue]([Name],[CreatedBy],[CreatedOn],[ModifiedBy],[ModifiedOn],[RowStatusId],[QueryParameterId],[Description])VALUES('hp_tbsc',@strDefaultValue_CreatedBy, getdate(), @strDefaultValue_ModifiedBy,getdate(),@intRowStatus_Active,@intParamId,NULL)
--INSERT INTO [ElementsCPSDB].[dbo].[QueryParameterValue]([Name],[CreatedBy],[CreatedOn],[ModifiedBy],[ModifiedOn],[RowStatusId],[QueryParameterId],[Description])VALUES('hp_totalcare',@strDefaultValue_CreatedBy, getdate(), @strDefaultValue_ModifiedBy,getdate(),@intRowStatus_Active,@intParamId,NULL)
--INSERT INTO [ElementsCPSDB].[dbo].[QueryParameterValue]([Name],[CreatedBy],[CreatedOn],[ModifiedBy],[ModifiedOn],[RowStatusId],[QueryParameterId],[Description])VALUES('hp_totalcare_accdamageprog',@strDefaultValue_CreatedBy, getdate(), @strDefaultValue_ModifiedBy,getdate(),@intRowStatus_Active,@intParamId,NULL)
--INSERT INTO [ElementsCPSDB].[dbo].[QueryParameterValue]([Name],[CreatedBy],[CreatedOn],[ModifiedBy],[ModifiedOn],[RowStatusId],[QueryParameterId],[Description])VALUES('hp_totalcare_pctuneup',@strDefaultValue_CreatedBy, getdate(), @strDefaultValue_ModifiedBy,getdate(),@intRowStatus_Active,@intParamId,NULL)
--INSERT INTO [ElementsCPSDB].[dbo].[QueryParameterValue]([Name],[CreatedBy],[CreatedOn],[ModifiedBy],[ModifiedOn],[RowStatusId],[QueryParameterId],[Description])VALUES('hp_totalcare_smartfriend',@strDefaultValue_CreatedBy, getdate(), @strDefaultValue_ModifiedBy,getdate(),@intRowStatus_Active,@intParamId,NULL)
--INSERT INTO [ElementsCPSDB].[dbo].[QueryParameterValue]([Name],[CreatedBy],[CreatedOn],[ModifiedBy],[ModifiedOn],[RowStatusId],[QueryParameterId],[Description])VALUES('hp_totalcare_smb',@strDefaultValue_CreatedBy, getdate(), @strDefaultValue_ModifiedBy,getdate(),@intRowStatus_Active,@intParamId,NULL)
--INSERT INTO [ElementsCPSDB].[dbo].[QueryParameterValue]([Name],[CreatedBy],[CreatedOn],[ModifiedBy],[ModifiedOn],[RowStatusId],[QueryParameterId],[Description])VALUES('hp_tutorial',@strDefaultValue_CreatedBy, getdate(), @strDefaultValue_ModifiedBy,getdate(),@intRowStatus_Active,@intParamId,NULL)
--INSERT INTO [ElementsCPSDB].[dbo].[QueryParameterValue]([Name],[CreatedBy],[CreatedOn],[ModifiedBy],[ModifiedOn],[RowStatusId],[QueryParameterId],[Description])VALUES('hp_tvtuner',@strDefaultValue_CreatedBy, getdate(), @strDefaultValue_ModifiedBy,getdate(),@intRowStatus_Active,@intParamId,NULL)
--INSERT INTO [ElementsCPSDB].[dbo].[QueryParameterValue]([Name],[CreatedBy],[CreatedOn],[ModifiedBy],[ModifiedOn],[RowStatusId],[QueryParameterId],[Description])VALUES('hp_wcitrc',@strDefaultValue_CreatedBy, getdate(), @strDefaultValue_ModifiedBy,getdate(),@intRowStatus_Active,@intParamId,NULL)    
--INSERT INTO [ElementsCPSDB].[dbo].[QueryParameterValue]([Name],[CreatedBy],[CreatedOn],[ModifiedBy],[ModifiedOn],[RowStatusId],[QueryParameterId],[Description])VALUES('hp_webcam',@strDefaultValue_CreatedBy, getdate(), @strDefaultValue_ModifiedBy,getdate(),@intRowStatus_Active,@intParamId,NULL)
--INSERT INTO [ElementsCPSDB].[dbo].[QueryParameterValue]([Name],[CreatedBy],[CreatedOn],[ModifiedBy],[ModifiedOn],[RowStatusId],[QueryParameterId],[Description])VALUES('hp_whyhp',@strDefaultValue_CreatedBy, getdate(), @strDefaultValue_ModifiedBy,getdate(),@intRowStatus_Active,@intParamId,NULL)
--INSERT INTO [ElementsCPSDB].[dbo].[QueryParameterValue]([Name],[CreatedBy],[CreatedOn],[ModifiedBy],[ModifiedOn],[RowStatusId],[QueryParameterId],[Description])VALUES('hp_windowvista',@strDefaultValue_CreatedBy, getdate(), @strDefaultValue_ModifiedBy,getdate(),@intRowStatus_Active,@intParamId,NULL)
--INSERT INTO [ElementsCPSDB].[dbo].[QueryParameterValue]([Name],[CreatedBy],[CreatedOn],[ModifiedBy],[ModifiedOn],[RowStatusId],[QueryParameterId],[Description])VALUES('hp_wr',@strDefaultValue_CreatedBy, getdate(), @strDefaultValue_ModifiedBy,getdate(),@intRowStatus_Active,@intParamId,NULL)
--INSERT INTO [ElementsCPSDB].[dbo].[QueryParameterValue]([Name],[CreatedBy],[CreatedOn],[ModifiedBy],[ModifiedOn],[RowStatusId],[QueryParameterId],[Description])VALUES('hp_wterms',@strDefaultValue_CreatedBy, getdate(), @strDefaultValue_ModifiedBy,getdate(),@intRowStatus_Active,@intParamId,NULL)
--INSERT INTO [ElementsCPSDB].[dbo].[QueryParameterValue]([Name],[CreatedBy],[CreatedOn],[ModifiedBy],[ModifiedOn],[RowStatusId],[QueryParameterId],[Description])VALUES('hpaccessories',@strDefaultValue_CreatedBy, getdate(), @strDefaultValue_ModifiedBy,getdate(),@intRowStatus_Active,@intParamId,NULL)
--INSERT INTO [ElementsCPSDB].[dbo].[QueryParameterValue]([Name],[CreatedBy],[CreatedOn],[ModifiedBy],[ModifiedOn],[RowStatusId],[QueryParameterId],[Description])VALUES('hpadvisor',@strDefaultValue_CreatedBy, getdate(), @strDefaultValue_ModifiedBy,getdate(),@intRowStatus_Active,@intParamId,NULL)
--INSERT INTO [ElementsCPSDB].[dbo].[QueryParameterValue]([Name],[CreatedBy],[CreatedOn],[ModifiedBy],[ModifiedOn],[RowStatusId],[QueryParameterId],[Description])VALUES('hpclub',@strDefaultValue_CreatedBy, getdate(), @strDefaultValue_ModifiedBy,getdate(),@intRowStatus_Active,@intParamId,NULL)
--INSERT INTO [ElementsCPSDB].[dbo].[QueryParameterValue]([Name],[CreatedBy],[CreatedOn],[ModifiedBy],[ModifiedOn],[RowStatusId],[QueryParameterId],[Description])VALUES('hpgames',@strDefaultValue_CreatedBy, getdate(), @strDefaultValue_ModifiedBy,getdate(),@intRowStatus_Active,@intParamId,NULL)
--INSERT INTO [ElementsCPSDB].[dbo].[QueryParameterValue]([Name],[CreatedBy],[CreatedOn],[ModifiedBy],[ModifiedOn],[RowStatusId],[QueryParameterId],[Description])VALUES('hphome',@strDefaultValue_CreatedBy, getdate(), @strDefaultValue_ModifiedBy,getdate(),@intRowStatus_Active,@intParamId,NULL)
--INSERT INTO [ElementsCPSDB].[dbo].[QueryParameterValue]([Name],[CreatedBy],[CreatedOn],[ModifiedBy],[ModifiedOn],[RowStatusId],[QueryParameterId],[Description])VALUES('hpmusic',@strDefaultValue_CreatedBy, getdate(), @strDefaultValue_ModifiedBy,getdate(),@intRowStatus_Active,@intParamId,NULL)    
--INSERT INTO [ElementsCPSDB].[dbo].[QueryParameterValue]([Name],[CreatedBy],[CreatedOn],[ModifiedBy],[ModifiedOn],[RowStatusId],[QueryParameterId],[Description])VALUES('hpshop',@strDefaultValue_CreatedBy, getdate(), @strDefaultValue_ModifiedBy,getdate(),@intRowStatus_Active,@intParamId,NULL)
--INSERT INTO [ElementsCPSDB].[dbo].[QueryParameterValue]([Name],[CreatedBy],[CreatedOn],[ModifiedBy],[ModifiedOn],[RowStatusId],[QueryParameterId],[Description])VALUES('hpsmb_carepack',@strDefaultValue_CreatedBy, getdate(), @strDefaultValue_ModifiedBy,getdate(),@intRowStatus_Active,@intParamId,NULL)
--INSERT INTO [ElementsCPSDB].[dbo].[QueryParameterValue]([Name],[CreatedBy],[CreatedOn],[ModifiedBy],[ModifiedOn],[RowStatusId],[QueryParameterId],[Description])VALUES('hpstore',@strDefaultValue_CreatedBy, getdate(), @strDefaultValue_ModifiedBy,getdate(),@intRowStatus_Active,@intParamId,NULL)
--INSERT INTO [ElementsCPSDB].[dbo].[QueryParameterValue]([Name],[CreatedBy],[CreatedOn],[ModifiedBy],[ModifiedOn],[RowStatusId],[QueryParameterId],[Description])VALUES('iehome',@strDefaultValue_CreatedBy, getdate(), @strDefaultValue_ModifiedBy,getdate(),@intRowStatus_Active,@intParamId,NULL)
--INSERT INTO [ElementsCPSDB].[dbo].[QueryParameterValue]([Name],[CreatedBy],[CreatedOn],[ModifiedBy],[ModifiedOn],[RowStatusId],[QueryParameterId],[Description])VALUES('insidecompaq',@strDefaultValue_CreatedBy, getdate(), @strDefaultValue_ModifiedBy,getdate(),@intRowStatus_Active,@intParamId,NULL)
--INSERT INTO [ElementsCPSDB].[dbo].[QueryParameterValue]([Name],[CreatedBy],[CreatedOn],[ModifiedBy],[ModifiedOn],[RowStatusId],[QueryParameterId],[Description])VALUES('insidehp',@strDefaultValue_CreatedBy, getdate(), @strDefaultValue_ModifiedBy,getdate(),@intRowStatus_Active,@intParamId,NULL)
--INSERT INTO [ElementsCPSDB].[dbo].[QueryParameterValue]([Name],[CreatedBy],[CreatedOn],[ModifiedBy],[ModifiedOn],[RowStatusId],[QueryParameterId],[Description])VALUES('intuit',@strDefaultValue_CreatedBy, getdate(), @strDefaultValue_ModifiedBy,getdate(),@intRowStatus_Active,@intParamId,NULL)
--INSERT INTO [ElementsCPSDB].[dbo].[QueryParameterValue]([Name],[CreatedBy],[CreatedOn],[ModifiedBy],[ModifiedOn],[RowStatusId],[QueryParameterId],[Description])VALUES('lifelock',@strDefaultValue_CreatedBy, getdate(), @strDefaultValue_ModifiedBy,getdate(),@intRowStatus_Active,@intParamId,NULL)
--INSERT INTO [ElementsCPSDB].[dbo].[QueryParameterValue]([Name],[CreatedBy],[CreatedOn],[ModifiedBy],[ModifiedOn],[RowStatusId],[QueryParameterId],[Description])VALUES('livecargo',@strDefaultValue_CreatedBy, getdate(), @strDefaultValue_ModifiedBy,getdate(),@intRowStatus_Active,@intParamId,NULL)
--INSERT INTO [ElementsCPSDB].[dbo].[QueryParameterValue]([Name],[CreatedBy],[CreatedOn],[ModifiedBy],[ModifiedOn],[RowStatusId],[QueryParameterId],[Description])VALUES('logoworks',@strDefaultValue_CreatedBy, getdate(), @strDefaultValue_ModifiedBy,getdate(),@intRowStatus_Active,@intParamId,NULL)    
--INSERT INTO [ElementsCPSDB].[dbo].[QueryParameterValue]([Name],[CreatedBy],[CreatedOn],[ModifiedBy],[ModifiedOn],[RowStatusId],[QueryParameterId],[Description])VALUES('lycos',@strDefaultValue_CreatedBy, getdate(), @strDefaultValue_ModifiedBy,getdate(),@intRowStatus_Active,@intParamId,NULL)
--INSERT INTO [ElementsCPSDB].[dbo].[QueryParameterValue]([Name],[CreatedBy],[CreatedOn],[ModifiedBy],[ModifiedOn],[RowStatusId],[QueryParameterId],[Description])VALUES('mcafee_lead',@strDefaultValue_CreatedBy, getdate(), @strDefaultValue_ModifiedBy,getdate(),@intRowStatus_Active,@intParamId,NULL)
--INSERT INTO [ElementsCPSDB].[dbo].[QueryParameterValue]([Name],[CreatedBy],[CreatedOn],[ModifiedBy],[ModifiedOn],[RowStatusId],[QueryParameterId],[Description])VALUES('mcafee_quicklink',@strDefaultValue_CreatedBy, getdate(), @strDefaultValue_ModifiedBy,getdate(),@intRowStatus_Active,@intParamId,NULL)
--INSERT INTO [ElementsCPSDB].[dbo].[QueryParameterValue]([Name],[CreatedBy],[CreatedOn],[ModifiedBy],[ModifiedOn],[RowStatusId],[QueryParameterId],[Description])VALUES('mcafeesecurityresourcecenter',@strDefaultValue_CreatedBy, getdate(), @strDefaultValue_ModifiedBy,getdate(),@intRowStatus_Active,@intParamId,NULL)
--INSERT INTO [ElementsCPSDB].[dbo].[QueryParameterValue]([Name],[CreatedBy],[CreatedOn],[ModifiedBy],[ModifiedOn],[RowStatusId],[QueryParameterId],[Description])VALUES('mediasmart',@strDefaultValue_CreatedBy, getdate(), @strDefaultValue_ModifiedBy,getdate(),@intRowStatus_Active,@intParamId,NULL)
--INSERT INTO [ElementsCPSDB].[dbo].[QueryParameterValue]([Name],[CreatedBy],[CreatedOn],[ModifiedBy],[ModifiedOn],[RowStatusId],[QueryParameterId],[Description])VALUES('memory',@strDefaultValue_CreatedBy, getdate(), @strDefaultValue_ModifiedBy,getdate(),@intRowStatus_Active,@intParamId,NULL)
--INSERT INTO [ElementsCPSDB].[dbo].[QueryParameterValue]([Name],[CreatedBy],[CreatedOn],[ModifiedBy],[ModifiedOn],[RowStatusId],[QueryParameterId],[Description])VALUES('microgistix',@strDefaultValue_CreatedBy, getdate(), @strDefaultValue_ModifiedBy,getdate(),@intRowStatus_Active,@intParamId,NULL)
--INSERT INTO [ElementsCPSDB].[dbo].[QueryParameterValue]([Name],[CreatedBy],[CreatedOn],[ModifiedBy],[ModifiedOn],[RowStatusId],[QueryParameterId],[Description])VALUES('ms_office',@strDefaultValue_CreatedBy, getdate(), @strDefaultValue_ModifiedBy,getdate(),@intRowStatus_Active,@intParamId,NULL)
--INSERT INTO [ElementsCPSDB].[dbo].[QueryParameterValue]([Name],[CreatedBy],[CreatedOn],[ModifiedBy],[ModifiedOn],[RowStatusId],[QueryParameterId],[Description])VALUES('muvee',@strDefaultValue_CreatedBy, getdate(), @strDefaultValue_ModifiedBy,getdate(),@intRowStatus_Active,@intParamId,NULL)
--INSERT INTO [ElementsCPSDB].[dbo].[QueryParameterValue]([Name],[CreatedBy],[CreatedOn],[ModifiedBy],[ModifiedOn],[RowStatusId],[QueryParameterId],[Description])VALUES('myaol',@strDefaultValue_CreatedBy, getdate(), @strDefaultValue_ModifiedBy,getdate(),@intRowStatus_Active,@intParamId,NULL)    
--INSERT INTO [ElementsCPSDB].[dbo].[QueryParameterValue]([Name],[CreatedBy],[CreatedOn],[ModifiedBy],[ModifiedOn],[RowStatusId],[QueryParameterId],[Description])VALUES('myhpgames',@strDefaultValue_CreatedBy, getdate(), @strDefaultValue_ModifiedBy,getdate(),@intRowStatus_Active,@intParamId,NULL)
--INSERT INTO [ElementsCPSDB].[dbo].[QueryParameterValue]([Name],[CreatedBy],[CreatedOn],[ModifiedBy],[ModifiedOn],[RowStatusId],[QueryParameterId],[Description])VALUES('mypcchoice',@strDefaultValue_CreatedBy, getdate(), @strDefaultValue_ModifiedBy,getdate(),@intRowStatus_Active,@intParamId,NULL)
--INSERT INTO [ElementsCPSDB].[dbo].[QueryParameterValue]([Name],[CreatedBy],[CreatedOn],[ModifiedBy],[ModifiedOn],[RowStatusId],[QueryParameterId],[Description])VALUES('netg',@strDefaultValue_CreatedBy, getdate(), @strDefaultValue_ModifiedBy,getdate(),@intRowStatus_Active,@intParamId,NULL)
--INSERT INTO [ElementsCPSDB].[dbo].[QueryParameterValue]([Name],[CreatedBy],[CreatedOn],[ModifiedBy],[ModifiedOn],[RowStatusId],[QueryParameterId],[Description])VALUES('netsmartz',@strDefaultValue_CreatedBy, getdate(), @strDefaultValue_ModifiedBy,getdate(),@intRowStatus_Active,@intParamId,NULL)
--INSERT INTO [ElementsCPSDB].[dbo].[QueryParameterValue]([Name],[CreatedBy],[CreatedOn],[ModifiedBy],[ModifiedOn],[RowStatusId],[QueryParameterId],[Description])VALUES('none',@strDefaultValue_CreatedBy, getdate(), @strDefaultValue_ModifiedBy,getdate(),@intRowStatus_Active,@intParamId,NULL)
--INSERT INTO [ElementsCPSDB].[dbo].[QueryParameterValue]([Name],[CreatedBy],[CreatedOn],[ModifiedBy],[ModifiedOn],[RowStatusId],[QueryParameterId],[Description])VALUES('overture',@strDefaultValue_CreatedBy, getdate(), @strDefaultValue_ModifiedBy,getdate(),@intRowStatus_Active,@intParamId,NULL)
--INSERT INTO [ElementsCPSDB].[dbo].[QueryParameterValue]([Name],[CreatedBy],[CreatedOn],[ModifiedBy],[ModifiedOn],[RowStatusId],[QueryParameterId],[Description])VALUES('pandora',@strDefaultValue_CreatedBy, getdate(), @strDefaultValue_ModifiedBy,getdate(),@intRowStatus_Active,@intParamId,NULL)
--INSERT INTO [ElementsCPSDB].[dbo].[QueryParameterValue]([Name],[CreatedBy],[CreatedOn],[ModifiedBy],[ModifiedOn],[RowStatusId],[QueryParameterId],[Description])VALUES('pc_discovery_center',@strDefaultValue_CreatedBy, getdate(), @strDefaultValue_ModifiedBy,getdate(),@intRowStatus_Active,@intParamId,NULL)
--INSERT INTO [ElementsCPSDB].[dbo].[QueryParameterValue]([Name],[CreatedBy],[CreatedOn],[ModifiedBy],[ModifiedOn],[RowStatusId],[QueryParameterId],[Description])VALUES('pc_discovery_center_entertainment',@strDefaultValue_CreatedBy, getdate(), @strDefaultValue_ModifiedBy,getdate(),@intRowStatus_Active,@intParamId,NULL)
--INSERT INTO [ElementsCPSDB].[dbo].[QueryParameterValue]([Name],[CreatedBy],[CreatedOn],[ModifiedBy],[ModifiedOn],[RowStatusId],[QueryParameterId],[Description])VALUES('pc_discovery_center_getcon',@strDefaultValue_CreatedBy, getdate(), @strDefaultValue_ModifiedBy,getdate(),@intRowStatus_Active,@intParamId,NULL)    
--INSERT INTO [ElementsCPSDB].[dbo].[QueryParameterValue]([Name],[CreatedBy],[CreatedOn],[ModifiedBy],[ModifiedOn],[RowStatusId],[QueryParameterId],[Description])VALUES('pcchoices',@strDefaultValue_CreatedBy, getdate(), @strDefaultValue_ModifiedBy,getdate(),@intRowStatus_Active,@intParamId,NULL)
--INSERT INTO [ElementsCPSDB].[dbo].[QueryParameterValue]([Name],[CreatedBy],[CreatedOn],[ModifiedBy],[ModifiedOn],[RowStatusId],[QueryParameterId],[Description])VALUES('pcsecurity',@strDefaultValue_CreatedBy, getdate(), @strDefaultValue_ModifiedBy,getdate(),@intRowStatus_Active,@intParamId,NULL)
--INSERT INTO [ElementsCPSDB].[dbo].[QueryParameterValue]([Name],[CreatedBy],[CreatedOn],[ModifiedBy],[ModifiedOn],[RowStatusId],[QueryParameterId],[Description])VALUES('presarioclub',@strDefaultValue_CreatedBy, getdate(), @strDefaultValue_ModifiedBy,getdate(),@intRowStatus_Active,@intParamId,NULL)
--INSERT INTO [ElementsCPSDB].[dbo].[QueryParameterValue]([Name],[CreatedBy],[CreatedOn],[ModifiedBy],[ModifiedOn],[RowStatusId],[QueryParameterId],[Description])VALUES('printing',@strDefaultValue_CreatedBy, getdate(), @strDefaultValue_ModifiedBy,getdate(),@intRowStatus_Active,@intParamId,NULL)
--INSERT INTO [ElementsCPSDB].[dbo].[QueryParameterValue]([Name],[CreatedBy],[CreatedOn],[ModifiedBy],[ModifiedOn],[RowStatusId],[QueryParameterId],[Description])VALUES('pse',@strDefaultValue_CreatedBy, getdate(), @strDefaultValue_ModifiedBy,getdate(),@intRowStatus_Active,@intParamId,NULL)
--INSERT INTO [ElementsCPSDB].[dbo].[QueryParameterValue]([Name],[CreatedBy],[CreatedOn],[ModifiedBy],[ModifiedOn],[RowStatusId],[QueryParameterId],[Description])VALUES('quickenfc',@strDefaultValue_CreatedBy, getdate(), @strDefaultValue_ModifiedBy,getdate(),@intRowStatus_Active,@intParamId,NULL)
--INSERT INTO [ElementsCPSDB].[dbo].[QueryParameterValue]([Name],[CreatedBy],[CreatedOn],[ModifiedBy],[ModifiedOn],[RowStatusId],[QueryParameterId],[Description])VALUES('quickenqb',@strDefaultValue_CreatedBy, getdate(), @strDefaultValue_ModifiedBy,getdate(),@intRowStatus_Active,@intParamId,NULL)
--INSERT INTO [ElementsCPSDB].[dbo].[QueryParameterValue]([Name],[CreatedBy],[CreatedOn],[ModifiedBy],[ModifiedOn],[RowStatusId],[QueryParameterId],[Description])VALUES('sandisk',@strDefaultValue_CreatedBy, getdate(), @strDefaultValue_ModifiedBy,getdate(),@intRowStatus_Active,@intParamId,NULL)
--INSERT INTO [ElementsCPSDB].[dbo].[QueryParameterValue]([Name],[CreatedBy],[CreatedOn],[ModifiedBy],[ModifiedOn],[RowStatusId],[QueryParameterId],[Description])VALUES('searchbandit',@strDefaultValue_CreatedBy, getdate(), @strDefaultValue_ModifiedBy,getdate(),@intRowStatus_Active,@intParamId,NULL)
--INSERT INTO [ElementsCPSDB].[dbo].[QueryParameterValue]([Name],[CreatedBy],[CreatedOn],[ModifiedBy],[ModifiedOn],[RowStatusId],[QueryParameterId],[Description])VALUES('secconnection',@strDefaultValue_CreatedBy, getdate(), @strDefaultValue_ModifiedBy,getdate(),@intRowStatus_Active,@intParamId,NULL)    
--INSERT INTO [ElementsCPSDB].[dbo].[QueryParameterValue]([Name],[CreatedBy],[CreatedOn],[ModifiedBy],[ModifiedOn],[RowStatusId],[QueryParameterId],[Description])VALUES('securityvid',@strDefaultValue_CreatedBy, getdate(), @strDefaultValue_ModifiedBy,getdate(),@intRowStatus_Active,@intParamId,NULL)
--INSERT INTO [ElementsCPSDB].[dbo].[QueryParameterValue]([Name],[CreatedBy],[CreatedOn],[ModifiedBy],[ModifiedOn],[RowStatusId],[QueryParameterId],[Description])VALUES('skype',@strDefaultValue_CreatedBy, getdate(), @strDefaultValue_ModifiedBy,getdate(),@intRowStatus_Active,@intParamId,NULL)
--INSERT INTO [ElementsCPSDB].[dbo].[QueryParameterValue]([Name],[CreatedBy],[CreatedOn],[ModifiedBy],[ModifiedOn],[RowStatusId],[QueryParameterId],[Description])VALUES('snapfish',@strDefaultValue_CreatedBy, getdate(), @strDefaultValue_ModifiedBy,getdate(),@intRowStatus_Active,@intParamId,NULL)
--INSERT INTO [ElementsCPSDB].[dbo].[QueryParameterValue]([Name],[CreatedBy],[CreatedOn],[ModifiedBy],[ModifiedOn],[RowStatusId],[QueryParameterId],[Description])VALUES('snapfish_default25',@strDefaultValue_CreatedBy, getdate(), @strDefaultValue_ModifiedBy,getdate(),@intRowStatus_Active,@intParamId,NULL)
--INSERT INTO [ElementsCPSDB].[dbo].[QueryParameterValue]([Name],[CreatedBy],[CreatedOn],[ModifiedBy],[ModifiedOn],[RowStatusId],[QueryParameterId],[Description])VALUES('snapfish_freeprnt',@strDefaultValue_CreatedBy, getdate(), @strDefaultValue_ModifiedBy,getdate(),@intRowStatus_Active,@intParamId,NULL)
--INSERT INTO [ElementsCPSDB].[dbo].[QueryParameterValue]([Name],[CreatedBy],[CreatedOn],[ModifiedBy],[ModifiedOn],[RowStatusId],[QueryParameterId],[Description])VALUES('snapfish_photobks',@strDefaultValue_CreatedBy, getdate(), @strDefaultValue_ModifiedBy,getdate(),@intRowStatus_Active,@intParamId,NULL)
--INSERT INTO [ElementsCPSDB].[dbo].[QueryParameterValue]([Name],[CreatedBy],[CreatedOn],[ModifiedBy],[ModifiedOn],[RowStatusId],[QueryParameterId],[Description])VALUES('snapfish_photofrms',@strDefaultValue_CreatedBy, getdate(), @strDefaultValue_ModifiedBy,getdate(),@intRowStatus_Active,@intParamId,NULL)
--INSERT INTO [ElementsCPSDB].[dbo].[QueryParameterValue]([Name],[CreatedBy],[CreatedOn],[ModifiedBy],[ModifiedOn],[RowStatusId],[QueryParameterId],[Description])VALUES('spore',@strDefaultValue_CreatedBy, getdate(), @strDefaultValue_ModifiedBy,getdate(),@intRowStatus_Active,@intParamId,NULL)
--INSERT INTO [ElementsCPSDB].[dbo].[QueryParameterValue]([Name],[CreatedBy],[CreatedOn],[ModifiedBy],[ModifiedOn],[RowStatusId],[QueryParameterId],[Description])VALUES('stardock',@strDefaultValue_CreatedBy, getdate(), @strDefaultValue_ModifiedBy,getdate(),@intRowStatus_Active,@intParamId,NULL)
--INSERT INTO [ElementsCPSDB].[dbo].[QueryParameterValue]([Name],[CreatedBy],[CreatedOn],[ModifiedBy],[ModifiedOn],[RowStatusId],[QueryParameterId],[Description])VALUES('starz_vongo',@strDefaultValue_CreatedBy, getdate(), @strDefaultValue_ModifiedBy,getdate(),@intRowStatus_Active,@intParamId,NULL)    
--INSERT INTO [ElementsCPSDB].[dbo].[QueryParameterValue]([Name],[CreatedBy],[CreatedOn],[ModifiedBy],[ModifiedOn],[RowStatusId],[QueryParameterId],[Description])VALUES('sunrise',@strDefaultValue_CreatedBy, getdate(), @strDefaultValue_ModifiedBy,getdate(),@intRowStatus_Active,@intParamId,NULL)
--INSERT INTO [ElementsCPSDB].[dbo].[QueryParameterValue]([Name],[CreatedBy],[CreatedOn],[ModifiedBy],[ModifiedOn],[RowStatusId],[QueryParameterId],[Description])VALUES('symantec',@strDefaultValue_CreatedBy, getdate(), @strDefaultValue_ModifiedBy,getdate(),@intRowStatus_Active,@intParamId,NULL)
--INSERT INTO [ElementsCPSDB].[dbo].[QueryParameterValue]([Name],[CreatedBy],[CreatedOn],[ModifiedBy],[ModifiedOn],[RowStatusId],[QueryParameterId],[Description])VALUES('symantec_av',@strDefaultValue_CreatedBy, getdate(), @strDefaultValue_ModifiedBy,getdate(),@intRowStatus_Active,@intParamId,NULL)
--INSERT INTO [ElementsCPSDB].[dbo].[QueryParameterValue]([Name],[CreatedBy],[CreatedOn],[ModifiedBy],[ModifiedOn],[RowStatusId],[QueryParameterId],[Description])VALUES('techcenter',@strDefaultValue_CreatedBy, getdate(), @strDefaultValue_ModifiedBy,getdate(),@intRowStatus_Active,@intParamId,NULL)
--INSERT INTO [ElementsCPSDB].[dbo].[QueryParameterValue]([Name],[CreatedBy],[CreatedOn],[ModifiedBy],[ModifiedOn],[RowStatusId],[QueryParameterId],[Description])VALUES('test',@strDefaultValue_CreatedBy, getdate(), @strDefaultValue_ModifiedBy,getdate(),@intRowStatus_Active,@intParamId,NULL)
--INSERT INTO [ElementsCPSDB].[dbo].[QueryParameterValue]([Name],[CreatedBy],[CreatedOn],[ModifiedBy],[ModifiedOn],[RowStatusId],[QueryParameterId],[Description])VALUES('tim',@strDefaultValue_CreatedBy, getdate(), @strDefaultValue_ModifiedBy,getdate(),@intRowStatus_Active,@intParamId,NULL)
--INSERT INTO [ElementsCPSDB].[dbo].[QueryParameterValue]([Name],[CreatedBy],[CreatedOn],[ModifiedBy],[ModifiedOn],[RowStatusId],[QueryParameterId],[Description])VALUES('totalcare',@strDefaultValue_CreatedBy, getdate(), @strDefaultValue_ModifiedBy,getdate(),@intRowStatus_Active,@intParamId,NULL)
--INSERT INTO [ElementsCPSDB].[dbo].[QueryParameterValue]([Name],[CreatedBy],[CreatedOn],[ModifiedBy],[ModifiedOn],[RowStatusId],[QueryParameterId],[Description])VALUES('upline',@strDefaultValue_CreatedBy, getdate(), @strDefaultValue_ModifiedBy,getdate(),@intRowStatus_Active,@intParamId,NULL)
--INSERT INTO [ElementsCPSDB].[dbo].[QueryParameterValue]([Name],[CreatedBy],[CreatedOn],[ModifiedBy],[ModifiedOn],[RowStatusId],[QueryParameterId],[Description])VALUES('vonage',@strDefaultValue_CreatedBy, getdate(), @strDefaultValue_ModifiedBy,getdate(),@intRowStatus_Active,@intParamId,NULL)
--INSERT INTO [ElementsCPSDB].[dbo].[QueryParameterValue]([Name],[CreatedBy],[CreatedOn],[ModifiedBy],[ModifiedOn],[RowStatusId],[QueryParameterId],[Description])VALUES('vonagesmb',@strDefaultValue_CreatedBy, getdate(), @strDefaultValue_ModifiedBy,getdate(),@intRowStatus_Active,@intParamId,NULL)    
--INSERT INTO [ElementsCPSDB].[dbo].[QueryParameterValue]([Name],[CreatedBy],[CreatedOn],[ModifiedBy],[ModifiedOn],[RowStatusId],[QueryParameterId],[Description])VALUES('weatherbug',@strDefaultValue_CreatedBy, getdate(), @strDefaultValue_ModifiedBy,getdate(),@intRowStatus_Active,@intParamId,NULL)
--INSERT INTO [ElementsCPSDB].[dbo].[QueryParameterValue]([Name],[CreatedBy],[CreatedOn],[ModifiedBy],[ModifiedOn],[RowStatusId],[QueryParameterId],[Description])VALUES('websearch',@strDefaultValue_CreatedBy, getdate(), @strDefaultValue_ModifiedBy,getdate(),@intRowStatus_Active,@intParamId,NULL)
--INSERT INTO [ElementsCPSDB].[dbo].[QueryParameterValue]([Name],[CreatedBy],[CreatedOn],[ModifiedBy],[ModifiedOn],[RowStatusId],[QueryParameterId],[Description])VALUES('wildtangent',@strDefaultValue_CreatedBy, getdate(), @strDefaultValue_ModifiedBy,getdate(),@intRowStatus_Active,@intParamId,NULL)
--INSERT INTO [ElementsCPSDB].[dbo].[QueryParameterValue]([Name],[CreatedBy],[CreatedOn],[ModifiedBy],[ModifiedOn],[RowStatusId],[QueryParameterId],[Description])VALUES('wisbase',@strDefaultValue_CreatedBy, getdate(), @strDefaultValue_ModifiedBy,getdate(),@intRowStatus_Active,@intParamId,NULL)
--INSERT INTO [ElementsCPSDB].[dbo].[QueryParameterValue]([Name],[CreatedBy],[CreatedOn],[ModifiedBy],[ModifiedOn],[RowStatusId],[QueryParameterId],[Description])VALUES('wm',@strDefaultValue_CreatedBy, getdate(), @strDefaultValue_ModifiedBy,getdate(),@intRowStatus_Active,@intParamId,NULL)
--INSERT INTO [ElementsCPSDB].[dbo].[QueryParameterValue]([Name],[CreatedBy],[CreatedOn],[ModifiedBy],[ModifiedOn],[RowStatusId],[QueryParameterId],[Description])VALUES('wpages',@strDefaultValue_CreatedBy, getdate(), @strDefaultValue_ModifiedBy,getdate(),@intRowStatus_Active,@intParamId,NULL)
--INSERT INTO [ElementsCPSDB].[dbo].[QueryParameterValue]([Name],[CreatedBy],[CreatedOn],[ModifiedBy],[ModifiedOn],[RowStatusId],[QueryParameterId],[Description])VALUES('wwan',@strDefaultValue_CreatedBy, getdate(), @strDefaultValue_ModifiedBy,getdate(),@intRowStatus_Active,@intParamId,NULL)
--INSERT INTO [ElementsCPSDB].[dbo].[QueryParameterValue]([Name],[CreatedBy],[CreatedOn],[ModifiedBy],[ModifiedOn],[RowStatusId],[QueryParameterId],[Description])VALUES('yahoo',@strDefaultValue_CreatedBy, getdate(), @strDefaultValue_ModifiedBy,getdate(),@intRowStatus_Active,@intParamId,NULL)
--INSERT INTO [ElementsCPSDB].[dbo].[QueryParameterValue]([Name],[CreatedBy],[CreatedOn],[ModifiedBy],[ModifiedOn],[RowStatusId],[QueryParameterId],[Description])VALUES('yahoosearch',@strDefaultValue_CreatedBy, getdate(), @strDefaultValue_ModifiedBy,getdate(),@intRowStatus_Active,@intParamId,NULL)
--INSERT INTO [ElementsCPSDB].[dbo].[QueryParameterValue]([Name],[CreatedBy],[CreatedOn],[ModifiedBy],[ModifiedOn],[RowStatusId],[QueryParameterId],[Description])VALUES('yhobtn',@strDefaultValue_CreatedBy, getdate(), @strDefaultValue_ModifiedBy,getdate(),@intRowStatus_Active,@intParamId,NULL)    
--INSERT INTO [ElementsCPSDB].[dbo].[QueryParameterValue]([Name],[CreatedBy],[CreatedOn],[ModifiedBy],[ModifiedOn],[RowStatusId],[QueryParameterId],[Description])VALUES('yhomenuclub',@strDefaultValue_CreatedBy, getdate(), @strDefaultValue_ModifiedBy,getdate(),@intRowStatus_Active,@intParamId,NULL)
--INSERT INTO [ElementsCPSDB].[dbo].[QueryParameterValue]([Name],[CreatedBy],[CreatedOn],[ModifiedBy],[ModifiedOn],[RowStatusId],[QueryParameterId],[Description])VALUES('yhomenupcsec',@strDefaultValue_CreatedBy, getdate(), @strDefaultValue_ModifiedBy,getdate(),@intRowStatus_Active,@intParamId,NULL)
--INSERT INTO [ElementsCPSDB].[dbo].[QueryParameterValue]([Name],[CreatedBy],[CreatedOn],[ModifiedBy],[ModifiedOn],[RowStatusId],[QueryParameterId],[Description])VALUES('yhomenushop',@strDefaultValue_CreatedBy, getdate(), @strDefaultValue_ModifiedBy,getdate(),@intRowStatus_Active,@intParamId,NULL)
--INSERT INTO [ElementsCPSDB].[dbo].[QueryParameterValue]([Name],[CreatedBy],[CreatedOn],[ModifiedBy],[ModifiedOn],[RowStatusId],[QueryParameterId],[Description])VALUES('yhomenusupt',@strDefaultValue_CreatedBy, getdate(), @strDefaultValue_ModifiedBy,getdate(),@intRowStatus_Active,@intParamId,NULL)
--INSERT INTO [ElementsCPSDB].[dbo].[QueryParameterValue]([Name],[CreatedBy],[CreatedOn],[ModifiedBy],[ModifiedOn],[RowStatusId],[QueryParameterId],[Description])VALUES('ypages',@strDefaultValue_CreatedBy, getdate(), @strDefaultValue_ModifiedBy,getdate(),@intRowStatus_Active,@intParamId,NULL)
--INSERT INTO [ElementsCPSDB].[dbo].[QueryParameterValue]([Name],[CreatedBy],[CreatedOn],[ModifiedBy],[ModifiedOn],[RowStatusId],[QueryParameterId],[Description])VALUES('zipca',@strDefaultValue_CreatedBy, getdate(), @strDefaultValue_ModifiedBy,getdate(),@intRowStatus_Active,@intParamId,NULL)

--SELECT @intParamId = Id FROM [dbo].[QueryParameter] WHERE name = 'Touchpoint'
--INSERT INTO [ElementsCPSDB].[dbo].[QueryParameterValue]([Name],[CreatedBy],[CreatedOn],[ModifiedBy],[ModifiedOn],[RowStatusId],[QueryParameterId],[Description])VALUES('*',@strDefaultValue_CreatedBy, getdate(), @strDefaultValue_ModifiedBy,getdate(),@intRowStatus_Active,@intParamId,NULL)
--INSERT INTO [ElementsCPSDB].[dbo].[QueryParameterValue]([Name],[CreatedBy],[CreatedOn],[ModifiedBy],[ModifiedOn],[RowStatusId],[QueryParameterId],[Description])VALUES('advbackup',@strDefaultValue_CreatedBy, getdate(), @strDefaultValue_ModifiedBy,getdate(),@intRowStatus_Active,@intParamId,NULL)
--INSERT INTO [ElementsCPSDB].[dbo].[QueryParameterValue]([Name],[CreatedBy],[CreatedOn],[ModifiedBy],[ModifiedOn],[RowStatusId],[QueryParameterId],[Description])VALUES('advbattery',@strDefaultValue_CreatedBy, getdate(), @strDefaultValue_ModifiedBy,getdate(),@intRowStatus_Active,@intParamId,NULL)
--INSERT INTO [ElementsCPSDB].[dbo].[QueryParameterValue]([Name],[CreatedBy],[CreatedOn],[ModifiedBy],[ModifiedOn],[RowStatusId],[QueryParameterId],[Description])VALUES('advcontent',@strDefaultValue_CreatedBy, getdate(), @strDefaultValue_ModifiedBy,getdate(),@intRowStatus_Active,@intParamId,NULL)
--INSERT INTO [ElementsCPSDB].[dbo].[QueryParameterValue]([Name],[CreatedBy],[CreatedOn],[ModifiedBy],[ModifiedOn],[RowStatusId],[QueryParameterId],[Description])VALUES('advexpcenter',@strDefaultValue_CreatedBy, getdate(), @strDefaultValue_ModifiedBy,getdate(),@intRowStatus_Active,@intParamId,NULL) 
--INSERT INTO [ElementsCPSDB].[dbo].[QueryParameterValue]([Name],[CreatedBy],[CreatedOn],[ModifiedBy],[ModifiedOn],[RowStatusId],[QueryParameterId],[Description])VALUES('advexpcenter_autopro',@strDefaultValue_CreatedBy, getdate(), @strDefaultValue_ModifiedBy,getdate(),@intRowStatus_Active,@intParamId,NULL)
--INSERT INTO [ElementsCPSDB].[dbo].[QueryParameterValue]([Name],[CreatedBy],[CreatedOn],[ModifiedBy],[ModifiedOn],[RowStatusId],[QueryParameterId],[Description])VALUES('advexpcenter_qbd',@strDefaultValue_CreatedBy, getdate(), @strDefaultValue_ModifiedBy,getdate(),@intRowStatus_Active,@intParamId,NULL)
--INSERT INTO [ElementsCPSDB].[dbo].[QueryParameterValue]([Name],[CreatedBy],[CreatedOn],[ModifiedBy],[ModifiedOn],[RowStatusId],[QueryParameterId],[Description])VALUES('advexpcenter_qbpro',@strDefaultValue_CreatedBy, getdate(), @strDefaultValue_ModifiedBy,getdate(),@intRowStatus_Active,@intParamId,NULL)
--INSERT INTO [ElementsCPSDB].[dbo].[QueryParameterValue]([Name],[CreatedBy],[CreatedOn],[ModifiedBy],[ModifiedOn],[RowStatusId],[QueryParameterId],[Description])VALUES('advexpcenter_qbss',@strDefaultValue_CreatedBy, getdate(), @strDefaultValue_ModifiedBy,getdate(),@intRowStatus_Active,@intParamId,NULL)
--INSERT INTO [ElementsCPSDB].[dbo].[QueryParameterValue]([Name],[CreatedBy],[CreatedOn],[ModifiedBy],[ModifiedOn],[RowStatusId],[QueryParameterId],[Description])VALUES('advexpcenter_reveal',@strDefaultValue_CreatedBy, getdate(), @strDefaultValue_ModifiedBy,getdate(),@intRowStatus_Active,@intParamId,NULL)
--INSERT INTO [ElementsCPSDB].[dbo].[QueryParameterValue]([Name],[CreatedBy],[CreatedOn],[ModifiedBy],[ModifiedOn],[RowStatusId],[QueryParameterId],[Description])VALUES('advhealth',@strDefaultValue_CreatedBy, getdate(), @strDefaultValue_ModifiedBy,getdate(),@intRowStatus_Active,@intParamId,NULL)
--INSERT INTO [ElementsCPSDB].[dbo].[QueryParameterValue]([Name],[CreatedBy],[CreatedOn],[ModifiedBy],[ModifiedOn],[RowStatusId],[QueryParameterId],[Description])VALUES('advinternet',@strDefaultValue_CreatedBy, getdate(), @strDefaultValue_ModifiedBy,getdate(),@intRowStatus_Active,@intParamId,NULL)
--INSERT INTO [ElementsCPSDB].[dbo].[QueryParameterValue]([Name],[CreatedBy],[CreatedOn],[ModifiedBy],[ModifiedOn],[RowStatusId],[QueryParameterId],[Description])VALUES('advisor',@strDefaultValue_CreatedBy, getdate(), @strDefaultValue_ModifiedBy,getdate(),@intRowStatus_Active,@intParamId,NULL)
--INSERT INTO [ElementsCPSDB].[dbo].[QueryParameterValue]([Name],[CreatedBy],[CreatedOn],[ModifiedBy],[ModifiedOn],[RowStatusId],[QueryParameterId],[Description])VALUES('advprinter',@strDefaultValue_CreatedBy, getdate(), @strDefaultValue_ModifiedBy,getdate(),@intRowStatus_Active,@intParamId,NULL)
--INSERT INTO [ElementsCPSDB].[dbo].[QueryParameterValue]([Name],[CreatedBy],[CreatedOn],[ModifiedBy],[ModifiedOn],[RowStatusId],[QueryParameterId],[Description])VALUES('advsearchtargets',@strDefaultValue_CreatedBy, getdate(), @strDefaultValue_ModifiedBy,getdate(),@intRowStatus_Active,@intParamId,NULL)    
--INSERT INTO [ElementsCPSDB].[dbo].[QueryParameterValue]([Name],[CreatedBy],[CreatedOn],[ModifiedBy],[ModifiedOn],[RowStatusId],[QueryParameterId],[Description])VALUES('advsecurity',@strDefaultValue_CreatedBy, getdate(), @strDefaultValue_ModifiedBy,getdate(),@intRowStatus_Active,@intParamId,NULL)
--INSERT INTO [ElementsCPSDB].[dbo].[QueryParameterValue]([Name],[CreatedBy],[CreatedOn],[ModifiedBy],[ModifiedOn],[RowStatusId],[QueryParameterId],[Description])VALUES('advsecurityoffers',@strDefaultValue_CreatedBy, getdate(), @strDefaultValue_ModifiedBy,getdate(),@intRowStatus_Active,@intParamId,NULL)
--INSERT INTO [ElementsCPSDB].[dbo].[QueryParameterValue]([Name],[CreatedBy],[CreatedOn],[ModifiedBy],[ModifiedOn],[RowStatusId],[QueryParameterId],[Description])VALUES('advstorage',@strDefaultValue_CreatedBy, getdate(), @strDefaultValue_ModifiedBy,getdate(),@intRowStatus_Active,@intParamId,NULL)
--INSERT INTO [ElementsCPSDB].[dbo].[QueryParameterValue]([Name],[CreatedBy],[CreatedOn],[ModifiedBy],[ModifiedOn],[RowStatusId],[QueryParameterId],[Description])VALUES('advwarranty',@strDefaultValue_CreatedBy, getdate(), @strDefaultValue_ModifiedBy,getdate(),@intRowStatus_Active,@intParamId,NULL)
--INSERT INTO [ElementsCPSDB].[dbo].[QueryParameterValue]([Name],[CreatedBy],[CreatedOn],[ModifiedBy],[ModifiedOn],[RowStatusId],[QueryParameterId],[Description])VALUES('afe',@strDefaultValue_CreatedBy, getdate(), @strDefaultValue_ModifiedBy,getdate(),@intRowStatus_Active,@intParamId,NULL)
--INSERT INTO [ElementsCPSDB].[dbo].[QueryParameterValue]([Name],[CreatedBy],[CreatedOn],[ModifiedBy],[ModifiedOn],[RowStatusId],[QueryParameterId],[Description])VALUES('aolhomepage',@strDefaultValue_CreatedBy, getdate(), @strDefaultValue_ModifiedBy,getdate(),@intRowStatus_Active,@intParamId,NULL)
--INSERT INTO [ElementsCPSDB].[dbo].[QueryParameterValue]([Name],[CreatedBy],[CreatedOn],[ModifiedBy],[ModifiedOn],[RowStatusId],[QueryParameterId],[Description])VALUES('aolportal',@strDefaultValue_CreatedBy, getdate(), @strDefaultValue_ModifiedBy,getdate(),@intRowStatus_Active,@intParamId,NULL)
--INSERT INTO [ElementsCPSDB].[dbo].[QueryParameterValue]([Name],[CreatedBy],[CreatedOn],[ModifiedBy],[ModifiedOn],[RowStatusId],[QueryParameterId],[Description])VALUES('aolportal_120',@strDefaultValue_CreatedBy, getdate(), @strDefaultValue_ModifiedBy,getdate(),@intRowStatus_Active,@intParamId,NULL)
--INSERT INTO [ElementsCPSDB].[dbo].[QueryParameterValue]([Name],[CreatedBy],[CreatedOn],[ModifiedBy],[ModifiedOn],[RowStatusId],[QueryParameterId],[Description])VALUES('aolportal_120_2',@strDefaultValue_CreatedBy, getdate(), @strDefaultValue_ModifiedBy,getdate(),@intRowStatus_Active,@intParamId,NULL)
--INSERT INTO [ElementsCPSDB].[dbo].[QueryParameterValue]([Name],[CreatedBy],[CreatedOn],[ModifiedBy],[ModifiedOn],[RowStatusId],[QueryParameterId],[Description])VALUES('aolportal_180',@strDefaultValue_CreatedBy, getdate(), @strDefaultValue_ModifiedBy,getdate(),@intRowStatus_Active,@intParamId,NULL)    
--INSERT INTO [ElementsCPSDB].[dbo].[QueryParameterValue]([Name],[CreatedBy],[CreatedOn],[ModifiedBy],[ModifiedOn],[RowStatusId],[QueryParameterId],[Description])VALUES('aolportal_180_2',@strDefaultValue_CreatedBy, getdate(), @strDefaultValue_ModifiedBy,getdate(),@intRowStatus_Active,@intParamId,NULL)
--INSERT INTO [ElementsCPSDB].[dbo].[QueryParameterValue]([Name],[CreatedBy],[CreatedOn],[ModifiedBy],[ModifiedOn],[RowStatusId],[QueryParameterId],[Description])VALUES('aolportal_autopro',@strDefaultValue_CreatedBy, getdate(), @strDefaultValue_ModifiedBy,getdate(),@intRowStatus_Active,@intParamId,NULL)
--INSERT INTO [ElementsCPSDB].[dbo].[QueryParameterValue]([Name],[CreatedBy],[CreatedOn],[ModifiedBy],[ModifiedOn],[RowStatusId],[QueryParameterId],[Description])VALUES('aolportal_myhpclub',@strDefaultValue_CreatedBy, getdate(), @strDefaultValue_ModifiedBy,getdate(),@intRowStatus_Active,@intParamId,NULL)
--INSERT INTO [ElementsCPSDB].[dbo].[QueryParameterValue]([Name],[CreatedBy],[CreatedOn],[ModifiedBy],[ModifiedOn],[RowStatusId],[QueryParameterId],[Description])VALUES('aolportal_qbd',@strDefaultValue_CreatedBy, getdate(), @strDefaultValue_ModifiedBy,getdate(),@intRowStatus_Active,@intParamId,NULL)
--INSERT INTO [ElementsCPSDB].[dbo].[QueryParameterValue]([Name],[CreatedBy],[CreatedOn],[ModifiedBy],[ModifiedOn],[RowStatusId],[QueryParameterId],[Description])VALUES('aolportal_qbpro',@strDefaultValue_CreatedBy, getdate(), @strDefaultValue_ModifiedBy,getdate(),@intRowStatus_Active,@intParamId,NULL)
--INSERT INTO [ElementsCPSDB].[dbo].[QueryParameterValue]([Name],[CreatedBy],[CreatedOn],[ModifiedBy],[ModifiedOn],[RowStatusId],[QueryParameterId],[Description])VALUES('aolportal_qbss',@strDefaultValue_CreatedBy, getdate(), @strDefaultValue_ModifiedBy,getdate(),@intRowStatus_Active,@intParamId,NULL)
--INSERT INTO [ElementsCPSDB].[dbo].[QueryParameterValue]([Name],[CreatedBy],[CreatedOn],[ModifiedBy],[ModifiedOn],[RowStatusId],[QueryParameterId],[Description])VALUES('aolportal_reveal',@strDefaultValue_CreatedBy, getdate(), @strDefaultValue_ModifiedBy,getdate(),@intRowStatus_Active,@intParamId,NULL)
--INSERT INTO [ElementsCPSDB].[dbo].[QueryParameterValue]([Name],[CreatedBy],[CreatedOn],[ModifiedBy],[ModifiedOn],[RowStatusId],[QueryParameterId],[Description])VALUES('aolportal_supertab',@strDefaultValue_CreatedBy, getdate(), @strDefaultValue_ModifiedBy,getdate(),@intRowStatus_Active,@intParamId,NULL)
--INSERT INTO [ElementsCPSDB].[dbo].[QueryParameterValue]([Name],[CreatedBy],[CreatedOn],[ModifiedBy],[ModifiedOn],[RowStatusId],[QueryParameterId],[Description])VALUES('aolportal_supertab_2',@strDefaultValue_CreatedBy, getdate(), @strDefaultValue_ModifiedBy,getdate(),@intRowStatus_Active,@intParamId,NULL)
--INSERT INTO [ElementsCPSDB].[dbo].[QueryParameterValue]([Name],[CreatedBy],[CreatedOn],[ModifiedBy],[ModifiedOn],[RowStatusId],[QueryParameterId],[Description])VALUES('aolportal_supertab_store',@strDefaultValue_CreatedBy, getdate(), @strDefaultValue_ModifiedBy,getdate(),@intRowStatus_Active,@intParamId,NULL)    
--INSERT INTO [ElementsCPSDB].[dbo].[QueryParameterValue]([Name],[CreatedBy],[CreatedOn],[ModifiedBy],[ModifiedOn],[RowStatusId],[QueryParameterId],[Description])VALUES('aolportal_supertab_support',@strDefaultValue_CreatedBy, getdate(), @strDefaultValue_ModifiedBy,getdate(),@intRowStatus_Active,@intParamId,NULL)
--INSERT INTO [ElementsCPSDB].[dbo].[QueryParameterValue]([Name],[CreatedBy],[CreatedOn],[ModifiedBy],[ModifiedOn],[RowStatusId],[QueryParameterId],[Description])VALUES('aolportal_supertab_tools',@strDefaultValue_CreatedBy, getdate(), @strDefaultValue_ModifiedBy,getdate(),@intRowStatus_Active,@intParamId,NULL)
--INSERT INTO [ElementsCPSDB].[dbo].[QueryParameterValue]([Name],[CreatedBy],[CreatedOn],[ModifiedBy],[ModifiedOn],[RowStatusId],[QueryParameterId],[Description])VALUES('aoltb',@strDefaultValue_CreatedBy, getdate(), @strDefaultValue_ModifiedBy,getdate(),@intRowStatus_Active,@intParamId,NULL)
--INSERT INTO [ElementsCPSDB].[dbo].[QueryParameterValue]([Name],[CreatedBy],[CreatedOn],[ModifiedBy],[ModifiedOn],[RowStatusId],[QueryParameterId],[Description])VALUES('backweb',@strDefaultValue_CreatedBy, getdate(), @strDefaultValue_ModifiedBy,getdate(),@intRowStatus_Active,@intParamId,NULL)
--INSERT INTO [ElementsCPSDB].[dbo].[QueryParameterValue]([Name],[CreatedBy],[CreatedOn],[ModifiedBy],[ModifiedOn],[RowStatusId],[QueryParameterId],[Description])VALUES('backweb_prexp',@strDefaultValue_CreatedBy, getdate(), @strDefaultValue_ModifiedBy,getdate(),@intRowStatus_Active,@intParamId,NULL)
--INSERT INTO [ElementsCPSDB].[dbo].[QueryParameterValue]([Name],[CreatedBy],[CreatedOn],[ModifiedBy],[ModifiedOn],[RowStatusId],[QueryParameterId],[Description])VALUES('connections',@strDefaultValue_CreatedBy, getdate(), @strDefaultValue_ModifiedBy,getdate(),@intRowStatus_Active,@intParamId,NULL)
--INSERT INTO [ElementsCPSDB].[dbo].[QueryParameterValue]([Name],[CreatedBy],[CreatedOn],[ModifiedBy],[ModifiedOn],[RowStatusId],[QueryParameterId],[Description])VALUES('connections_148',@strDefaultValue_CreatedBy, getdate(), @strDefaultValue_ModifiedBy,getdate(),@intRowStatus_Active,@intParamId,NULL)
--INSERT INTO [ElementsCPSDB].[dbo].[QueryParameterValue]([Name],[CreatedBy],[CreatedOn],[ModifiedBy],[ModifiedOn],[RowStatusId],[QueryParameterId],[Description])VALUES('connections_180',@strDefaultValue_CreatedBy, getdate(), @strDefaultValue_ModifiedBy,getdate(),@intRowStatus_Active,@intParamId,NULL)
--INSERT INTO [ElementsCPSDB].[dbo].[QueryParameterValue]([Name],[CreatedBy],[CreatedOn],[ModifiedBy],[ModifiedOn],[RowStatusId],[QueryParameterId],[Description])VALUES('connections_autopro',@strDefaultValue_CreatedBy, getdate(), @strDefaultValue_ModifiedBy,getdate(),@intRowStatus_Active,@intParamId,NULL)
--INSERT INTO [ElementsCPSDB].[dbo].[QueryParameterValue]([Name],[CreatedBy],[CreatedOn],[ModifiedBy],[ModifiedOn],[RowStatusId],[QueryParameterId],[Description])VALUES('connections_qbd',@strDefaultValue_CreatedBy, getdate(), @strDefaultValue_ModifiedBy,getdate(),@intRowStatus_Active,@intParamId,NULL)    
--INSERT INTO [ElementsCPSDB].[dbo].[QueryParameterValue]([Name],[CreatedBy],[CreatedOn],[ModifiedBy],[ModifiedOn],[RowStatusId],[QueryParameterId],[Description])VALUES('connections_qbpro',@strDefaultValue_CreatedBy, getdate(), @strDefaultValue_ModifiedBy,getdate(),@intRowStatus_Active,@intParamId,NULL)
--INSERT INTO [ElementsCPSDB].[dbo].[QueryParameterValue]([Name],[CreatedBy],[CreatedOn],[ModifiedBy],[ModifiedOn],[RowStatusId],[QueryParameterId],[Description])VALUES('connections_qbss',@strDefaultValue_CreatedBy, getdate(), @strDefaultValue_ModifiedBy,getdate(),@intRowStatus_Active,@intParamId,NULL)
--INSERT INTO [ElementsCPSDB].[dbo].[QueryParameterValue]([Name],[CreatedBy],[CreatedOn],[ModifiedBy],[ModifiedOn],[RowStatusId],[QueryParameterId],[Description])VALUES('connections_reveal',@strDefaultValue_CreatedBy, getdate(), @strDefaultValue_ModifiedBy,getdate(),@intRowStatus_Active,@intParamId,NULL)
--INSERT INTO [ElementsCPSDB].[dbo].[QueryParameterValue]([Name],[CreatedBy],[CreatedOn],[ModifiedBy],[ModifiedOn],[RowStatusId],[QueryParameterId],[Description])VALUES('cpicon',@strDefaultValue_CreatedBy, getdate(), @strDefaultValue_ModifiedBy,getdate(),@intRowStatus_Active,@intParamId,NULL)
--INSERT INTO [ElementsCPSDB].[dbo].[QueryParameterValue]([Name],[CreatedBy],[CreatedOn],[ModifiedBy],[ModifiedOn],[RowStatusId],[QueryParameterId],[Description])VALUES('cq_corner',@strDefaultValue_CreatedBy, getdate(), @strDefaultValue_ModifiedBy,getdate(),@intRowStatus_Active,@intParamId,NULL)
--INSERT INTO [ElementsCPSDB].[dbo].[QueryParameterValue]([Name],[CreatedBy],[CreatedOn],[ModifiedBy],[ModifiedOn],[RowStatusId],[QueryParameterId],[Description])VALUES('cq_corner_2',@strDefaultValue_CreatedBy, getdate(), @strDefaultValue_ModifiedBy,getdate(),@intRowStatus_Active,@intParamId,NULL)
--INSERT INTO [ElementsCPSDB].[dbo].[QueryParameterValue]([Name],[CreatedBy],[CreatedOn],[ModifiedBy],[ModifiedOn],[RowStatusId],[QueryParameterId],[Description])VALUES('cq_corner_3',@strDefaultValue_CreatedBy, getdate(), @strDefaultValue_ModifiedBy,getdate(),@intRowStatus_Active,@intParamId,NULL)
--INSERT INTO [ElementsCPSDB].[dbo].[QueryParameterValue]([Name],[CreatedBy],[CreatedOn],[ModifiedBy],[ModifiedOn],[RowStatusId],[QueryParameterId],[Description])VALUES('cq_corner_4',@strDefaultValue_CreatedBy, getdate(), @strDefaultValue_ModifiedBy,getdate(),@intRowStatus_Active,@intParamId,NULL)
--INSERT INTO [ElementsCPSDB].[dbo].[QueryParameterValue]([Name],[CreatedBy],[CreatedOn],[ModifiedBy],[ModifiedOn],[RowStatusId],[QueryParameterId],[Description])VALUES('cq_corner_5',@strDefaultValue_CreatedBy, getdate(), @strDefaultValue_ModifiedBy,getdate(),@intRowStatus_Active,@intParamId,NULL)
--INSERT INTO [ElementsCPSDB].[dbo].[QueryParameterValue]([Name],[CreatedBy],[CreatedOn],[ModifiedBy],[ModifiedOn],[RowStatusId],[QueryParameterId],[Description])VALUES('cq_corner_altcat_148',@strDefaultValue_CreatedBy, getdate(), @strDefaultValue_ModifiedBy,getdate(),@intRowStatus_Active,@intParamId,NULL)    
--INSERT INTO [ElementsCPSDB].[dbo].[QueryParameterValue]([Name],[CreatedBy],[CreatedOn],[ModifiedBy],[ModifiedOn],[RowStatusId],[QueryParameterId],[Description])VALUES('cq_corner_altcat_148_2',@strDefaultValue_CreatedBy, getdate(), @strDefaultValue_ModifiedBy,getdate(),@intRowStatus_Active,@intParamId,NULL)
--INSERT INTO [ElementsCPSDB].[dbo].[QueryParameterValue]([Name],[CreatedBy],[CreatedOn],[ModifiedBy],[ModifiedOn],[RowStatusId],[QueryParameterId],[Description])VALUES('cq_corner_altcat_148_3',@strDefaultValue_CreatedBy, getdate(), @strDefaultValue_ModifiedBy,getdate(),@intRowStatus_Active,@intParamId,NULL)
--INSERT INTO [ElementsCPSDB].[dbo].[QueryParameterValue]([Name],[CreatedBy],[CreatedOn],[ModifiedBy],[ModifiedOn],[RowStatusId],[QueryParameterId],[Description])VALUES('cq_corner_altcat_370',@strDefaultValue_CreatedBy, getdate(), @strDefaultValue_ModifiedBy,getdate(),@intRowStatus_Active,@intParamId,NULL)
--INSERT INTO [ElementsCPSDB].[dbo].[QueryParameterValue]([Name],[CreatedBy],[CreatedOn],[ModifiedBy],[ModifiedOn],[RowStatusId],[QueryParameterId],[Description])VALUES('cq_corner_altcat_370_2',@strDefaultValue_CreatedBy, getdate(), @strDefaultValue_ModifiedBy,getdate(),@intRowStatus_Active,@intParamId,NULL)
--INSERT INTO [ElementsCPSDB].[dbo].[QueryParameterValue]([Name],[CreatedBy],[CreatedOn],[ModifiedBy],[ModifiedOn],[RowStatusId],[QueryParameterId],[Description])VALUES('cq_corner_altcat_370_3',@strDefaultValue_CreatedBy, getdate(), @strDefaultValue_ModifiedBy,getdate(),@intRowStatus_Active,@intParamId,NULL)
--INSERT INTO [ElementsCPSDB].[dbo].[QueryParameterValue]([Name],[CreatedBy],[CreatedOn],[ModifiedBy],[ModifiedOn],[RowStatusId],[QueryParameterId],[Description])VALUES('cq_corner_altcat_64',@strDefaultValue_CreatedBy, getdate(), @strDefaultValue_ModifiedBy,getdate(),@intRowStatus_Active,@intParamId,NULL)
--INSERT INTO [ElementsCPSDB].[dbo].[QueryParameterValue]([Name],[CreatedBy],[CreatedOn],[ModifiedBy],[ModifiedOn],[RowStatusId],[QueryParameterId],[Description])VALUES('cq_corner_altcat_64_2',@strDefaultValue_CreatedBy, getdate(), @strDefaultValue_ModifiedBy,getdate(),@intRowStatus_Active,@intParamId,NULL)
--INSERT INTO [ElementsCPSDB].[dbo].[QueryParameterValue]([Name],[CreatedBy],[CreatedOn],[ModifiedBy],[ModifiedOn],[RowStatusId],[QueryParameterId],[Description])VALUES('cq_corner_altcat_64_3',@strDefaultValue_CreatedBy, getdate(), @strDefaultValue_ModifiedBy,getdate(),@intRowStatus_Active,@intParamId,NULL)
--INSERT INTO [ElementsCPSDB].[dbo].[QueryParameterValue]([Name],[CreatedBy],[CreatedOn],[ModifiedBy],[ModifiedOn],[RowStatusId],[QueryParameterId],[Description])VALUES('cq_corner_autopro',@strDefaultValue_CreatedBy, getdate(), @strDefaultValue_ModifiedBy,getdate(),@intRowStatus_Active,@intParamId,NULL)
--INSERT INTO [ElementsCPSDB].[dbo].[QueryParameterValue]([Name],[CreatedBy],[CreatedOn],[ModifiedBy],[ModifiedOn],[RowStatusId],[QueryParameterId],[Description])VALUES('cq_corner_autopro_2',@strDefaultValue_CreatedBy, getdate(), @strDefaultValue_ModifiedBy,getdate(),@intRowStatus_Active,@intParamId,NULL)    
--INSERT INTO [ElementsCPSDB].[dbo].[QueryParameterValue]([Name],[CreatedBy],[CreatedOn],[ModifiedBy],[ModifiedOn],[RowStatusId],[QueryParameterId],[Description])VALUES('cq_corner_autopro_3',@strDefaultValue_CreatedBy, getdate(), @strDefaultValue_ModifiedBy,getdate(),@intRowStatus_Active,@intParamId,NULL)
--INSERT INTO [ElementsCPSDB].[dbo].[QueryParameterValue]([Name],[CreatedBy],[CreatedOn],[ModifiedBy],[ModifiedOn],[RowStatusId],[QueryParameterId],[Description])VALUES('cq_corner_connect',@strDefaultValue_CreatedBy, getdate(), @strDefaultValue_ModifiedBy,getdate(),@intRowStatus_Active,@intParamId,NULL)
--INSERT INTO [ElementsCPSDB].[dbo].[QueryParameterValue]([Name],[CreatedBy],[CreatedOn],[ModifiedBy],[ModifiedOn],[RowStatusId],[QueryParameterId],[Description])VALUES('cq_corner_entcat_148',@strDefaultValue_CreatedBy, getdate(), @strDefaultValue_ModifiedBy,getdate(),@intRowStatus_Active,@intParamId,NULL)
--INSERT INTO [ElementsCPSDB].[dbo].[QueryParameterValue]([Name],[CreatedBy],[CreatedOn],[ModifiedBy],[ModifiedOn],[RowStatusId],[QueryParameterId],[Description])VALUES('cq_corner_entcat_148_2',@strDefaultValue_CreatedBy, getdate(), @strDefaultValue_ModifiedBy,getdate(),@intRowStatus_Active,@intParamId,NULL)
--INSERT INTO [ElementsCPSDB].[dbo].[QueryParameterValue]([Name],[CreatedBy],[CreatedOn],[ModifiedBy],[ModifiedOn],[RowStatusId],[QueryParameterId],[Description])VALUES('cq_corner_entcat_148_3',@strDefaultValue_CreatedBy, getdate(), @strDefaultValue_ModifiedBy,getdate(),@intRowStatus_Active,@intParamId,NULL)
--INSERT INTO [ElementsCPSDB].[dbo].[QueryParameterValue]([Name],[CreatedBy],[CreatedOn],[ModifiedBy],[ModifiedOn],[RowStatusId],[QueryParameterId],[Description])VALUES('cq_corner_entcat_370',@strDefaultValue_CreatedBy, getdate(), @strDefaultValue_ModifiedBy,getdate(),@intRowStatus_Active,@intParamId,NULL)
--INSERT INTO [ElementsCPSDB].[dbo].[QueryParameterValue]([Name],[CreatedBy],[CreatedOn],[ModifiedBy],[ModifiedOn],[RowStatusId],[QueryParameterId],[Description])VALUES('cq_corner_entcat_370_2',@strDefaultValue_CreatedBy, getdate(), @strDefaultValue_ModifiedBy,getdate(),@intRowStatus_Active,@intParamId,NULL)
--INSERT INTO [ElementsCPSDB].[dbo].[QueryParameterValue]([Name],[CreatedBy],[CreatedOn],[ModifiedBy],[ModifiedOn],[RowStatusId],[QueryParameterId],[Description])VALUES('cq_corner_entcat_370_3',@strDefaultValue_CreatedBy, getdate(), @strDefaultValue_ModifiedBy,getdate(),@intRowStatus_Active,@intParamId,NULL)
--INSERT INTO [ElementsCPSDB].[dbo].[QueryParameterValue]([Name],[CreatedBy],[CreatedOn],[ModifiedBy],[ModifiedOn],[RowStatusId],[QueryParameterId],[Description])VALUES('cq_corner_entcat_64',@strDefaultValue_CreatedBy, getdate(), @strDefaultValue_ModifiedBy,getdate(),@intRowStatus_Active,@intParamId,NULL)
--INSERT INTO [ElementsCPSDB].[dbo].[QueryParameterValue]([Name],[CreatedBy],[CreatedOn],[ModifiedBy],[ModifiedOn],[RowStatusId],[QueryParameterId],[Description])VALUES('cq_corner_entcat_64_2',@strDefaultValue_CreatedBy, getdate(), @strDefaultValue_ModifiedBy,getdate(),@intRowStatus_Active,@intParamId,NULL)
--INSERT INTO [ElementsCPSDB].[dbo].[QueryParameterValue]([Name],[CreatedBy],[CreatedOn],[ModifiedBy],[ModifiedOn],[RowStatusId],[QueryParameterId],[Description])VALUES('cq_corner_entcat_64_3',@strDefaultValue_CreatedBy, getdate(), @strDefaultValue_ModifiedBy,getdate(),@intRowStatus_Active,@intParamId,NULL)
--INSERT INTO [ElementsCPSDB].[dbo].[QueryParameterValue]([Name],[CreatedBy],[CreatedOn],[ModifiedBy],[ModifiedOn],[RowStatusId],[QueryParameterId],[Description])VALUES('cq_corner_entcat_64_4',@strDefaultValue_CreatedBy, getdate(), @strDefaultValue_ModifiedBy,getdate(),@intRowStatus_Active,@intParamId,NULL)
--INSERT INTO [ElementsCPSDB].[dbo].[QueryParameterValue]([Name],[CreatedBy],[CreatedOn],[ModifiedBy],[ModifiedOn],[RowStatusId],[QueryParameterId],[Description])VALUES('cq_corner_home_148',@strDefaultValue_CreatedBy, getdate(), @strDefaultValue_ModifiedBy,getdate(),@intRowStatus_Active,@intParamId,NULL)
--INSERT INTO [ElementsCPSDB].[dbo].[QueryParameterValue]([Name],[CreatedBy],[CreatedOn],[ModifiedBy],[ModifiedOn],[RowStatusId],[QueryParameterId],[Description])VALUES('cq_corner_home_148_2',@strDefaultValue_CreatedBy, getdate(), @strDefaultValue_ModifiedBy,getdate(),@intRowStatus_Active,@intParamId,NULL)
--INSERT INTO [ElementsCPSDB].[dbo].[QueryParameterValue]([Name],[CreatedBy],[CreatedOn],[ModifiedBy],[ModifiedOn],[RowStatusId],[QueryParameterId],[Description])VALUES('cq_corner_home_370',@strDefaultValue_CreatedBy, getdate(), @strDefaultValue_ModifiedBy,getdate(),@intRowStatus_Active,@intParamId,NULL)
--INSERT INTO [ElementsCPSDB].[dbo].[QueryParameterValue]([Name],[CreatedBy],[CreatedOn],[ModifiedBy],[ModifiedOn],[RowStatusId],[QueryParameterId],[Description])VALUES('cq_corner_home_370_2',@strDefaultValue_CreatedBy, getdate(), @strDefaultValue_ModifiedBy,getdate(),@intRowStatus_Active,@intParamId,NULL)
--INSERT INTO [ElementsCPSDB].[dbo].[QueryParameterValue]([Name],[CreatedBy],[CreatedOn],[ModifiedBy],[ModifiedOn],[RowStatusId],[QueryParameterId],[Description])VALUES('cq_corner_home_64',@strDefaultValue_CreatedBy, getdate(), @strDefaultValue_ModifiedBy,getdate(),@intRowStatus_Active,@intParamId,NULL)
--INSERT INTO [ElementsCPSDB].[dbo].[QueryParameterValue]([Name],[CreatedBy],[CreatedOn],[ModifiedBy],[ModifiedOn],[RowStatusId],[QueryParameterId],[Description])VALUES('cq_corner_home_64_2',@strDefaultValue_CreatedBy, getdate(), @strDefaultValue_ModifiedBy,getdate(),@intRowStatus_Active,@intParamId,NULL)
--INSERT INTO [ElementsCPSDB].[dbo].[QueryParameterValue]([Name],[CreatedBy],[CreatedOn],[ModifiedBy],[ModifiedOn],[RowStatusId],[QueryParameterId],[Description])VALUES('cq_corner_qbd',@strDefaultValue_CreatedBy, getdate(), @strDefaultValue_ModifiedBy,getdate(),@intRowStatus_Active,@intParamId,NULL)
--INSERT INTO [ElementsCPSDB].[dbo].[QueryParameterValue]([Name],[CreatedBy],[CreatedOn],[ModifiedBy],[ModifiedOn],[RowStatusId],[QueryParameterId],[Description])VALUES('cq_corner_qbpro',@strDefaultValue_CreatedBy, getdate(), @strDefaultValue_ModifiedBy,getdate(),@intRowStatus_Active,@intParamId,NULL)    
--INSERT INTO [ElementsCPSDB].[dbo].[QueryParameterValue]([Name],[CreatedBy],[CreatedOn],[ModifiedBy],[ModifiedOn],[RowStatusId],[QueryParameterId],[Description])VALUES('cq_corner_qbss',@strDefaultValue_CreatedBy, getdate(), @strDefaultValue_ModifiedBy,getdate(),@intRowStatus_Active,@intParamId,NULL)
--INSERT INTO [ElementsCPSDB].[dbo].[QueryParameterValue]([Name],[CreatedBy],[CreatedOn],[ModifiedBy],[ModifiedOn],[RowStatusId],[QueryParameterId],[Description])VALUES('cq_corner_reveal',@strDefaultValue_CreatedBy, getdate(), @strDefaultValue_ModifiedBy,getdate(),@intRowStatus_Active,@intParamId,NULL)
--INSERT INTO [ElementsCPSDB].[dbo].[QueryParameterValue]([Name],[CreatedBy],[CreatedOn],[ModifiedBy],[ModifiedOn],[RowStatusId],[QueryParameterId],[Description])VALUES('cq_corner_reveal_2',@strDefaultValue_CreatedBy, getdate(), @strDefaultValue_ModifiedBy,getdate(),@intRowStatus_Active,@intParamId,NULL)
--INSERT INTO [ElementsCPSDB].[dbo].[QueryParameterValue]([Name],[CreatedBy],[CreatedOn],[ModifiedBy],[ModifiedOn],[RowStatusId],[QueryParameterId],[Description])VALUES('cq_corner_reveal_3',@strDefaultValue_CreatedBy, getdate(), @strDefaultValue_ModifiedBy,getdate(),@intRowStatus_Active,@intParamId,NULL)
--INSERT INTO [ElementsCPSDB].[dbo].[QueryParameterValue]([Name],[CreatedBy],[CreatedOn],[ModifiedBy],[ModifiedOn],[RowStatusId],[QueryParameterId],[Description])VALUES('cq_corner_security',@strDefaultValue_CreatedBy, getdate(), @strDefaultValue_ModifiedBy,getdate(),@intRowStatus_Active,@intParamId,NULL)
--INSERT INTO [ElementsCPSDB].[dbo].[QueryParameterValue]([Name],[CreatedBy],[CreatedOn],[ModifiedBy],[ModifiedOn],[RowStatusId],[QueryParameterId],[Description])VALUES('cq_corner_sw',@strDefaultValue_CreatedBy, getdate(), @strDefaultValue_ModifiedBy,getdate(),@intRowStatus_Active,@intParamId,NULL)
--INSERT INTO [ElementsCPSDB].[dbo].[QueryParameterValue]([Name],[CreatedBy],[CreatedOn],[ModifiedBy],[ModifiedOn],[RowStatusId],[QueryParameterId],[Description])VALUES('dt-icon',@strDefaultValue_CreatedBy, getdate(), @strDefaultValue_ModifiedBy,getdate(),@intRowStatus_Active,@intParamId,NULL)
--INSERT INTO [ElementsCPSDB].[dbo].[QueryParameterValue]([Name],[CreatedBy],[CreatedOn],[ModifiedBy],[ModifiedOn],[RowStatusId],[QueryParameterId],[Description])VALUES('dticon',@strDefaultValue_CreatedBy, getdate(), @strDefaultValue_ModifiedBy,getdate(),@intRowStatus_Active,@intParamId,NULL)
--INSERT INTO [ElementsCPSDB].[dbo].[QueryParameterValue]([Name],[CreatedBy],[CreatedOn],[ModifiedBy],[ModifiedOn],[RowStatusId],[QueryParameterId],[Description])VALUES('eis',@strDefaultValue_CreatedBy, getdate(), @strDefaultValue_ModifiedBy,getdate(),@intRowStatus_Active,@intParamId,NULL)
--INSERT INTO [ElementsCPSDB].[dbo].[QueryParameterValue]([Name],[CreatedBy],[CreatedOn],[ModifiedBy],[ModifiedOn],[RowStatusId],[QueryParameterId],[Description])VALUES('hpclub',@strDefaultValue_CreatedBy, getdate(), @strDefaultValue_ModifiedBy,getdate(),@intRowStatus_Active,@intParamId,NULL)    
--INSERT INTO [ElementsCPSDB].[dbo].[QueryParameterValue]([Name],[CreatedBy],[CreatedOn],[ModifiedBy],[ModifiedOn],[RowStatusId],[QueryParameterId],[Description])VALUES('hponlineclasses',@strDefaultValue_CreatedBy, getdate(), @strDefaultValue_ModifiedBy,getdate(),@intRowStatus_Active,@intParamId,NULL)
--INSERT INTO [ElementsCPSDB].[dbo].[QueryParameterValue]([Name],[CreatedBy],[CreatedOn],[ModifiedBy],[ModifiedOn],[RowStatusId],[QueryParameterId],[Description])VALUES('hpreg',@strDefaultValue_CreatedBy, getdate(), @strDefaultValue_ModifiedBy,getdate(),@intRowStatus_Active,@intParamId,NULL)
--INSERT INTO [ElementsCPSDB].[dbo].[QueryParameterValue]([Name],[CreatedBy],[CreatedOn],[ModifiedBy],[ModifiedOn],[RowStatusId],[QueryParameterId],[Description])VALUES('iefavs',@strDefaultValue_CreatedBy, getdate(), @strDefaultValue_ModifiedBy,getdate(),@intRowStatus_Active,@intParamId,NULL)
--INSERT INTO [ElementsCPSDB].[dbo].[QueryParameterValue]([Name],[CreatedBy],[CreatedOn],[ModifiedBy],[ModifiedOn],[RowStatusId],[QueryParameterId],[Description])VALUES('install',@strDefaultValue_CreatedBy, getdate(), @strDefaultValue_ModifiedBy,getdate(),@intRowStatus_Active,@intParamId,NULL)
--INSERT INTO [ElementsCPSDB].[dbo].[QueryParameterValue]([Name],[CreatedBy],[CreatedOn],[ModifiedBy],[ModifiedOn],[RowStatusId],[QueryParameterId],[Description])VALUES('msntb',@strDefaultValue_CreatedBy, getdate(), @strDefaultValue_ModifiedBy,getdate(),@intRowStatus_Active,@intParamId,NULL)
--INSERT INTO [ElementsCPSDB].[dbo].[QueryParameterValue]([Name],[CreatedBy],[CreatedOn],[ModifiedBy],[ModifiedOn],[RowStatusId],[QueryParameterId],[Description])VALUES('myaol',@strDefaultValue_CreatedBy, getdate(), @strDefaultValue_ModifiedBy,getdate(),@intRowStatus_Active,@intParamId,NULL)
--INSERT INTO [ElementsCPSDB].[dbo].[QueryParameterValue]([Name],[CreatedBy],[CreatedOn],[ModifiedBy],[ModifiedOn],[RowStatusId],[QueryParameterId],[Description])VALUES('myaol_2',@strDefaultValue_CreatedBy, getdate(), @strDefaultValue_ModifiedBy,getdate(),@intRowStatus_Active,@intParamId,NULL)
--INSERT INTO [ElementsCPSDB].[dbo].[QueryParameterValue]([Name],[CreatedBy],[CreatedOn],[ModifiedBy],[ModifiedOn],[RowStatusId],[QueryParameterId],[Description])VALUES('myaol_3',@strDefaultValue_CreatedBy, getdate(), @strDefaultValue_ModifiedBy,getdate(),@intRowStatus_Active,@intParamId,NULL)
--INSERT INTO [ElementsCPSDB].[dbo].[QueryParameterValue]([Name],[CreatedBy],[CreatedOn],[ModifiedBy],[ModifiedOn],[RowStatusId],[QueryParameterId],[Description])VALUES('myaol_autopro',@strDefaultValue_CreatedBy, getdate(), @strDefaultValue_ModifiedBy,getdate(),@intRowStatus_Active,@intParamId,NULL)
--INSERT INTO [ElementsCPSDB].[dbo].[QueryParameterValue]([Name],[CreatedBy],[CreatedOn],[ModifiedBy],[ModifiedOn],[RowStatusId],[QueryParameterId],[Description])VALUES('myaol_commercial',@strDefaultValue_CreatedBy, getdate(), @strDefaultValue_ModifiedBy,getdate(),@intRowStatus_Active,@intParamId,NULL)    
--INSERT INTO [ElementsCPSDB].[dbo].[QueryParameterValue]([Name],[CreatedBy],[CreatedOn],[ModifiedBy],[ModifiedOn],[RowStatusId],[QueryParameterId],[Description])VALUES('myaol_qbd',@strDefaultValue_CreatedBy, getdate(), @strDefaultValue_ModifiedBy,getdate(),@intRowStatus_Active,@intParamId,NULL)
--INSERT INTO [ElementsCPSDB].[dbo].[QueryParameterValue]([Name],[CreatedBy],[CreatedOn],[ModifiedBy],[ModifiedOn],[RowStatusId],[QueryParameterId],[Description])VALUES('myaol_qbpro',@strDefaultValue_CreatedBy, getdate(), @strDefaultValue_ModifiedBy,getdate(),@intRowStatus_Active,@intParamId,NULL)
--INSERT INTO [ElementsCPSDB].[dbo].[QueryParameterValue]([Name],[CreatedBy],[CreatedOn],[ModifiedBy],[ModifiedOn],[RowStatusId],[QueryParameterId],[Description])VALUES('myaol_qbss',@strDefaultValue_CreatedBy, getdate(), @strDefaultValue_ModifiedBy,getdate(),@intRowStatus_Active,@intParamId,NULL)
--INSERT INTO [ElementsCPSDB].[dbo].[QueryParameterValue]([Name],[CreatedBy],[CreatedOn],[ModifiedBy],[ModifiedOn],[RowStatusId],[QueryParameterId],[Description])VALUES('myaol_reveal',@strDefaultValue_CreatedBy, getdate(), @strDefaultValue_ModifiedBy,getdate(),@intRowStatus_Active,@intParamId,NULL)
--INSERT INTO [ElementsCPSDB].[dbo].[QueryParameterValue]([Name],[CreatedBy],[CreatedOn],[ModifiedBy],[ModifiedOn],[RowStatusId],[QueryParameterId],[Description])VALUES('onlinesvs',@strDefaultValue_CreatedBy, getdate(), @strDefaultValue_ModifiedBy,getdate(),@intRowStatus_Active,@intParamId,NULL)
--INSERT INTO [ElementsCPSDB].[dbo].[QueryParameterValue]([Name],[CreatedBy],[CreatedOn],[ModifiedBy],[ModifiedOn],[RowStatusId],[QueryParameterId],[Description])VALUES('organize',@strDefaultValue_CreatedBy, getdate(), @strDefaultValue_ModifiedBy,getdate(),@intRowStatus_Active,@intParamId,NULL)
--INSERT INTO [ElementsCPSDB].[dbo].[QueryParameterValue]([Name],[CreatedBy],[CreatedOn],[ModifiedBy],[ModifiedOn],[RowStatusId],[QueryParameterId],[Description])VALUES('organize-srch',@strDefaultValue_CreatedBy, getdate(), @strDefaultValue_ModifiedBy,getdate(),@intRowStatus_Active,@intParamId,NULL)
--INSERT INTO [ElementsCPSDB].[dbo].[QueryParameterValue]([Name],[CreatedBy],[CreatedOn],[ModifiedBy],[ModifiedOn],[RowStatusId],[QueryParameterId],[Description])VALUES('organizeenter',@strDefaultValue_CreatedBy, getdate(), @strDefaultValue_ModifiedBy,getdate(),@intRowStatus_Active,@intParamId,NULL)
--INSERT INTO [ElementsCPSDB].[dbo].[QueryParameterValue]([Name],[CreatedBy],[CreatedOn],[ModifiedBy],[ModifiedOn],[RowStatusId],[QueryParameterId],[Description])VALUES('organizefindastore',@strDefaultValue_CreatedBy, getdate(), @strDefaultValue_ModifiedBy,getdate(),@intRowStatus_Active,@intParamId,NULL)
--INSERT INTO [ElementsCPSDB].[dbo].[QueryParameterValue]([Name],[CreatedBy],[CreatedOn],[ModifiedBy],[ModifiedOn],[RowStatusId],[QueryParameterId],[Description])VALUES('organizegames',@strDefaultValue_CreatedBy, getdate(), @strDefaultValue_ModifiedBy,getdate(),@intRowStatus_Active,@intParamId,NULL)    
--INSERT INTO [ElementsCPSDB].[dbo].[QueryParameterValue]([Name],[CreatedBy],[CreatedOn],[ModifiedBy],[ModifiedOn],[RowStatusId],[QueryParameterId],[Description])VALUES('organizeinternetacc',@strDefaultValue_CreatedBy, getdate(), @strDefaultValue_ModifiedBy,getdate(),@intRowStatus_Active,@intParamId,NULL)
--INSERT INTO [ElementsCPSDB].[dbo].[QueryParameterValue]([Name],[CreatedBy],[CreatedOn],[ModifiedBy],[ModifiedOn],[RowStatusId],[QueryParameterId],[Description])VALUES('organizemusic',@strDefaultValue_CreatedBy, getdate(), @strDefaultValue_ModifiedBy,getdate(),@intRowStatus_Active,@intParamId,NULL)
--INSERT INTO [ElementsCPSDB].[dbo].[QueryParameterValue]([Name],[CreatedBy],[CreatedOn],[ModifiedBy],[ModifiedOn],[RowStatusId],[QueryParameterId],[Description])VALUES('organizemusicdown',@strDefaultValue_CreatedBy, getdate(), @strDefaultValue_ModifiedBy,getdate(),@intRowStatus_Active,@intParamId,NULL)
--INSERT INTO [ElementsCPSDB].[dbo].[QueryParameterValue]([Name],[CreatedBy],[CreatedOn],[ModifiedBy],[ModifiedOn],[RowStatusId],[QueryParameterId],[Description])VALUES('organizeonlinegiftreg',@strDefaultValue_CreatedBy, getdate(), @strDefaultValue_ModifiedBy,getdate(),@intRowStatus_Active,@intParamId,NULL)
--INSERT INTO [ElementsCPSDB].[dbo].[QueryParameterValue]([Name],[CreatedBy],[CreatedOn],[ModifiedBy],[ModifiedOn],[RowStatusId],[QueryParameterId],[Description])VALUES('organizeonlinepharm',@strDefaultValue_CreatedBy, getdate(), @strDefaultValue_ModifiedBy,getdate(),@intRowStatus_Active,@intParamId,NULL)
--INSERT INTO [ElementsCPSDB].[dbo].[QueryParameterValue]([Name],[CreatedBy],[CreatedOn],[ModifiedBy],[ModifiedOn],[RowStatusId],[QueryParameterId],[Description])VALUES('organizeonlinephoto',@strDefaultValue_CreatedBy, getdate(), @strDefaultValue_ModifiedBy,getdate(),@intRowStatus_Active,@intParamId,NULL)
--INSERT INTO [ElementsCPSDB].[dbo].[QueryParameterValue]([Name],[CreatedBy],[CreatedOn],[ModifiedBy],[ModifiedOn],[RowStatusId],[QueryParameterId],[Description])VALUES('organizepcacc',@strDefaultValue_CreatedBy, getdate(), @strDefaultValue_ModifiedBy,getdate(),@intRowStatus_Active,@intParamId,NULL)
--INSERT INTO [ElementsCPSDB].[dbo].[QueryParameterValue]([Name],[CreatedBy],[CreatedOn],[ModifiedBy],[ModifiedOn],[RowStatusId],[QueryParameterId],[Description])VALUES('organizepchelp',@strDefaultValue_CreatedBy, getdate(), @strDefaultValue_ModifiedBy,getdate(),@intRowStatus_Active,@intParamId,NULL)
--INSERT INTO [ElementsCPSDB].[dbo].[QueryParameterValue]([Name],[CreatedBy],[CreatedOn],[ModifiedBy],[ModifiedOn],[RowStatusId],[QueryParameterId],[Description])VALUES('organizepcsec',@strDefaultValue_CreatedBy, getdate(), @strDefaultValue_ModifiedBy,getdate(),@intRowStatus_Active,@intParamId,NULL)
--INSERT INTO [ElementsCPSDB].[dbo].[QueryParameterValue]([Name],[CreatedBy],[CreatedOn],[ModifiedBy],[ModifiedOn],[RowStatusId],[QueryParameterId],[Description])VALUES('organizepers',@strDefaultValue_CreatedBy, getdate(), @strDefaultValue_ModifiedBy,getdate(),@intRowStatus_Active,@intParamId,NULL) 
--INSERT INTO [ElementsCPSDB].[dbo].[QueryParameterValue]([Name],[CreatedBy],[CreatedOn],[ModifiedBy],[ModifiedOn],[RowStatusId],[QueryParameterId],[Description])VALUES('organizepro',@strDefaultValue_CreatedBy, getdate(), @strDefaultValue_ModifiedBy,getdate(),@intRowStatus_Active,@intParamId,NULL)
--INSERT INTO [ElementsCPSDB].[dbo].[QueryParameterValue]([Name],[CreatedBy],[CreatedOn],[ModifiedBy],[ModifiedOn],[RowStatusId],[QueryParameterId],[Description])VALUES('organizeshop',@strDefaultValue_CreatedBy, getdate(), @strDefaultValue_ModifiedBy,getdate(),@intRowStatus_Active,@intParamId,NULL)
--INSERT INTO [ElementsCPSDB].[dbo].[QueryParameterValue]([Name],[CreatedBy],[CreatedOn],[ModifiedBy],[ModifiedOn],[RowStatusId],[QueryParameterId],[Description])VALUES('organizeshoponline',@strDefaultValue_CreatedBy, getdate(), @strDefaultValue_ModifiedBy,getdate(),@intRowStatus_Active,@intParamId,NULL)
--INSERT INTO [ElementsCPSDB].[dbo].[QueryParameterValue]([Name],[CreatedBy],[CreatedOn],[ModifiedBy],[ModifiedOn],[RowStatusId],[QueryParameterId],[Description])VALUES('pc_discovery_center',@strDefaultValue_CreatedBy, getdate(), @strDefaultValue_ModifiedBy,getdate(),@intRowStatus_Active,@intParamId,NULL)
--INSERT INTO [ElementsCPSDB].[dbo].[QueryParameterValue]([Name],[CreatedBy],[CreatedOn],[ModifiedBy],[ModifiedOn],[RowStatusId],[QueryParameterId],[Description])VALUES('pc_discovery_center_1300',@strDefaultValue_CreatedBy, getdate(), @strDefaultValue_ModifiedBy,getdate(),@intRowStatus_Active,@intParamId,NULL)
--INSERT INTO [ElementsCPSDB].[dbo].[QueryParameterValue]([Name],[CreatedBy],[CreatedOn],[ModifiedBy],[ModifiedOn],[RowStatusId],[QueryParameterId],[Description])VALUES('pc_discovery_center_1301',@strDefaultValue_CreatedBy, getdate(), @strDefaultValue_ModifiedBy,getdate(),@intRowStatus_Active,@intParamId,NULL)
--INSERT INTO [ElementsCPSDB].[dbo].[QueryParameterValue]([Name],[CreatedBy],[CreatedOn],[ModifiedBy],[ModifiedOn],[RowStatusId],[QueryParameterId],[Description])VALUES('pc_discovery_center_1302',@strDefaultValue_CreatedBy, getdate(), @strDefaultValue_ModifiedBy,getdate(),@intRowStatus_Active,@intParamId,NULL)
--INSERT INTO [ElementsCPSDB].[dbo].[QueryParameterValue]([Name],[CreatedBy],[CreatedOn],[ModifiedBy],[ModifiedOn],[RowStatusId],[QueryParameterId],[Description])VALUES('pc_discovery_center_1303',@strDefaultValue_CreatedBy, getdate(), @strDefaultValue_ModifiedBy,getdate(),@intRowStatus_Active,@intParamId,NULL)
--INSERT INTO [ElementsCPSDB].[dbo].[QueryParameterValue]([Name],[CreatedBy],[CreatedOn],[ModifiedBy],[ModifiedOn],[RowStatusId],[QueryParameterId],[Description])VALUES('pc_discovery_center_1304',@strDefaultValue_CreatedBy, getdate(), @strDefaultValue_ModifiedBy,getdate(),@intRowStatus_Active,@intParamId,NULL)
--INSERT INTO [ElementsCPSDB].[dbo].[QueryParameterValue]([Name],[CreatedBy],[CreatedOn],[ModifiedBy],[ModifiedOn],[RowStatusId],[QueryParameterId],[Description])VALUES('pc_discovery_center_2',@strDefaultValue_CreatedBy, getdate(), @strDefaultValue_ModifiedBy,getdate(),@intRowStatus_Active,@intParamId,NULL)    
--INSERT INTO [ElementsCPSDB].[dbo].[QueryParameterValue]([Name],[CreatedBy],[CreatedOn],[ModifiedBy],[ModifiedOn],[RowStatusId],[QueryParameterId],[Description])VALUES('pc_discovery_center_3',@strDefaultValue_CreatedBy, getdate(), @strDefaultValue_ModifiedBy,getdate(),@intRowStatus_Active,@intParamId,NULL)
--INSERT INTO [ElementsCPSDB].[dbo].[QueryParameterValue]([Name],[CreatedBy],[CreatedOn],[ModifiedBy],[ModifiedOn],[RowStatusId],[QueryParameterId],[Description])VALUES('pc_discovery_center_4',@strDefaultValue_CreatedBy, getdate(), @strDefaultValue_ModifiedBy,getdate(),@intRowStatus_Active,@intParamId,NULL)
--INSERT INTO [ElementsCPSDB].[dbo].[QueryParameterValue]([Name],[CreatedBy],[CreatedOn],[ModifiedBy],[ModifiedOn],[RowStatusId],[QueryParameterId],[Description])VALUES('pc_discovery_center_5',@strDefaultValue_CreatedBy, getdate(), @strDefaultValue_ModifiedBy,getdate(),@intRowStatus_Active,@intParamId,NULL)
--INSERT INTO [ElementsCPSDB].[dbo].[QueryParameterValue]([Name],[CreatedBy],[CreatedOn],[ModifiedBy],[ModifiedOn],[RowStatusId],[QueryParameterId],[Description])VALUES('pc_discovery_center_altcat_148',@strDefaultValue_CreatedBy, getdate(), @strDefaultValue_ModifiedBy,getdate(),@intRowStatus_Active,@intParamId,NULL)
--INSERT INTO [ElementsCPSDB].[dbo].[QueryParameterValue]([Name],[CreatedBy],[CreatedOn],[ModifiedBy],[ModifiedOn],[RowStatusId],[QueryParameterId],[Description])VALUES('pc_discovery_center_altcat_148_2',@strDefaultValue_CreatedBy, getdate(), @strDefaultValue_ModifiedBy,getdate(),@intRowStatus_Active,@intParamId,NULL)
--INSERT INTO [ElementsCPSDB].[dbo].[QueryParameterValue]([Name],[CreatedBy],[CreatedOn],[ModifiedBy],[ModifiedOn],[RowStatusId],[QueryParameterId],[Description])VALUES('pc_discovery_center_altcat_64',@strDefaultValue_CreatedBy, getdate(), @strDefaultValue_ModifiedBy,getdate(),@intRowStatus_Active,@intParamId,NULL)
--INSERT INTO [ElementsCPSDB].[dbo].[QueryParameterValue]([Name],[CreatedBy],[CreatedOn],[ModifiedBy],[ModifiedOn],[RowStatusId],[QueryParameterId],[Description])VALUES('pc_discovery_center_altcat_64_2icon',@strDefaultValue_CreatedBy, getdate(), @strDefaultValue_ModifiedBy,getdate(),@intRowStatus_Active,@intParamId,NULL)
--INSERT INTO [ElementsCPSDB].[dbo].[QueryParameterValue]([Name],[CreatedBy],[CreatedOn],[ModifiedBy],[ModifiedOn],[RowStatusId],[QueryParameterId],[Description])VALUES('pc_discovery_center_altcat_64_3',@strDefaultValue_CreatedBy, getdate(), @strDefaultValue_ModifiedBy,getdate(),@intRowStatus_Active,@intParamId,NULL)
--INSERT INTO [ElementsCPSDB].[dbo].[QueryParameterValue]([Name],[CreatedBy],[CreatedOn],[ModifiedBy],[ModifiedOn],[RowStatusId],[QueryParameterId],[Description])VALUES('pc_discovery_center_autopro',@strDefaultValue_CreatedBy, getdate(), @strDefaultValue_ModifiedBy,getdate(),@intRowStatus_Active,@intParamId,NULL)
--INSERT INTO [ElementsCPSDB].[dbo].[QueryParameterValue]([Name],[CreatedBy],[CreatedOn],[ModifiedBy],[ModifiedOn],[RowStatusId],[QueryParameterId],[Description])VALUES('pc_discovery_center_autopro_2',@strDefaultValue_CreatedBy, getdate(), @strDefaultValue_ModifiedBy,getdate(),@intRowStatus_Active,@intParamId,NULL)    
--INSERT INTO [ElementsCPSDB].[dbo].[QueryParameterValue]([Name],[CreatedBy],[CreatedOn],[ModifiedBy],[ModifiedOn],[RowStatusId],[QueryParameterId],[Description])VALUES('pc_discovery_center_entcat_148',@strDefaultValue_CreatedBy, getdate(), @strDefaultValue_ModifiedBy,getdate(),@intRowStatus_Active,@intParamId,NULL)
--INSERT INTO [ElementsCPSDB].[dbo].[QueryParameterValue]([Name],[CreatedBy],[CreatedOn],[ModifiedBy],[ModifiedOn],[RowStatusId],[QueryParameterId],[Description])VALUES('pc_discovery_center_entcat_148_2',@strDefaultValue_CreatedBy, getdate(), @strDefaultValue_ModifiedBy,getdate(),@intRowStatus_Active,@intParamId,NULL)
--INSERT INTO [ElementsCPSDB].[dbo].[QueryParameterValue]([Name],[CreatedBy],[CreatedOn],[ModifiedBy],[ModifiedOn],[RowStatusId],[QueryParameterId],[Description])VALUES('pc_discovery_center_entcat_64',@strDefaultValue_CreatedBy, getdate(), @strDefaultValue_ModifiedBy,getdate(),@intRowStatus_Active,@intParamId,NULL)
--INSERT INTO [ElementsCPSDB].[dbo].[QueryParameterValue]([Name],[CreatedBy],[CreatedOn],[ModifiedBy],[ModifiedOn],[RowStatusId],[QueryParameterId],[Description])VALUES('pc_discovery_center_entcat_64_2',@strDefaultValue_CreatedBy, getdate(), @strDefaultValue_ModifiedBy,getdate(),@intRowStatus_Active,@intParamId,NULL)
--INSERT INTO [ElementsCPSDB].[dbo].[QueryParameterValue]([Name],[CreatedBy],[CreatedOn],[ModifiedBy],[ModifiedOn],[RowStatusId],[QueryParameterId],[Description])VALUES('pc_discovery_center_entcat_64_3',@strDefaultValue_CreatedBy, getdate(), @strDefaultValue_ModifiedBy,getdate(),@intRowStatus_Active,@intParamId,NULL)
--INSERT INTO [ElementsCPSDB].[dbo].[QueryParameterValue]([Name],[CreatedBy],[CreatedOn],[ModifiedBy],[ModifiedOn],[RowStatusId],[QueryParameterId],[Description])VALUES('pc_discovery_center_getcon',@strDefaultValue_CreatedBy, getdate(), @strDefaultValue_ModifiedBy,getdate(),@intRowStatus_Active,@intParamId,NULL)
--INSERT INTO [ElementsCPSDB].[dbo].[QueryParameterValue]([Name],[CreatedBy],[CreatedOn],[ModifiedBy],[ModifiedOn],[RowStatusId],[QueryParameterId],[Description])VALUES('pc_discovery_center_home_148',@strDefaultValue_CreatedBy, getdate(), @strDefaultValue_ModifiedBy,getdate(),@intRowStatus_Active,@intParamId,NULL)
--INSERT INTO [ElementsCPSDB].[dbo].[QueryParameterValue]([Name],[CreatedBy],[CreatedOn],[ModifiedBy],[ModifiedOn],[RowStatusId],[QueryParameterId],[Description])VALUES('pc_discovery_center_home_64',@strDefaultValue_CreatedBy, getdate(), @strDefaultValue_ModifiedBy,getdate(),@intRowStatus_Active,@intParamId,NULL)
--INSERT INTO [ElementsCPSDB].[dbo].[QueryParameterValue]([Name],[CreatedBy],[CreatedOn],[ModifiedBy],[ModifiedOn],[RowStatusId],[QueryParameterId],[Description])VALUES('pc_discovery_center_pchealth',@strDefaultValue_CreatedBy, getdate(), @strDefaultValue_ModifiedBy,getdate(),@intRowStatus_Active,@intParamId,NULL)
--INSERT INTO [ElementsCPSDB].[dbo].[QueryParameterValue]([Name],[CreatedBy],[CreatedOn],[ModifiedBy],[ModifiedOn],[RowStatusId],[QueryParameterId],[Description])VALUES('pc_discovery_center_qbd',@strDefaultValue_CreatedBy, getdate(), @strDefaultValue_ModifiedBy,getdate(),@intRowStatus_Active,@intParamId,NULL)    
--INSERT INTO [ElementsCPSDB].[dbo].[QueryParameterValue]([Name],[CreatedBy],[CreatedOn],[ModifiedBy],[ModifiedOn],[RowStatusId],[QueryParameterId],[Description])VALUES('pc_discovery_center_qbpro',@strDefaultValue_CreatedBy, getdate(), @strDefaultValue_ModifiedBy,getdate(),@intRowStatus_Active,@intParamId,NULL)
--INSERT INTO [ElementsCPSDB].[dbo].[QueryParameterValue]([Name],[CreatedBy],[CreatedOn],[ModifiedBy],[ModifiedOn],[RowStatusId],[QueryParameterId],[Description])VALUES('pc_discovery_center_qbss',@strDefaultValue_CreatedBy, getdate(), @strDefaultValue_ModifiedBy,getdate(),@intRowStatus_Active,@intParamId,NULL)
--INSERT INTO [ElementsCPSDB].[dbo].[QueryParameterValue]([Name],[CreatedBy],[CreatedOn],[ModifiedBy],[ModifiedOn],[RowStatusId],[QueryParameterId],[Description])VALUES('pc_discovery_center_reveal',@strDefaultValue_CreatedBy, getdate(), @strDefaultValue_ModifiedBy,getdate(),@intRowStatus_Active,@intParamId,NULL)
--INSERT INTO [ElementsCPSDB].[dbo].[QueryParameterValue]([Name],[CreatedBy],[CreatedOn],[ModifiedBy],[ModifiedOn],[RowStatusId],[QueryParameterId],[Description])VALUES('pc_discovery_center_reveal_2',@strDefaultValue_CreatedBy, getdate(), @strDefaultValue_ModifiedBy,getdate(),@intRowStatus_Active,@intParamId,NULL)
--INSERT INTO [ElementsCPSDB].[dbo].[QueryParameterValue]([Name],[CreatedBy],[CreatedOn],[ModifiedBy],[ModifiedOn],[RowStatusId],[QueryParameterId],[Description])VALUES('pc_discovery_center_security',@strDefaultValue_CreatedBy, getdate(), @strDefaultValue_ModifiedBy,getdate(),@intRowStatus_Active,@intParamId,NULL)
--INSERT INTO [ElementsCPSDB].[dbo].[QueryParameterValue]([Name],[CreatedBy],[CreatedOn],[ModifiedBy],[ModifiedOn],[RowStatusId],[QueryParameterId],[Description])VALUES('pit',@strDefaultValue_CreatedBy, getdate(), @strDefaultValue_ModifiedBy,getdate(),@intRowStatus_Active,@intParamId,NULL)
--INSERT INTO [ElementsCPSDB].[dbo].[QueryParameterValue]([Name],[CreatedBy],[CreatedOn],[ModifiedBy],[ModifiedOn],[RowStatusId],[QueryParameterId],[Description])VALUES('promo_email',@strDefaultValue_CreatedBy, getdate(), @strDefaultValue_ModifiedBy,getdate(),@intRowStatus_Active,@intParamId,NULL)
--INSERT INTO [ElementsCPSDB].[dbo].[QueryParameterValue]([Name],[CreatedBy],[CreatedOn],[ModifiedBy],[ModifiedOn],[RowStatusId],[QueryParameterId],[Description])VALUES('smbadvbackup',@strDefaultValue_CreatedBy, getdate(), @strDefaultValue_ModifiedBy,getdate(),@intRowStatus_Active,@intParamId,NULL)
--INSERT INTO [ElementsCPSDB].[dbo].[QueryParameterValue]([Name],[CreatedBy],[CreatedOn],[ModifiedBy],[ModifiedOn],[RowStatusId],[QueryParameterId],[Description])VALUES('smbadvbattery',@strDefaultValue_CreatedBy, getdate(), @strDefaultValue_ModifiedBy,getdate(),@intRowStatus_Active,@intParamId,NULL)
--INSERT INTO [ElementsCPSDB].[dbo].[QueryParameterValue]([Name],[CreatedBy],[CreatedOn],[ModifiedBy],[ModifiedOn],[RowStatusId],[QueryParameterId],[Description])VALUES('smbadvhealth',@strDefaultValue_CreatedBy, getdate(), @strDefaultValue_ModifiedBy,getdate(),@intRowStatus_Active,@intParamId,NULL)    
--INSERT INTO [ElementsCPSDB].[dbo].[QueryParameterValue]([Name],[CreatedBy],[CreatedOn],[ModifiedBy],[ModifiedOn],[RowStatusId],[QueryParameterId],[Description])VALUES('smbadvinternet',@strDefaultValue_CreatedBy, getdate(), @strDefaultValue_ModifiedBy,getdate(),@intRowStatus_Active,@intParamId,NULL)
--INSERT INTO [ElementsCPSDB].[dbo].[QueryParameterValue]([Name],[CreatedBy],[CreatedOn],[ModifiedBy],[ModifiedOn],[RowStatusId],[QueryParameterId],[Description])VALUES('smbadvprinter',@strDefaultValue_CreatedBy, getdate(), @strDefaultValue_ModifiedBy,getdate(),@intRowStatus_Active,@intParamId,NULL)
--INSERT INTO [ElementsCPSDB].[dbo].[QueryParameterValue]([Name],[CreatedBy],[CreatedOn],[ModifiedBy],[ModifiedOn],[RowStatusId],[QueryParameterId],[Description])VALUES('smbadvsecurity',@strDefaultValue_CreatedBy, getdate(), @strDefaultValue_ModifiedBy,getdate(),@intRowStatus_Active,@intParamId,NULL)
--INSERT INTO [ElementsCPSDB].[dbo].[QueryParameterValue]([Name],[CreatedBy],[CreatedOn],[ModifiedBy],[ModifiedOn],[RowStatusId],[QueryParameterId],[Description])VALUES('smbadvstorage',@strDefaultValue_CreatedBy, getdate(), @strDefaultValue_ModifiedBy,getdate(),@intRowStatus_Active,@intParamId,NULL)
--INSERT INTO [ElementsCPSDB].[dbo].[QueryParameterValue]([Name],[CreatedBy],[CreatedOn],[ModifiedBy],[ModifiedOn],[RowStatusId],[QueryParameterId],[Description])VALUES('smbadvwarranty',@strDefaultValue_CreatedBy, getdate(), @strDefaultValue_ModifiedBy,getdate(),@intRowStatus_Active,@intParamId,NULL)
--INSERT INTO [ElementsCPSDB].[dbo].[QueryParameterValue]([Name],[CreatedBy],[CreatedOn],[ModifiedBy],[ModifiedOn],[RowStatusId],[QueryParameterId],[Description])VALUES('smbeasysetup',@strDefaultValue_CreatedBy, getdate(), @strDefaultValue_ModifiedBy,getdate(),@intRowStatus_Active,@intParamId,NULL)
--INSERT INTO [ElementsCPSDB].[dbo].[QueryParameterValue]([Name],[CreatedBy],[CreatedOn],[ModifiedBy],[ModifiedOn],[RowStatusId],[QueryParameterId],[Description])VALUES('solctr',@strDefaultValue_CreatedBy, getdate(), @strDefaultValue_ModifiedBy,getdate(),@intRowStatus_Active,@intParamId,NULL)
--INSERT INTO [ElementsCPSDB].[dbo].[QueryParameterValue]([Name],[CreatedBy],[CreatedOn],[ModifiedBy],[ModifiedOn],[RowStatusId],[QueryParameterId],[Description])VALUES('toolbar',@strDefaultValue_CreatedBy, getdate(), @strDefaultValue_ModifiedBy,getdate(),@intRowStatus_Active,@intParamId,NULL)
--INSERT INTO [ElementsCPSDB].[dbo].[QueryParameterValue]([Name],[CreatedBy],[CreatedOn],[ModifiedBy],[ModifiedOn],[RowStatusId],[QueryParameterId],[Description])VALUES('upline_email',@strDefaultValue_CreatedBy, getdate(), @strDefaultValue_ModifiedBy,getdate(),@intRowStatus_Active,@intParamId,NULL)
--INSERT INTO [ElementsCPSDB].[dbo].[QueryParameterValue]([Name],[CreatedBy],[CreatedOn],[ModifiedBy],[ModifiedOn],[RowStatusId],[QueryParameterId],[Description])VALUES('wc',@strDefaultValue_CreatedBy, getdate(), @strDefaultValue_ModifiedBy,getdate(),@intRowStatus_Active,@intParamId,NULL)    
--INSERT INTO [ElementsCPSDB].[dbo].[QueryParameterValue]([Name],[CreatedBy],[CreatedOn],[ModifiedBy],[ModifiedOn],[RowStatusId],[QueryParameterId],[Description])VALUES('webctr',@strDefaultValue_CreatedBy, getdate(), @strDefaultValue_ModifiedBy,getdate(),@intRowStatus_Active,@intParamId,NULL)

--SELECT @intParamId = Id FROM [dbo].[QueryParameter] WHERE name = 'Server Version'	
--INSERT INTO [ElementsCPSDB].[dbo].[QueryParameterValue]([Name],[CreatedBy],[CreatedOn],[ModifiedBy],[ModifiedOn],[RowStatusId],[QueryParameterId],[Description])VALUES('*',@strDefaultValue_CreatedBy, getdate(), @strDefaultValue_ModifiedBy,getdate(),@intRowStatus_Active,@intParamId,NULL)
--INSERT INTO [ElementsCPSDB].[dbo].[QueryParameterValue]([Name],[CreatedBy],[CreatedOn],[ModifiedBy],[ModifiedOn],[RowStatusId],[QueryParameterId],[Description])VALUES('1.0',@strDefaultValue_CreatedBy, getdate(), @strDefaultValue_ModifiedBy,getdate(),@intRowStatus_Active,@intParamId,NULL)
--INSERT INTO [ElementsCPSDB].[dbo].[QueryParameterValue]([Name],[CreatedBy],[CreatedOn],[ModifiedBy],[ModifiedOn],[RowStatusId],[QueryParameterId],[Description])VALUES('2.0',@strDefaultValue_CreatedBy, getdate(), @strDefaultValue_ModifiedBy,getdate(),@intRowStatus_Active,@intParamId,NULL)

--SELECT @intParamId = Id FROM [dbo].[QueryParameter] WHERE name = 'Internet Key'	
--INSERT INTO [ElementsCPSDB].[dbo].[QueryParameterValue]([Name],[CreatedBy],[CreatedOn],[ModifiedBy],[ModifiedOn],[RowStatusId],[QueryParameterId],[Description])VALUES('*',@strDefaultValue_CreatedBy, getdate(), @strDefaultValue_ModifiedBy,getdate(),@intRowStatus_Active,@intParamId,NULL)
--INSERT INTO [ElementsCPSDB].[dbo].[QueryParameterValue]([Name],[CreatedBy],[CreatedOn],[ModifiedBy],[ModifiedOn],[RowStatusId],[QueryParameterId],[Description])VALUES('chat',@strDefaultValue_CreatedBy, getdate(), @strDefaultValue_ModifiedBy,getdate(),@intRowStatus_Active,@intParamId,NULL)    
--INSERT INTO [ElementsCPSDB].[dbo].[QueryParameterValue]([Name],[CreatedBy],[CreatedOn],[ModifiedBy],[ModifiedOn],[RowStatusId],[QueryParameterId],[Description])VALUES('connect',@strDefaultValue_CreatedBy, getdate(), @strDefaultValue_ModifiedBy,getdate(),@intRowStatus_Active,@intParamId,NULL)
--INSERT INTO [ElementsCPSDB].[dbo].[QueryParameterValue]([Name],[CreatedBy],[CreatedOn],[ModifiedBy],[ModifiedOn],[RowStatusId],[QueryParameterId],[Description])VALUES('email',@strDefaultValue_CreatedBy, getdate(), @strDefaultValue_ModifiedBy,getdate(),@intRowStatus_Active,@intParamId,NULL)
--INSERT INTO [ElementsCPSDB].[dbo].[QueryParameterValue]([Name],[CreatedBy],[CreatedOn],[ModifiedBy],[ModifiedOn],[RowStatusId],[QueryParameterId],[Description])VALUES('entertainment',@strDefaultValue_CreatedBy, getdate(), @strDefaultValue_ModifiedBy,getdate(),@intRowStatus_Active,@intParamId,NULL)
--INSERT INTO [ElementsCPSDB].[dbo].[QueryParameterValue]([Name],[CreatedBy],[CreatedOn],[ModifiedBy],[ModifiedOn],[RowStatusId],[QueryParameterId],[Description])VALUES('finance',@strDefaultValue_CreatedBy, getdate(), @strDefaultValue_ModifiedBy,getdate(),@intRowStatus_Active,@intParamId,NULL)
--INSERT INTO [ElementsCPSDB].[dbo].[QueryParameterValue]([Name],[CreatedBy],[CreatedOn],[ModifiedBy],[ModifiedOn],[RowStatusId],[QueryParameterId],[Description])VALUES('h-p',@strDefaultValue_CreatedBy, getdate(), @strDefaultValue_ModifiedBy,getdate(),@intRowStatus_Active,@intParamId,NULL)
--INSERT INTO [ElementsCPSDB].[dbo].[QueryParameterValue]([Name],[CreatedBy],[CreatedOn],[ModifiedBy],[ModifiedOn],[RowStatusId],[QueryParameterId],[Description])VALUES('hpclub',@strDefaultValue_CreatedBy, getdate(), @strDefaultValue_ModifiedBy,getdate(),@intRowStatus_Active,@intParamId,NULL)    
--INSERT INTO [ElementsCPSDB].[dbo].[QueryParameterValue]([Name],[CreatedBy],[CreatedOn],[ModifiedBy],[ModifiedOn],[RowStatusId],[QueryParameterId],[Description])VALUES('internet',@strDefaultValue_CreatedBy, getdate(), @strDefaultValue_ModifiedBy,getdate(),@intRowStatus_Active,@intParamId,NULL)
--INSERT INTO [ElementsCPSDB].[dbo].[QueryParameterValue]([Name],[CreatedBy],[CreatedOn],[ModifiedBy],[ModifiedOn],[RowStatusId],[QueryParameterId],[Description])VALUES('mypresario',@strDefaultValue_CreatedBy, getdate(), @strDefaultValue_ModifiedBy,getdate(),@intRowStatus_Active,@intParamId,NULL)
--INSERT INTO [ElementsCPSDB].[dbo].[QueryParameterValue]([Name],[CreatedBy],[CreatedOn],[ModifiedBy],[ModifiedOn],[RowStatusId],[QueryParameterId],[Description])VALUES('offer',@strDefaultValue_CreatedBy, getdate(), @strDefaultValue_ModifiedBy,getdate(),@intRowStatus_Active,@intParamId,NULL)
--INSERT INTO [ElementsCPSDB].[dbo].[QueryParameterValue]([Name],[CreatedBy],[CreatedOn],[ModifiedBy],[ModifiedOn],[RowStatusId],[QueryParameterId],[Description])VALUES('people',@strDefaultValue_CreatedBy, getdate(), @strDefaultValue_ModifiedBy,getdate(),@intRowStatus_Active,@intParamId,NULL)
--INSERT INTO [ElementsCPSDB].[dbo].[QueryParameterValue]([Name],[CreatedBy],[CreatedOn],[ModifiedBy],[ModifiedOn],[RowStatusId],[QueryParameterId],[Description])VALUES('search',@strDefaultValue_CreatedBy, getdate(), @strDefaultValue_ModifiedBy,getdate(),@intRowStatus_Active,@intParamId,NULL)
--INSERT INTO [ElementsCPSDB].[dbo].[QueryParameterValue]([Name],[CreatedBy],[CreatedOn],[ModifiedBy],[ModifiedOn],[RowStatusId],[QueryParameterId],[Description])VALUES('shopping',@strDefaultValue_CreatedBy, getdate(), @strDefaultValue_ModifiedBy,getdate(),@intRowStatus_Active,@intParamId,NULL)
--INSERT INTO [ElementsCPSDB].[dbo].[QueryParameterValue]([Name],[CreatedBy],[CreatedOn],[ModifiedBy],[ModifiedOn],[RowStatusId],[QueryParameterId],[Description])VALUES('sports',@strDefaultValue_CreatedBy, getdate(), @strDefaultValue_ModifiedBy,getdate(),@intRowStatus_Active,@intParamId,NULL)

--SELECT @intParamId = Id FROM [dbo].[QueryParameter] WHERE name = 'Language'
--INSERT INTO [ElementsCPSDB].[dbo].[QueryParameterValue]([Name],[CreatedBy],[CreatedOn],[ModifiedBy],[ModifiedOn],[RowStatusId],[QueryParameterId],[Description])VALUES('*',@strDefaultValue_CreatedBy, getdate(), @strDefaultValue_ModifiedBy,getdate(),@intRowStatus_Active,@intParamId,'*')
--INSERT INTO [ElementsCPSDB].[dbo].[QueryParameterValue]([Name],[CreatedBy],[CreatedOn],[ModifiedBy],[ModifiedOn],[RowStatusId],[QueryParameterId],[Description])VALUES('ar-DZ',@strDefaultValue_CreatedBy, getdate(), @strDefaultValue_ModifiedBy,getdate(),@intRowStatus_Active,@intParamId,'Arabic - Algeria')
--INSERT INTO [ElementsCPSDB].[dbo].[QueryParameterValue]([Name],[CreatedBy],[CreatedOn],[ModifiedBy],[ModifiedOn],[RowStatusId],[QueryParameterId],[Description])VALUES('ar-BH',@strDefaultValue_CreatedBy, getdate(), @strDefaultValue_ModifiedBy,getdate(),@intRowStatus_Active,@intParamId,'Arabic - Bahrain')
--INSERT INTO [ElementsCPSDB].[dbo].[QueryParameterValue]([Name],[CreatedBy],[CreatedOn],[ModifiedBy],[ModifiedOn],[RowStatusId],[QueryParameterId],[Description])VALUES('ar-EG',@strDefaultValue_CreatedBy, getdate(), @strDefaultValue_ModifiedBy,getdate(),@intRowStatus_Active,@intParamId,'Arabic - Egypt')
--INSERT INTO [ElementsCPSDB].[dbo].[QueryParameterValue]([Name],[CreatedBy],[CreatedOn],[ModifiedBy],[ModifiedOn],[RowStatusId],[QueryParameterId],[Description])VALUES('ar-IQ',@strDefaultValue_CreatedBy, getdate(), @strDefaultValue_ModifiedBy,getdate(),@intRowStatus_Active,@intParamId,'Arabic - Iraq')
--INSERT INTO [ElementsCPSDB].[dbo].[QueryParameterValue]([Name],[CreatedBy],[CreatedOn],[ModifiedBy],[ModifiedOn],[RowStatusId],[QueryParameterId],[Description])VALUES('ar-JO',@strDefaultValue_CreatedBy, getdate(), @strDefaultValue_ModifiedBy,getdate(),@intRowStatus_Active,@intParamId,'Arabic - Jordan')
--INSERT INTO [ElementsCPSDB].[dbo].[QueryParameterValue]([Name],[CreatedBy],[CreatedOn],[ModifiedBy],[ModifiedOn],[RowStatusId],[QueryParameterId],[Description])VALUES('ar-KW',@strDefaultValue_CreatedBy, getdate(), @strDefaultValue_ModifiedBy,getdate(),@intRowStatus_Active,@intParamId,'Arabic - Kuwait')
--INSERT INTO [ElementsCPSDB].[dbo].[QueryParameterValue]([Name],[CreatedBy],[CreatedOn],[ModifiedBy],[ModifiedOn],[RowStatusId],[QueryParameterId],[Description])VALUES('ar-LB',@strDefaultValue_CreatedBy, getdate(), @strDefaultValue_ModifiedBy,getdate(),@intRowStatus_Active,@intParamId,'Arabic - Lebanon')
--INSERT INTO [ElementsCPSDB].[dbo].[QueryParameterValue]([Name],[CreatedBy],[CreatedOn],[ModifiedBy],[ModifiedOn],[RowStatusId],[QueryParameterId],[Description])VALUES('ar-LY',@strDefaultValue_CreatedBy, getdate(), @strDefaultValue_ModifiedBy,getdate(),@intRowStatus_Active,@intParamId,'Arabic - Libya')
--INSERT INTO [ElementsCPSDB].[dbo].[QueryParameterValue]([Name],[CreatedBy],[CreatedOn],[ModifiedBy],[ModifiedOn],[RowStatusId],[QueryParameterId],[Description])VALUES('ar-MA',@strDefaultValue_CreatedBy, getdate(), @strDefaultValue_ModifiedBy,getdate(),@intRowStatus_Active,@intParamId,'Arabic - Morocco')
--INSERT INTO [ElementsCPSDB].[dbo].[QueryParameterValue]([Name],[CreatedBy],[CreatedOn],[ModifiedBy],[ModifiedOn],[RowStatusId],[QueryParameterId],[Description])VALUES('ar-OM',@strDefaultValue_CreatedBy, getdate(), @strDefaultValue_ModifiedBy,getdate(),@intRowStatus_Active,@intParamId,'Arabic - Oman')
--INSERT INTO [ElementsCPSDB].[dbo].[QueryParameterValue]([Name],[CreatedBy],[CreatedOn],[ModifiedBy],[ModifiedOn],[RowStatusId],[QueryParameterId],[Description])VALUES('ar-QA',@strDefaultValue_CreatedBy, getdate(), @strDefaultValue_ModifiedBy,getdate(),@intRowStatus_Active,@intParamId,'Arabic - Qatar')
--INSERT INTO [ElementsCPSDB].[dbo].[QueryParameterValue]([Name],[CreatedBy],[CreatedOn],[ModifiedBy],[ModifiedOn],[RowStatusId],[QueryParameterId],[Description])VALUES('ar-SA',@strDefaultValue_CreatedBy, getdate(), @strDefaultValue_ModifiedBy,getdate(),@intRowStatus_Active,@intParamId,'Arabic - Saudi Arabia')
--INSERT INTO [ElementsCPSDB].[dbo].[QueryParameterValue]([Name],[CreatedBy],[CreatedOn],[ModifiedBy],[ModifiedOn],[RowStatusId],[QueryParameterId],[Description])VALUES('ar-SY',@strDefaultValue_CreatedBy, getdate(), @strDefaultValue_ModifiedBy,getdate(),@intRowStatus_Active,@intParamId,'Arabic - Syria')
--INSERT INTO [ElementsCPSDB].[dbo].[QueryParameterValue]([Name],[CreatedBy],[CreatedOn],[ModifiedBy],[ModifiedOn],[RowStatusId],[QueryParameterId],[Description])VALUES('ar-TN',@strDefaultValue_CreatedBy, getdate(), @strDefaultValue_ModifiedBy,getdate(),@intRowStatus_Active,@intParamId,'Arabic - Tunisia')
--INSERT INTO [ElementsCPSDB].[dbo].[QueryParameterValue]([Name],[CreatedBy],[CreatedOn],[ModifiedBy],[ModifiedOn],[RowStatusId],[QueryParameterId],[Description])VALUES('ar-AE',@strDefaultValue_CreatedBy, getdate(), @strDefaultValue_ModifiedBy,getdate(),@intRowStatus_Active,@intParamId,'Arabic - United Arab Emirates')
--INSERT INTO [ElementsCPSDB].[dbo].[QueryParameterValue]([Name],[CreatedBy],[CreatedOn],[ModifiedBy],[ModifiedOn],[RowStatusId],[QueryParameterId],[Description])VALUES('ar-YE',@strDefaultValue_CreatedBy, getdate(), @strDefaultValue_ModifiedBy,getdate(),@intRowStatus_Active,@intParamId,'Arabic - Yemen')
--INSERT INTO [ElementsCPSDB].[dbo].[QueryParameterValue]([Name],[CreatedBy],[CreatedOn],[ModifiedBy],[ModifiedOn],[RowStatusId],[QueryParameterId],[Description])VALUES('bg-BG',@strDefaultValue_CreatedBy, getdate(), @strDefaultValue_ModifiedBy,getdate(),@intRowStatus_Active,@intParamId,'Bulgarian')
--INSERT INTO [ElementsCPSDB].[dbo].[QueryParameterValue]([Name],[CreatedBy],[CreatedOn],[ModifiedBy],[ModifiedOn],[RowStatusId],[QueryParameterId],[Description])VALUES('ca-ES',@strDefaultValue_CreatedBy, getdate(), @strDefaultValue_ModifiedBy,getdate(),@intRowStatus_Active,@intParamId,'Catalan')
--INSERT INTO [ElementsCPSDB].[dbo].[QueryParameterValue]([Name],[CreatedBy],[CreatedOn],[ModifiedBy],[ModifiedOn],[RowStatusId],[QueryParameterId],[Description])VALUES('zh-CN',@strDefaultValue_CreatedBy, getdate(), @strDefaultValue_ModifiedBy,getdate(),@intRowStatus_Active,@intParamId,'Chinese (Simplified)')
--INSERT INTO [ElementsCPSDB].[dbo].[QueryParameterValue]([Name],[CreatedBy],[CreatedOn],[ModifiedBy],[ModifiedOn],[RowStatusId],[QueryParameterId],[Description])VALUES('zh-MO',@strDefaultValue_CreatedBy, getdate(), @strDefaultValue_ModifiedBy,getdate(),@intRowStatus_Active,@intParamId,'Chinese - Macau SAR')
--INSERT INTO [ElementsCPSDB].[dbo].[QueryParameterValue]([Name],[CreatedBy],[CreatedOn],[ModifiedBy],[ModifiedOn],[RowStatusId],[QueryParameterId],[Description])VALUES('zh-SG',@strDefaultValue_CreatedBy, getdate(), @strDefaultValue_ModifiedBy,getdate(),@intRowStatus_Active,@intParamId,'Chinese - Singapore')
--INSERT INTO [ElementsCPSDB].[dbo].[QueryParameterValue]([Name],[CreatedBy],[CreatedOn],[ModifiedBy],[ModifiedOn],[RowStatusId],[QueryParameterId],[Description])VALUES('cs-CZ',@strDefaultValue_CreatedBy, getdate(), @strDefaultValue_ModifiedBy,getdate(),@intRowStatus_Active,@intParamId,'Czech')
--INSERT INTO [ElementsCPSDB].[dbo].[QueryParameterValue]([Name],[CreatedBy],[CreatedOn],[ModifiedBy],[ModifiedOn],[RowStatusId],[QueryParameterId],[Description])VALUES('da-DK',@strDefaultValue_CreatedBy, getdate(), @strDefaultValue_ModifiedBy,getdate(),@intRowStatus_Active,@intParamId,'Danish')
--INSERT INTO [ElementsCPSDB].[dbo].[QueryParameterValue]([Name],[CreatedBy],[CreatedOn],[ModifiedBy],[ModifiedOn],[RowStatusId],[QueryParameterId],[Description])VALUES('de-AT',@strDefaultValue_CreatedBy, getdate(), @strDefaultValue_ModifiedBy,getdate(),@intRowStatus_Active,@intParamId,'German - Austria')
--INSERT INTO [ElementsCPSDB].[dbo].[QueryParameterValue]([Name],[CreatedBy],[CreatedOn],[ModifiedBy],[ModifiedOn],[RowStatusId],[QueryParameterId],[Description])VALUES('de-DE',@strDefaultValue_CreatedBy, getdate(), @strDefaultValue_ModifiedBy,getdate(),@intRowStatus_Active,@intParamId,'German - Germany')
--INSERT INTO [ElementsCPSDB].[dbo].[QueryParameterValue]([Name],[CreatedBy],[CreatedOn],[ModifiedBy],[ModifiedOn],[RowStatusId],[QueryParameterId],[Description])VALUES('de-LI',@strDefaultValue_CreatedBy, getdate(), @strDefaultValue_ModifiedBy,getdate(),@intRowStatus_Active,@intParamId,'German - Liechtenstein')
--INSERT INTO [ElementsCPSDB].[dbo].[QueryParameterValue]([Name],[CreatedBy],[CreatedOn],[ModifiedBy],[ModifiedOn],[RowStatusId],[QueryParameterId],[Description])VALUES('de-LU',@strDefaultValue_CreatedBy, getdate(), @strDefaultValue_ModifiedBy,getdate(),@intRowStatus_Active,@intParamId,'German - Luxembourg')
--INSERT INTO [ElementsCPSDB].[dbo].[QueryParameterValue]([Name],[CreatedBy],[CreatedOn],[ModifiedBy],[ModifiedOn],[RowStatusId],[QueryParameterId],[Description])VALUES('de-CH',@strDefaultValue_CreatedBy, getdate(), @strDefaultValue_ModifiedBy,getdate(),@intRowStatus_Active,@intParamId,'German - Switzerland')
--INSERT INTO [ElementsCPSDB].[dbo].[QueryParameterValue]([Name],[CreatedBy],[CreatedOn],[ModifiedBy],[ModifiedOn],[RowStatusId],[QueryParameterId],[Description])VALUES('el-GR',@strDefaultValue_CreatedBy, getdate(), @strDefaultValue_ModifiedBy,getdate(),@intRowStatus_Active,@intParamId,'Greek - Greece')
--INSERT INTO [ElementsCPSDB].[dbo].[QueryParameterValue]([Name],[CreatedBy],[CreatedOn],[ModifiedBy],[ModifiedOn],[RowStatusId],[QueryParameterId],[Description])VALUES('en-AU',@strDefaultValue_CreatedBy, getdate(), @strDefaultValue_ModifiedBy,getdate(),@intRowStatus_Active,@intParamId,'English - Australia')
--INSERT INTO [ElementsCPSDB].[dbo].[QueryParameterValue]([Name],[CreatedBy],[CreatedOn],[ModifiedBy],[ModifiedOn],[RowStatusId],[QueryParameterId],[Description])VALUES('en-BZ',@strDefaultValue_CreatedBy, getdate(), @strDefaultValue_ModifiedBy,getdate(),@intRowStatus_Active,@intParamId,'English - Belize')
--INSERT INTO [ElementsCPSDB].[dbo].[QueryParameterValue]([Name],[CreatedBy],[CreatedOn],[ModifiedBy],[ModifiedOn],[RowStatusId],[QueryParameterId],[Description])VALUES('en-CA',@strDefaultValue_CreatedBy, getdate(), @strDefaultValue_ModifiedBy,getdate(),@intRowStatus_Active,@intParamId,'English - Canada')
--INSERT INTO [ElementsCPSDB].[dbo].[QueryParameterValue]([Name],[CreatedBy],[CreatedOn],[ModifiedBy],[ModifiedOn],[RowStatusId],[QueryParameterId],[Description])VALUES('en-CB',@strDefaultValue_CreatedBy, getdate(), @strDefaultValue_ModifiedBy,getdate(),@intRowStatus_Active,@intParamId,'English - Caribbean')
--INSERT INTO [ElementsCPSDB].[dbo].[QueryParameterValue]([Name],[CreatedBy],[CreatedOn],[ModifiedBy],[ModifiedOn],[RowStatusId],[QueryParameterId],[Description])VALUES('en-IE',@strDefaultValue_CreatedBy, getdate(), @strDefaultValue_ModifiedBy,getdate(),@intRowStatus_Active,@intParamId,'English - Ireland')
--INSERT INTO [ElementsCPSDB].[dbo].[QueryParameterValue]([Name],[CreatedBy],[CreatedOn],[ModifiedBy],[ModifiedOn],[RowStatusId],[QueryParameterId],[Description])VALUES('en-JM',@strDefaultValue_CreatedBy, getdate(), @strDefaultValue_ModifiedBy,getdate(),@intRowStatus_Active,@intParamId,'English - Jamaica')
--INSERT INTO [ElementsCPSDB].[dbo].[QueryParameterValue]([Name],[CreatedBy],[CreatedOn],[ModifiedBy],[ModifiedOn],[RowStatusId],[QueryParameterId],[Description])VALUES('en-NZ',@strDefaultValue_CreatedBy, getdate(), @strDefaultValue_ModifiedBy,getdate(),@intRowStatus_Active,@intParamId,'English - New Zealand')
--INSERT INTO [ElementsCPSDB].[dbo].[QueryParameterValue]([Name],[CreatedBy],[CreatedOn],[ModifiedBy],[ModifiedOn],[RowStatusId],[QueryParameterId],[Description])VALUES('en-PH',@strDefaultValue_CreatedBy, getdate(), @strDefaultValue_ModifiedBy,getdate(),@intRowStatus_Active,@intParamId,'English - Philippines')
--INSERT INTO [ElementsCPSDB].[dbo].[QueryParameterValue]([Name],[CreatedBy],[CreatedOn],[ModifiedBy],[ModifiedOn],[RowStatusId],[QueryParameterId],[Description])VALUES('en-ZA',@strDefaultValue_CreatedBy, getdate(), @strDefaultValue_ModifiedBy,getdate(),@intRowStatus_Active,@intParamId,'English - South Africa')
--INSERT INTO [ElementsCPSDB].[dbo].[QueryParameterValue]([Name],[CreatedBy],[CreatedOn],[ModifiedBy],[ModifiedOn],[RowStatusId],[QueryParameterId],[Description])VALUES('en-TT',@strDefaultValue_CreatedBy, getdate(), @strDefaultValue_ModifiedBy,getdate(),@intRowStatus_Active,@intParamId,'English - Trinidad and Tobago')
--INSERT INTO [ElementsCPSDB].[dbo].[QueryParameterValue]([Name],[CreatedBy],[CreatedOn],[ModifiedBy],[ModifiedOn],[RowStatusId],[QueryParameterId],[Description])VALUES('en-GB',@strDefaultValue_CreatedBy, getdate(), @strDefaultValue_ModifiedBy,getdate(),@intRowStatus_Active,@intParamId,'English - United Kingdom')
--INSERT INTO [ElementsCPSDB].[dbo].[QueryParameterValue]([Name],[CreatedBy],[CreatedOn],[ModifiedBy],[ModifiedOn],[RowStatusId],[QueryParameterId],[Description])VALUES('en-US',@strDefaultValue_CreatedBy, getdate(), @strDefaultValue_ModifiedBy,getdate(),@intRowStatus_Active,@intParamId,'English - United States')
--INSERT INTO [ElementsCPSDB].[dbo].[QueryParameterValue]([Name],[CreatedBy],[CreatedOn],[ModifiedBy],[ModifiedOn],[RowStatusId],[QueryParameterId],[Description])VALUES('en-ZW',@strDefaultValue_CreatedBy, getdate(), @strDefaultValue_ModifiedBy,getdate(),@intRowStatus_Active,@intParamId,'English - Zimbabwe ')
--INSERT INTO [ElementsCPSDB].[dbo].[QueryParameterValue]([Name],[CreatedBy],[CreatedOn],[ModifiedBy],[ModifiedOn],[RowStatusId],[QueryParameterId],[Description])VALUES('es-AR',@strDefaultValue_CreatedBy, getdate(), @strDefaultValue_ModifiedBy,getdate(),@intRowStatus_Active,@intParamId,'Spanish - Argentina')
--INSERT INTO [ElementsCPSDB].[dbo].[QueryParameterValue]([Name],[CreatedBy],[CreatedOn],[ModifiedBy],[ModifiedOn],[RowStatusId],[QueryParameterId],[Description])VALUES('es-BO',@strDefaultValue_CreatedBy, getdate(), @strDefaultValue_ModifiedBy,getdate(),@intRowStatus_Active,@intParamId,'Spanish - Bolivia')
--INSERT INTO [ElementsCPSDB].[dbo].[QueryParameterValue]([Name],[CreatedBy],[CreatedOn],[ModifiedBy],[ModifiedOn],[RowStatusId],[QueryParameterId],[Description])VALUES('es-CL',@strDefaultValue_CreatedBy, getdate(), @strDefaultValue_ModifiedBy,getdate(),@intRowStatus_Active,@intParamId,'Spanish - Chile')
--INSERT INTO [ElementsCPSDB].[dbo].[QueryParameterValue]([Name],[CreatedBy],[CreatedOn],[ModifiedBy],[ModifiedOn],[RowStatusId],[QueryParameterId],[Description])VALUES('es-CO',@strDefaultValue_CreatedBy, getdate(), @strDefaultValue_ModifiedBy,getdate(),@intRowStatus_Active,@intParamId,'Spanish - Colombia')
--INSERT INTO [ElementsCPSDB].[dbo].[QueryParameterValue]([Name],[CreatedBy],[CreatedOn],[ModifiedBy],[ModifiedOn],[RowStatusId],[QueryParameterId],[Description])VALUES('es-CR',@strDefaultValue_CreatedBy, getdate(), @strDefaultValue_ModifiedBy,getdate(),@intRowStatus_Active,@intParamId,'Spanish - Costa Rica')
--INSERT INTO [ElementsCPSDB].[dbo].[QueryParameterValue]([Name],[CreatedBy],[CreatedOn],[ModifiedBy],[ModifiedOn],[RowStatusId],[QueryParameterId],[Description])VALUES('es-DO',@strDefaultValue_CreatedBy, getdate(), @strDefaultValue_ModifiedBy,getdate(),@intRowStatus_Active,@intParamId,'Spanish - Dominican Republic')
--INSERT INTO [ElementsCPSDB].[dbo].[QueryParameterValue]([Name],[CreatedBy],[CreatedOn],[ModifiedBy],[ModifiedOn],[RowStatusId],[QueryParameterId],[Description])VALUES('es-EC',@strDefaultValue_CreatedBy, getdate(), @strDefaultValue_ModifiedBy,getdate(),@intRowStatus_Active,@intParamId,'Spanish - Ecuador')
--INSERT INTO [ElementsCPSDB].[dbo].[QueryParameterValue]([Name],[CreatedBy],[CreatedOn],[ModifiedBy],[ModifiedOn],[RowStatusId],[QueryParameterId],[Description])VALUES('es-SV',@strDefaultValue_CreatedBy, getdate(), @strDefaultValue_ModifiedBy,getdate(),@intRowStatus_Active,@intParamId,'Spanish - El Salvador')
--INSERT INTO [ElementsCPSDB].[dbo].[QueryParameterValue]([Name],[CreatedBy],[CreatedOn],[ModifiedBy],[ModifiedOn],[RowStatusId],[QueryParameterId],[Description])VALUES('es-GT',@strDefaultValue_CreatedBy, getdate(), @strDefaultValue_ModifiedBy,getdate(),@intRowStatus_Active,@intParamId,'Spanish - Guatemala')
--INSERT INTO [ElementsCPSDB].[dbo].[QueryParameterValue]([Name],[CreatedBy],[CreatedOn],[ModifiedBy],[ModifiedOn],[RowStatusId],[QueryParameterId],[Description])VALUES('es-HN',@strDefaultValue_CreatedBy, getdate(), @strDefaultValue_ModifiedBy,getdate(),@intRowStatus_Active,@intParamId,'Spanish - Honduras')
--INSERT INTO [ElementsCPSDB].[dbo].[QueryParameterValue]([Name],[CreatedBy],[CreatedOn],[ModifiedBy],[ModifiedOn],[RowStatusId],[QueryParameterId],[Description])VALUES('es-MX',@strDefaultValue_CreatedBy, getdate(), @strDefaultValue_ModifiedBy,getdate(),@intRowStatus_Active,@intParamId,'Spanish - Mexico')
--INSERT INTO [ElementsCPSDB].[dbo].[QueryParameterValue]([Name],[CreatedBy],[CreatedOn],[ModifiedBy],[ModifiedOn],[RowStatusId],[QueryParameterId],[Description])VALUES('es-NI',@strDefaultValue_CreatedBy, getdate(), @strDefaultValue_ModifiedBy,getdate(),@intRowStatus_Active,@intParamId,'Spanish - Nicaragua')
--INSERT INTO [ElementsCPSDB].[dbo].[QueryParameterValue]([Name],[CreatedBy],[CreatedOn],[ModifiedBy],[ModifiedOn],[RowStatusId],[QueryParameterId],[Description])VALUES('es-PA',@strDefaultValue_CreatedBy, getdate(), @strDefaultValue_ModifiedBy,getdate(),@intRowStatus_Active,@intParamId,'Spanish - Panama')
--INSERT INTO [ElementsCPSDB].[dbo].[QueryParameterValue]([Name],[CreatedBy],[CreatedOn],[ModifiedBy],[ModifiedOn],[RowStatusId],[QueryParameterId],[Description])VALUES('es-PY',@strDefaultValue_CreatedBy, getdate(), @strDefaultValue_ModifiedBy,getdate(),@intRowStatus_Active,@intParamId,'Spanish - Paraguay')
--INSERT INTO [ElementsCPSDB].[dbo].[QueryParameterValue]([Name],[CreatedBy],[CreatedOn],[ModifiedBy],[ModifiedOn],[RowStatusId],[QueryParameterId],[Description])VALUES('es-PE',@strDefaultValue_CreatedBy, getdate(), @strDefaultValue_ModifiedBy,getdate(),@intRowStatus_Active,@intParamId,'Spanish - Peru')
--INSERT INTO [ElementsCPSDB].[dbo].[QueryParameterValue]([Name],[CreatedBy],[CreatedOn],[ModifiedBy],[ModifiedOn],[RowStatusId],[QueryParameterId],[Description])VALUES('es-PR',@strDefaultValue_CreatedBy, getdate(), @strDefaultValue_ModifiedBy,getdate(),@intRowStatus_Active,@intParamId,'Spanish - Puerto Rico')
--INSERT INTO [ElementsCPSDB].[dbo].[QueryParameterValue]([Name],[CreatedBy],[CreatedOn],[ModifiedBy],[ModifiedOn],[RowStatusId],[QueryParameterId],[Description])VALUES('es-ES',@strDefaultValue_CreatedBy, getdate(), @strDefaultValue_ModifiedBy,getdate(),@intRowStatus_Active,@intParamId,'Spanish - Spain')
--INSERT INTO [ElementsCPSDB].[dbo].[QueryParameterValue]([Name],[CreatedBy],[CreatedOn],[ModifiedBy],[ModifiedOn],[RowStatusId],[QueryParameterId],[Description])VALUES('es-UY',@strDefaultValue_CreatedBy, getdate(), @strDefaultValue_ModifiedBy,getdate(),@intRowStatus_Active,@intParamId,'Spanish - Uruguay')
--INSERT INTO [ElementsCPSDB].[dbo].[QueryParameterValue]([Name],[CreatedBy],[CreatedOn],[ModifiedBy],[ModifiedOn],[RowStatusId],[QueryParameterId],[Description])VALUES('es-VE',@strDefaultValue_CreatedBy, getdate(), @strDefaultValue_ModifiedBy,getdate(),@intRowStatus_Active,@intParamId,'Spanish - Venezuela')
--INSERT INTO [ElementsCPSDB].[dbo].[QueryParameterValue]([Name],[CreatedBy],[CreatedOn],[ModifiedBy],[ModifiedOn],[RowStatusId],[QueryParameterId],[Description])VALUES('fi-FI',@strDefaultValue_CreatedBy, getdate(), @strDefaultValue_ModifiedBy,getdate(),@intRowStatus_Active,@intParamId,'Finnish - Finland')
--INSERT INTO [ElementsCPSDB].[dbo].[QueryParameterValue]([Name],[CreatedBy],[CreatedOn],[ModifiedBy],[ModifiedOn],[RowStatusId],[QueryParameterId],[Description])VALUES('fr-BE',@strDefaultValue_CreatedBy, getdate(), @strDefaultValue_ModifiedBy,getdate(),@intRowStatus_Active,@intParamId,'French - Belgium')
--INSERT INTO [ElementsCPSDB].[dbo].[QueryParameterValue]([Name],[CreatedBy],[CreatedOn],[ModifiedBy],[ModifiedOn],[RowStatusId],[QueryParameterId],[Description])VALUES('fr-CA',@strDefaultValue_CreatedBy, getdate(), @strDefaultValue_ModifiedBy,getdate(),@intRowStatus_Active,@intParamId,'French - Canada')
--INSERT INTO [ElementsCPSDB].[dbo].[QueryParameterValue]([Name],[CreatedBy],[CreatedOn],[ModifiedBy],[ModifiedOn],[RowStatusId],[QueryParameterId],[Description])VALUES('fr-FR',@strDefaultValue_CreatedBy, getdate(), @strDefaultValue_ModifiedBy,getdate(),@intRowStatus_Active,@intParamId,'French - France')
--INSERT INTO [ElementsCPSDB].[dbo].[QueryParameterValue]([Name],[CreatedBy],[CreatedOn],[ModifiedBy],[ModifiedOn],[RowStatusId],[QueryParameterId],[Description])VALUES('fr-LU',@strDefaultValue_CreatedBy, getdate(), @strDefaultValue_ModifiedBy,getdate(),@intRowStatus_Active,@intParamId,'French - Luxembourg')
--INSERT INTO [ElementsCPSDB].[dbo].[QueryParameterValue]([Name],[CreatedBy],[CreatedOn],[ModifiedBy],[ModifiedOn],[RowStatusId],[QueryParameterId],[Description])VALUES('fr-MC',@strDefaultValue_CreatedBy, getdate(), @strDefaultValue_ModifiedBy,getdate(),@intRowStatus_Active,@intParamId,'French - Monaco')
--INSERT INTO [ElementsCPSDB].[dbo].[QueryParameterValue]([Name],[CreatedBy],[CreatedOn],[ModifiedBy],[ModifiedOn],[RowStatusId],[QueryParameterId],[Description])VALUES('fr-CH',@strDefaultValue_CreatedBy, getdate(), @strDefaultValue_ModifiedBy,getdate(),@intRowStatus_Active,@intParamId,'French - Switzerland')
--INSERT INTO [ElementsCPSDB].[dbo].[QueryParameterValue]([Name],[CreatedBy],[CreatedOn],[ModifiedBy],[ModifiedOn],[RowStatusId],[QueryParameterId],[Description])VALUES('he-IL',@strDefaultValue_CreatedBy, getdate(), @strDefaultValue_ModifiedBy,getdate(),@intRowStatus_Active,@intParamId,'Hebrew')

--SELECT @intParamId = Id FROM [dbo].[QueryParameter] WHERE name = 'Country Code'
--INSERT INTO [ElementsCPSDB].[dbo].[QueryParameterValue]([Name],[CreatedBy],[CreatedOn],[ModifiedBy],[ModifiedOn],[RowStatusId],[QueryParameterId],[Description])VALUES('*',@strDefaultValue_CreatedBy, getdate(), @strDefaultValue_ModifiedBy,getdate(),@intRowStatus_Active,@intParamId,'*')
--INSERT INTO [ElementsCPSDB].[dbo].[QueryParameterValue]([Name],[CreatedBy],[CreatedOn],[ModifiedBy],[ModifiedOn],[RowStatusId],[QueryParameterId],[Description])VALUES('AFG',@strDefaultValue_CreatedBy, getdate(), @strDefaultValue_ModifiedBy,getdate(),@intRowStatus_Active,@intParamId,'AFGHANISTAN')
--INSERT INTO [ElementsCPSDB].[dbo].[QueryParameterValue]([Name],[CreatedBy],[CreatedOn],[ModifiedBy],[ModifiedOn],[RowStatusId],[QueryParameterId],[Description])VALUES('ALB',@strDefaultValue_CreatedBy, getdate(), @strDefaultValue_ModifiedBy,getdate(),@intRowStatus_Active,@intParamId,'ALBANIA')
--INSERT INTO [ElementsCPSDB].[dbo].[QueryParameterValue]([Name],[CreatedBy],[CreatedOn],[ModifiedBy],[ModifiedOn],[RowStatusId],[QueryParameterId],[Description])VALUES('DZA',@strDefaultValue_CreatedBy, getdate(), @strDefaultValue_ModifiedBy,getdate(),@intRowStatus_Active,@intParamId,'ALGERIA')
--INSERT INTO [ElementsCPSDB].[dbo].[QueryParameterValue]([Name],[CreatedBy],[CreatedOn],[ModifiedBy],[ModifiedOn],[RowStatusId],[QueryParameterId],[Description])VALUES('ASM',@strDefaultValue_CreatedBy, getdate(), @strDefaultValue_ModifiedBy,getdate(),@intRowStatus_Active,@intParamId,'AMERICAN SAMOA')
--INSERT INTO [ElementsCPSDB].[dbo].[QueryParameterValue]([Name],[CreatedBy],[CreatedOn],[ModifiedBy],[ModifiedOn],[RowStatusId],[QueryParameterId],[Description])VALUES('AND',@strDefaultValue_CreatedBy, getdate(), @strDefaultValue_ModifiedBy,getdate(),@intRowStatus_Active,@intParamId,'ANDORRA')
--INSERT INTO [ElementsCPSDB].[dbo].[QueryParameterValue]([Name],[CreatedBy],[CreatedOn],[ModifiedBy],[ModifiedOn],[RowStatusId],[QueryParameterId],[Description])VALUES('AGO',@strDefaultValue_CreatedBy, getdate(), @strDefaultValue_ModifiedBy,getdate(),@intRowStatus_Active,@intParamId,'ANGOLA')
--INSERT INTO [ElementsCPSDB].[dbo].[QueryParameterValue]([Name],[CreatedBy],[CreatedOn],[ModifiedBy],[ModifiedOn],[RowStatusId],[QueryParameterId],[Description])VALUES('AIA',@strDefaultValue_CreatedBy, getdate(), @strDefaultValue_ModifiedBy,getdate(),@intRowStatus_Active,@intParamId,'ANGUILLA')
--INSERT INTO [ElementsCPSDB].[dbo].[QueryParameterValue]([Name],[CreatedBy],[CreatedOn],[ModifiedBy],[ModifiedOn],[RowStatusId],[QueryParameterId],[Description])VALUES('ATA',@strDefaultValue_CreatedBy, getdate(), @strDefaultValue_ModifiedBy,getdate(),@intRowStatus_Active,@intParamId,'ANTARCTICA')
--INSERT INTO [ElementsCPSDB].[dbo].[QueryParameterValue]([Name],[CreatedBy],[CreatedOn],[ModifiedBy],[ModifiedOn],[RowStatusId],[QueryParameterId],[Description])VALUES('ATG',@strDefaultValue_CreatedBy, getdate(), @strDefaultValue_ModifiedBy,getdate(),@intRowStatus_Active,@intParamId,'ANTIGUA AND BARBUDA')
--INSERT INTO [ElementsCPSDB].[dbo].[QueryParameterValue]([Name],[CreatedBy],[CreatedOn],[ModifiedBy],[ModifiedOn],[RowStatusId],[QueryParameterId],[Description])VALUES('ARG',@strDefaultValue_CreatedBy, getdate(), @strDefaultValue_ModifiedBy,getdate(),@intRowStatus_Active,@intParamId,'ARGENTINA')
--INSERT INTO [ElementsCPSDB].[dbo].[QueryParameterValue]([Name],[CreatedBy],[CreatedOn],[ModifiedBy],[ModifiedOn],[RowStatusId],[QueryParameterId],[Description])VALUES('ARM',@strDefaultValue_CreatedBy, getdate(), @strDefaultValue_ModifiedBy,getdate(),@intRowStatus_Active,@intParamId,'ARMENIA')
--INSERT INTO [ElementsCPSDB].[dbo].[QueryParameterValue]([Name],[CreatedBy],[CreatedOn],[ModifiedBy],[ModifiedOn],[RowStatusId],[QueryParameterId],[Description])VALUES('ABW',@strDefaultValue_CreatedBy, getdate(), @strDefaultValue_ModifiedBy,getdate(),@intRowStatus_Active,@intParamId,'ARUBA')
--INSERT INTO [ElementsCPSDB].[dbo].[QueryParameterValue]([Name],[CreatedBy],[CreatedOn],[ModifiedBy],[ModifiedOn],[RowStatusId],[QueryParameterId],[Description])VALUES('AUS',@strDefaultValue_CreatedBy, getdate(), @strDefaultValue_ModifiedBy,getdate(),@intRowStatus_Active,@intParamId,'AUSTRALIA')
--INSERT INTO [ElementsCPSDB].[dbo].[QueryParameterValue]([Name],[CreatedBy],[CreatedOn],[ModifiedBy],[ModifiedOn],[RowStatusId],[QueryParameterId],[Description])VALUES('AUT',@strDefaultValue_CreatedBy, getdate(), @strDefaultValue_ModifiedBy,getdate(),@intRowStatus_Active,@intParamId,'AUSTRIA')
--INSERT INTO [ElementsCPSDB].[dbo].[QueryParameterValue]([Name],[CreatedBy],[CreatedOn],[ModifiedBy],[ModifiedOn],[RowStatusId],[QueryParameterId],[Description])VALUES('AZE',@strDefaultValue_CreatedBy, getdate(), @strDefaultValue_ModifiedBy,getdate(),@intRowStatus_Active,@intParamId,'AZERBAIJAN')
--INSERT INTO [ElementsCPSDB].[dbo].[QueryParameterValue]([Name],[CreatedBy],[CreatedOn],[ModifiedBy],[ModifiedOn],[RowStatusId],[QueryParameterId],[Description])VALUES('BHS',@strDefaultValue_CreatedBy, getdate(), @strDefaultValue_ModifiedBy,getdate(),@intRowStatus_Active,@intParamId,'BAHAMAS')
--INSERT INTO [ElementsCPSDB].[dbo].[QueryParameterValue]([Name],[CreatedBy],[CreatedOn],[ModifiedBy],[ModifiedOn],[RowStatusId],[QueryParameterId],[Description])VALUES('BHR',@strDefaultValue_CreatedBy, getdate(), @strDefaultValue_ModifiedBy,getdate(),@intRowStatus_Active,@intParamId,'BAHRAIN')
--INSERT INTO [ElementsCPSDB].[dbo].[QueryParameterValue]([Name],[CreatedBy],[CreatedOn],[ModifiedBy],[ModifiedOn],[RowStatusId],[QueryParameterId],[Description])VALUES('BGD',@strDefaultValue_CreatedBy, getdate(), @strDefaultValue_ModifiedBy,getdate(),@intRowStatus_Active,@intParamId,'BANGLADESH')
--INSERT INTO [ElementsCPSDB].[dbo].[QueryParameterValue]([Name],[CreatedBy],[CreatedOn],[ModifiedBy],[ModifiedOn],[RowStatusId],[QueryParameterId],[Description])VALUES('BRB',@strDefaultValue_CreatedBy, getdate(), @strDefaultValue_ModifiedBy,getdate(),@intRowStatus_Active,@intParamId,'BARBADOS')
--INSERT INTO [ElementsCPSDB].[dbo].[QueryParameterValue]([Name],[CreatedBy],[CreatedOn],[ModifiedBy],[ModifiedOn],[RowStatusId],[QueryParameterId],[Description])VALUES('BLR',@strDefaultValue_CreatedBy, getdate(), @strDefaultValue_ModifiedBy,getdate(),@intRowStatus_Active,@intParamId,'BELARUS')
--INSERT INTO [ElementsCPSDB].[dbo].[QueryParameterValue]([Name],[CreatedBy],[CreatedOn],[ModifiedBy],[ModifiedOn],[RowStatusId],[QueryParameterId],[Description])VALUES('BEL',@strDefaultValue_CreatedBy, getdate(), @strDefaultValue_ModifiedBy,getdate(),@intRowStatus_Active,@intParamId,'BELGIUM')
--INSERT INTO [ElementsCPSDB].[dbo].[QueryParameterValue]([Name],[CreatedBy],[CreatedOn],[ModifiedBy],[ModifiedOn],[RowStatusId],[QueryParameterId],[Description])VALUES('BLZ',@strDefaultValue_CreatedBy, getdate(), @strDefaultValue_ModifiedBy,getdate(),@intRowStatus_Active,@intParamId,'BELIZE')
--INSERT INTO [ElementsCPSDB].[dbo].[QueryParameterValue]([Name],[CreatedBy],[CreatedOn],[ModifiedBy],[ModifiedOn],[RowStatusId],[QueryParameterId],[Description])VALUES('BEN',@strDefaultValue_CreatedBy, getdate(), @strDefaultValue_ModifiedBy,getdate(),@intRowStatus_Active,@intParamId,'BENIN')
--INSERT INTO [ElementsCPSDB].[dbo].[QueryParameterValue]([Name],[CreatedBy],[CreatedOn],[ModifiedBy],[ModifiedOn],[RowStatusId],[QueryParameterId],[Description])VALUES('BMU',@strDefaultValue_CreatedBy, getdate(), @strDefaultValue_ModifiedBy,getdate(),@intRowStatus_Active,@intParamId,'BERMUDA')
--INSERT INTO [ElementsCPSDB].[dbo].[QueryParameterValue]([Name],[CreatedBy],[CreatedOn],[ModifiedBy],[ModifiedOn],[RowStatusId],[QueryParameterId],[Description])VALUES('BTN',@strDefaultValue_CreatedBy, getdate(), @strDefaultValue_ModifiedBy,getdate(),@intRowStatus_Active,@intParamId,'BHUTAN')
--INSERT INTO [ElementsCPSDB].[dbo].[QueryParameterValue]([Name],[CreatedBy],[CreatedOn],[ModifiedBy],[ModifiedOn],[RowStatusId],[QueryParameterId],[Description])VALUES('BOL',@strDefaultValue_CreatedBy, getdate(), @strDefaultValue_ModifiedBy,getdate(),@intRowStatus_Active,@intParamId,'BOLIVIA')
--INSERT INTO [ElementsCPSDB].[dbo].[QueryParameterValue]([Name],[CreatedBy],[CreatedOn],[ModifiedBy],[ModifiedOn],[RowStatusId],[QueryParameterId],[Description])VALUES('BIH',@strDefaultValue_CreatedBy, getdate(), @strDefaultValue_ModifiedBy,getdate(),@intRowStatus_Active,@intParamId,'BOSNIA AND HERZEGOWINA')
--INSERT INTO [ElementsCPSDB].[dbo].[QueryParameterValue]([Name],[CreatedBy],[CreatedOn],[ModifiedBy],[ModifiedOn],[RowStatusId],[QueryParameterId],[Description])VALUES('BWA',@strDefaultValue_CreatedBy, getdate(), @strDefaultValue_ModifiedBy,getdate(),@intRowStatus_Active,@intParamId,'BOTSWANA')
--INSERT INTO [ElementsCPSDB].[dbo].[QueryParameterValue]([Name],[CreatedBy],[CreatedOn],[ModifiedBy],[ModifiedOn],[RowStatusId],[QueryParameterId],[Description])VALUES('BVT',@strDefaultValue_CreatedBy, getdate(), @strDefaultValue_ModifiedBy,getdate(),@intRowStatus_Active,@intParamId,'BOUVET ISLAND')
--INSERT INTO [ElementsCPSDB].[dbo].[QueryParameterValue]([Name],[CreatedBy],[CreatedOn],[ModifiedBy],[ModifiedOn],[RowStatusId],[QueryParameterId],[Description])VALUES('BRA',@strDefaultValue_CreatedBy, getdate(), @strDefaultValue_ModifiedBy,getdate(),@intRowStatus_Active,@intParamId,'BRAZIL')
--INSERT INTO [ElementsCPSDB].[dbo].[QueryParameterValue]([Name],[CreatedBy],[CreatedOn],[ModifiedBy],[ModifiedOn],[RowStatusId],[QueryParameterId],[Description])VALUES('IOT',@strDefaultValue_CreatedBy, getdate(), @strDefaultValue_ModifiedBy,getdate(),@intRowStatus_Active,@intParamId,'BRITISH INDIAN OCEAN TERRITORY')
--INSERT INTO [ElementsCPSDB].[dbo].[QueryParameterValue]([Name],[CreatedBy],[CreatedOn],[ModifiedBy],[ModifiedOn],[RowStatusId],[QueryParameterId],[Description])VALUES('BRN',@strDefaultValue_CreatedBy, getdate(), @strDefaultValue_ModifiedBy,getdate(),@intRowStatus_Active,@intParamId,'BRUNEI DARUSSALAM')
--INSERT INTO [ElementsCPSDB].[dbo].[QueryParameterValue]([Name],[CreatedBy],[CreatedOn],[ModifiedBy],[ModifiedOn],[RowStatusId],[QueryParameterId],[Description])VALUES('BGR',@strDefaultValue_CreatedBy, getdate(), @strDefaultValue_ModifiedBy,getdate(),@intRowStatus_Active,@intParamId,'BULGARIA')
--INSERT INTO [ElementsCPSDB].[dbo].[QueryParameterValue]([Name],[CreatedBy],[CreatedOn],[ModifiedBy],[ModifiedOn],[RowStatusId],[QueryParameterId],[Description])VALUES('BFA',@strDefaultValue_CreatedBy, getdate(), @strDefaultValue_ModifiedBy,getdate(),@intRowStatus_Active,@intParamId,'BURKINA FASO')
--INSERT INTO [ElementsCPSDB].[dbo].[QueryParameterValue]([Name],[CreatedBy],[CreatedOn],[ModifiedBy],[ModifiedOn],[RowStatusId],[QueryParameterId],[Description])VALUES('BDI',@strDefaultValue_CreatedBy, getdate(), @strDefaultValue_ModifiedBy,getdate(),@intRowStatus_Active,@intParamId,'BURUNDI')
--INSERT INTO [ElementsCPSDB].[dbo].[QueryParameterValue]([Name],[CreatedBy],[CreatedOn],[ModifiedBy],[ModifiedOn],[RowStatusId],[QueryParameterId],[Description])VALUES('KHM',@strDefaultValue_CreatedBy, getdate(), @strDefaultValue_ModifiedBy,getdate(),@intRowStatus_Active,@intParamId,'CAMBODIA')
--INSERT INTO [ElementsCPSDB].[dbo].[QueryParameterValue]([Name],[CreatedBy],[CreatedOn],[ModifiedBy],[ModifiedOn],[RowStatusId],[QueryParameterId],[Description])VALUES('CMR',@strDefaultValue_CreatedBy, getdate(), @strDefaultValue_ModifiedBy,getdate(),@intRowStatus_Active,@intParamId,'CAMEROON')
--INSERT INTO [ElementsCPSDB].[dbo].[QueryParameterValue]([Name],[CreatedBy],[CreatedOn],[ModifiedBy],[ModifiedOn],[RowStatusId],[QueryParameterId],[Description])VALUES('CAN',@strDefaultValue_CreatedBy, getdate(), @strDefaultValue_ModifiedBy,getdate(),@intRowStatus_Active,@intParamId,'CANADA')
--INSERT INTO [ElementsCPSDB].[dbo].[QueryParameterValue]([Name],[CreatedBy],[CreatedOn],[ModifiedBy],[ModifiedOn],[RowStatusId],[QueryParameterId],[Description])VALUES('CPV',@strDefaultValue_CreatedBy, getdate(), @strDefaultValue_ModifiedBy,getdate(),@intRowStatus_Active,@intParamId,'CAPE VERDE')
--INSERT INTO [ElementsCPSDB].[dbo].[QueryParameterValue]([Name],[CreatedBy],[CreatedOn],[ModifiedBy],[ModifiedOn],[RowStatusId],[QueryParameterId],[Description])VALUES('CYM',@strDefaultValue_CreatedBy, getdate(), @strDefaultValue_ModifiedBy,getdate(),@intRowStatus_Active,@intParamId,'CAYMAN ISLANDS')
--INSERT INTO [ElementsCPSDB].[dbo].[QueryParameterValue]([Name],[CreatedBy],[CreatedOn],[ModifiedBy],[ModifiedOn],[RowStatusId],[QueryParameterId],[Description])VALUES('CAF',@strDefaultValue_CreatedBy, getdate(), @strDefaultValue_ModifiedBy,getdate(),@intRowStatus_Active,@intParamId,'CENTRAL AFRICAN REPUBLIC')
--INSERT INTO [ElementsCPSDB].[dbo].[QueryParameterValue]([Name],[CreatedBy],[CreatedOn],[ModifiedBy],[ModifiedOn],[RowStatusId],[QueryParameterId],[Description])VALUES('TCD',@strDefaultValue_CreatedBy, getdate(), @strDefaultValue_ModifiedBy,getdate(),@intRowStatus_Active,@intParamId,'CHAD')
--INSERT INTO [ElementsCPSDB].[dbo].[QueryParameterValue]([Name],[CreatedBy],[CreatedOn],[ModifiedBy],[ModifiedOn],[RowStatusId],[QueryParameterId],[Description])VALUES('CHL',@strDefaultValue_CreatedBy, getdate(), @strDefaultValue_ModifiedBy,getdate(),@intRowStatus_Active,@intParamId,'CHILE')
--INSERT INTO [ElementsCPSDB].[dbo].[QueryParameterValue]([Name],[CreatedBy],[CreatedOn],[ModifiedBy],[ModifiedOn],[RowStatusId],[QueryParameterId],[Description])VALUES('CHN',@strDefaultValue_CreatedBy, getdate(), @strDefaultValue_ModifiedBy,getdate(),@intRowStatus_Active,@intParamId,'CHINA')
--INSERT INTO [ElementsCPSDB].[dbo].[QueryParameterValue]([Name],[CreatedBy],[CreatedOn],[ModifiedBy],[ModifiedOn],[RowStatusId],[QueryParameterId],[Description])VALUES('CXR',@strDefaultValue_CreatedBy, getdate(), @strDefaultValue_ModifiedBy,getdate(),@intRowStatus_Active,@intParamId,'CHRISTMAS ISLAND')
--INSERT INTO [ElementsCPSDB].[dbo].[QueryParameterValue]([Name],[CreatedBy],[CreatedOn],[ModifiedBy],[ModifiedOn],[RowStatusId],[QueryParameterId],[Description])VALUES('CCK',@strDefaultValue_CreatedBy, getdate(), @strDefaultValue_ModifiedBy,getdate(),@intRowStatus_Active,@intParamId,'COCOS (KEELING) ISLANDS')
--INSERT INTO [ElementsCPSDB].[dbo].[QueryParameterValue]([Name],[CreatedBy],[CreatedOn],[ModifiedBy],[ModifiedOn],[RowStatusId],[QueryParameterId],[Description])VALUES('COL',@strDefaultValue_CreatedBy, getdate(), @strDefaultValue_ModifiedBy,getdate(),@intRowStatus_Active,@intParamId,'COLOMBIA')
--INSERT INTO [ElementsCPSDB].[dbo].[QueryParameterValue]([Name],[CreatedBy],[CreatedOn],[ModifiedBy],[ModifiedOn],[RowStatusId],[QueryParameterId],[Description])VALUES('COM',@strDefaultValue_CreatedBy, getdate(), @strDefaultValue_ModifiedBy,getdate(),@intRowStatus_Active,@intParamId,'COMOROS')
--INSERT INTO [ElementsCPSDB].[dbo].[QueryParameterValue]([Name],[CreatedBy],[CreatedOn],[ModifiedBy],[ModifiedOn],[RowStatusId],[QueryParameterId],[Description])VALUES('COG',@strDefaultValue_CreatedBy, getdate(), @strDefaultValue_ModifiedBy,getdate(),@intRowStatus_Active,@intParamId,'CONGO')
--INSERT INTO [ElementsCPSDB].[dbo].[QueryParameterValue]([Name],[CreatedBy],[CreatedOn],[ModifiedBy],[ModifiedOn],[RowStatusId],[QueryParameterId],[Description])VALUES('COD',@strDefaultValue_CreatedBy, getdate(), @strDefaultValue_ModifiedBy,getdate(),@intRowStatus_Active,@intParamId,'CONGO, THE DRC')
--INSERT INTO [ElementsCPSDB].[dbo].[QueryParameterValue]([Name],[CreatedBy],[CreatedOn],[ModifiedBy],[ModifiedOn],[RowStatusId],[QueryParameterId],[Description])VALUES('COK',@strDefaultValue_CreatedBy, getdate(), @strDefaultValue_ModifiedBy,getdate(),@intRowStatus_Active,@intParamId,'COOK ISLANDS')
--INSERT INTO [ElementsCPSDB].[dbo].[QueryParameterValue]([Name],[CreatedBy],[CreatedOn],[ModifiedBy],[ModifiedOn],[RowStatusId],[QueryParameterId],[Description])VALUES('CRI',@strDefaultValue_CreatedBy, getdate(), @strDefaultValue_ModifiedBy,getdate(),@intRowStatus_Active,@intParamId,'COSTA RICA')
--INSERT INTO [ElementsCPSDB].[dbo].[QueryParameterValue]([Name],[CreatedBy],[CreatedOn],[ModifiedBy],[ModifiedOn],[RowStatusId],[QueryParameterId],[Description])VALUES('CIV',@strDefaultValue_CreatedBy, getdate(), @strDefaultValue_ModifiedBy,getdate(),@intRowStatus_Active,@intParamId,'COTE D''IVOIRE')
--INSERT INTO [ElementsCPSDB].[dbo].[QueryParameterValue]([Name],[CreatedBy],[CreatedOn],[ModifiedBy],[ModifiedOn],[RowStatusId],[QueryParameterId],[Description])VALUES('HRV',@strDefaultValue_CreatedBy, getdate(), @strDefaultValue_ModifiedBy,getdate(),@intRowStatus_Active,@intParamId,'CROATIA (local name: Hrvatska)')
--INSERT INTO [ElementsCPSDB].[dbo].[QueryParameterValue]([Name],[CreatedBy],[CreatedOn],[ModifiedBy],[ModifiedOn],[RowStatusId],[QueryParameterId],[Description])VALUES('CUB',@strDefaultValue_CreatedBy, getdate(), @strDefaultValue_ModifiedBy,getdate(),@intRowStatus_Active,@intParamId,'CUBA')
--INSERT INTO [ElementsCPSDB].[dbo].[QueryParameterValue]([Name],[CreatedBy],[CreatedOn],[ModifiedBy],[ModifiedOn],[RowStatusId],[QueryParameterId],[Description])VALUES('CYP',@strDefaultValue_CreatedBy, getdate(), @strDefaultValue_ModifiedBy,getdate(),@intRowStatus_Active,@intParamId,'CYPRUS')
--INSERT INTO [ElementsCPSDB].[dbo].[QueryParameterValue]([Name],[CreatedBy],[CreatedOn],[ModifiedBy],[ModifiedOn],[RowStatusId],[QueryParameterId],[Description])VALUES('CZE',@strDefaultValue_CreatedBy, getdate(), @strDefaultValue_ModifiedBy,getdate(),@intRowStatus_Active,@intParamId,'CZECH REPUBLIC')
--INSERT INTO [ElementsCPSDB].[dbo].[QueryParameterValue]([Name],[CreatedBy],[CreatedOn],[ModifiedBy],[ModifiedOn],[RowStatusId],[QueryParameterId],[Description])VALUES('DNK',@strDefaultValue_CreatedBy, getdate(), @strDefaultValue_ModifiedBy,getdate(),@intRowStatus_Active,@intParamId,'DENMARK')
--INSERT INTO [ElementsCPSDB].[dbo].[QueryParameterValue]([Name],[CreatedBy],[CreatedOn],[ModifiedBy],[ModifiedOn],[RowStatusId],[QueryParameterId],[Description])VALUES('DJI',@strDefaultValue_CreatedBy, getdate(), @strDefaultValue_ModifiedBy,getdate(),@intRowStatus_Active,@intParamId,'DJIBOUTI')
--INSERT INTO [ElementsCPSDB].[dbo].[QueryParameterValue]([Name],[CreatedBy],[CreatedOn],[ModifiedBy],[ModifiedOn],[RowStatusId],[QueryParameterId],[Description])VALUES('DMA',@strDefaultValue_CreatedBy, getdate(), @strDefaultValue_ModifiedBy,getdate(),@intRowStatus_Active,@intParamId,'DOMINICA')
--INSERT INTO [ElementsCPSDB].[dbo].[QueryParameterValue]([Name],[CreatedBy],[CreatedOn],[ModifiedBy],[ModifiedOn],[RowStatusId],[QueryParameterId],[Description])VALUES('DOM',@strDefaultValue_CreatedBy, getdate(), @strDefaultValue_ModifiedBy,getdate(),@intRowStatus_Active,@intParamId,'DOMINICAN REPUBLIC')
--INSERT INTO [ElementsCPSDB].[dbo].[QueryParameterValue]([Name],[CreatedBy],[CreatedOn],[ModifiedBy],[ModifiedOn],[RowStatusId],[QueryParameterId],[Description])VALUES('TMP',@strDefaultValue_CreatedBy, getdate(), @strDefaultValue_ModifiedBy,getdate(),@intRowStatus_Active,@intParamId,'EAST TIMOR')
--INSERT INTO [ElementsCPSDB].[dbo].[QueryParameterValue]([Name],[CreatedBy],[CreatedOn],[ModifiedBy],[ModifiedOn],[RowStatusId],[QueryParameterId],[Description])VALUES('ECU',@strDefaultValue_CreatedBy, getdate(), @strDefaultValue_ModifiedBy,getdate(),@intRowStatus_Active,@intParamId,'ECUADOR')
--INSERT INTO [ElementsCPSDB].[dbo].[QueryParameterValue]([Name],[CreatedBy],[CreatedOn],[ModifiedBy],[ModifiedOn],[RowStatusId],[QueryParameterId],[Description])VALUES('EGY',@strDefaultValue_CreatedBy, getdate(), @strDefaultValue_ModifiedBy,getdate(),@intRowStatus_Active,@intParamId,'EGYPT')
--INSERT INTO [ElementsCPSDB].[dbo].[QueryParameterValue]([Name],[CreatedBy],[CreatedOn],[ModifiedBy],[ModifiedOn],[RowStatusId],[QueryParameterId],[Description])VALUES('SLV',@strDefaultValue_CreatedBy, getdate(), @strDefaultValue_ModifiedBy,getdate(),@intRowStatus_Active,@intParamId,'EL SALVADOR')
--INSERT INTO [ElementsCPSDB].[dbo].[QueryParameterValue]([Name],[CreatedBy],[CreatedOn],[ModifiedBy],[ModifiedOn],[RowStatusId],[QueryParameterId],[Description])VALUES('GNQ',@strDefaultValue_CreatedBy, getdate(), @strDefaultValue_ModifiedBy,getdate(),@intRowStatus_Active,@intParamId,'EQUATORIAL GUINEA')
--INSERT INTO [ElementsCPSDB].[dbo].[QueryParameterValue]([Name],[CreatedBy],[CreatedOn],[ModifiedBy],[ModifiedOn],[RowStatusId],[QueryParameterId],[Description])VALUES('ERI',@strDefaultValue_CreatedBy, getdate(), @strDefaultValue_ModifiedBy,getdate(),@intRowStatus_Active,@intParamId,'ERITREA')
--INSERT INTO [ElementsCPSDB].[dbo].[QueryParameterValue]([Name],[CreatedBy],[CreatedOn],[ModifiedBy],[ModifiedOn],[RowStatusId],[QueryParameterId],[Description])VALUES('EST',@strDefaultValue_CreatedBy, getdate(), @strDefaultValue_ModifiedBy,getdate(),@intRowStatus_Active,@intParamId,'ESTONIA')
--INSERT INTO [ElementsCPSDB].[dbo].[QueryParameterValue]([Name],[CreatedBy],[CreatedOn],[ModifiedBy],[ModifiedOn],[RowStatusId],[QueryParameterId],[Description])VALUES('ETH',@strDefaultValue_CreatedBy, getdate(), @strDefaultValue_ModifiedBy,getdate(),@intRowStatus_Active,@intParamId,'ETHIOPIA')
--INSERT INTO [ElementsCPSDB].[dbo].[QueryParameterValue]([Name],[CreatedBy],[CreatedOn],[ModifiedBy],[ModifiedOn],[RowStatusId],[QueryParameterId],[Description])VALUES('FLK',@strDefaultValue_CreatedBy, getdate(), @strDefaultValue_ModifiedBy,getdate(),@intRowStatus_Active,@intParamId,'FALKLAND ISLANDS (MALVINAS)')
--INSERT INTO [ElementsCPSDB].[dbo].[QueryParameterValue]([Name],[CreatedBy],[CreatedOn],[ModifiedBy],[ModifiedOn],[RowStatusId],[QueryParameterId],[Description])VALUES('FRO',@strDefaultValue_CreatedBy, getdate(), @strDefaultValue_ModifiedBy,getdate(),@intRowStatus_Active,@intParamId,'FAROE ISLANDS')
--INSERT INTO [ElementsCPSDB].[dbo].[QueryParameterValue]([Name],[CreatedBy],[CreatedOn],[ModifiedBy],[ModifiedOn],[RowStatusId],[QueryParameterId],[Description])VALUES('FJI',@strDefaultValue_CreatedBy, getdate(), @strDefaultValue_ModifiedBy,getdate(),@intRowStatus_Active,@intParamId,'FIJI')
--INSERT INTO [ElementsCPSDB].[dbo].[QueryParameterValue]([Name],[CreatedBy],[CreatedOn],[ModifiedBy],[ModifiedOn],[RowStatusId],[QueryParameterId],[Description])VALUES('FIN',@strDefaultValue_CreatedBy, getdate(), @strDefaultValue_ModifiedBy,getdate(),@intRowStatus_Active,@intParamId,'FINLAND')
--INSERT INTO [ElementsCPSDB].[dbo].[QueryParameterValue]([Name],[CreatedBy],[CreatedOn],[ModifiedBy],[ModifiedOn],[RowStatusId],[QueryParameterId],[Description])VALUES('FRA',@strDefaultValue_CreatedBy, getdate(), @strDefaultValue_ModifiedBy,getdate(),@intRowStatus_Active,@intParamId,'FRANCE')
--INSERT INTO [ElementsCPSDB].[dbo].[QueryParameterValue]([Name],[CreatedBy],[CreatedOn],[ModifiedBy],[ModifiedOn],[RowStatusId],[QueryParameterId],[Description])VALUES('FXX',@strDefaultValue_CreatedBy, getdate(), @strDefaultValue_ModifiedBy,getdate(),@intRowStatus_Active,@intParamId,'FRANCE, METROPOLITAN')
--INSERT INTO [ElementsCPSDB].[dbo].[QueryParameterValue]([Name],[CreatedBy],[CreatedOn],[ModifiedBy],[ModifiedOn],[RowStatusId],[QueryParameterId],[Description])VALUES('GUF',@strDefaultValue_CreatedBy, getdate(), @strDefaultValue_ModifiedBy,getdate(),@intRowStatus_Active,@intParamId,'FRENCH GUIANA')
--INSERT INTO [ElementsCPSDB].[dbo].[QueryParameterValue]([Name],[CreatedBy],[CreatedOn],[ModifiedBy],[ModifiedOn],[RowStatusId],[QueryParameterId],[Description])VALUES('PYF',@strDefaultValue_CreatedBy, getdate(), @strDefaultValue_ModifiedBy,getdate(),@intRowStatus_Active,@intParamId,'FRENCH POLYNESIA')
--INSERT INTO [ElementsCPSDB].[dbo].[QueryParameterValue]([Name],[CreatedBy],[CreatedOn],[ModifiedBy],[ModifiedOn],[RowStatusId],[QueryParameterId],[Description])VALUES('ATF',@strDefaultValue_CreatedBy, getdate(), @strDefaultValue_ModifiedBy,getdate(),@intRowStatus_Active,@intParamId,'FRENCH SOUTHERN TERRITORIES')
--INSERT INTO [ElementsCPSDB].[dbo].[QueryParameterValue]([Name],[CreatedBy],[CreatedOn],[ModifiedBy],[ModifiedOn],[RowStatusId],[QueryParameterId],[Description])VALUES('GAB',@strDefaultValue_CreatedBy, getdate(), @strDefaultValue_ModifiedBy,getdate(),@intRowStatus_Active,@intParamId,'GABON')
--INSERT INTO [ElementsCPSDB].[dbo].[QueryParameterValue]([Name],[CreatedBy],[CreatedOn],[ModifiedBy],[ModifiedOn],[RowStatusId],[QueryParameterId],[Description])VALUES('GMB',@strDefaultValue_CreatedBy, getdate(), @strDefaultValue_ModifiedBy,getdate(),@intRowStatus_Active,@intParamId,'GAMBIA')
--INSERT INTO [ElementsCPSDB].[dbo].[QueryParameterValue]([Name],[CreatedBy],[CreatedOn],[ModifiedBy],[ModifiedOn],[RowStatusId],[QueryParameterId],[Description])VALUES('GEO',@strDefaultValue_CreatedBy, getdate(), @strDefaultValue_ModifiedBy,getdate(),@intRowStatus_Active,@intParamId,'GEORGIA')
--INSERT INTO [ElementsCPSDB].[dbo].[QueryParameterValue]([Name],[CreatedBy],[CreatedOn],[ModifiedBy],[ModifiedOn],[RowStatusId],[QueryParameterId],[Description])VALUES('DEU',@strDefaultValue_CreatedBy, getdate(), @strDefaultValue_ModifiedBy,getdate(),@intRowStatus_Active,@intParamId,'GERMANY')
--INSERT INTO [ElementsCPSDB].[dbo].[QueryParameterValue]([Name],[CreatedBy],[CreatedOn],[ModifiedBy],[ModifiedOn],[RowStatusId],[QueryParameterId],[Description])VALUES('GHA',@strDefaultValue_CreatedBy, getdate(), @strDefaultValue_ModifiedBy,getdate(),@intRowStatus_Active,@intParamId,'GHANA')
--INSERT INTO [ElementsCPSDB].[dbo].[QueryParameterValue]([Name],[CreatedBy],[CreatedOn],[ModifiedBy],[ModifiedOn],[RowStatusId],[QueryParameterId],[Description])VALUES('GIB',@strDefaultValue_CreatedBy, getdate(), @strDefaultValue_ModifiedBy,getdate(),@intRowStatus_Active,@intParamId,'GIBRALTAR')
--INSERT INTO [ElementsCPSDB].[dbo].[QueryParameterValue]([Name],[CreatedBy],[CreatedOn],[ModifiedBy],[ModifiedOn],[RowStatusId],[QueryParameterId],[Description])VALUES('GRC',@strDefaultValue_CreatedBy, getdate(), @strDefaultValue_ModifiedBy,getdate(),@intRowStatus_Active,@intParamId,'GREECE')
--INSERT INTO [ElementsCPSDB].[dbo].[QueryParameterValue]([Name],[CreatedBy],[CreatedOn],[ModifiedBy],[ModifiedOn],[RowStatusId],[QueryParameterId],[Description])VALUES('GRL',@strDefaultValue_CreatedBy, getdate(), @strDefaultValue_ModifiedBy,getdate(),@intRowStatus_Active,@intParamId,'GREENLAND')
--INSERT INTO [ElementsCPSDB].[dbo].[QueryParameterValue]([Name],[CreatedBy],[CreatedOn],[ModifiedBy],[ModifiedOn],[RowStatusId],[QueryParameterId],[Description])VALUES('GRD',@strDefaultValue_CreatedBy, getdate(), @strDefaultValue_ModifiedBy,getdate(),@intRowStatus_Active,@intParamId,'GRENADA')
--INSERT INTO [ElementsCPSDB].[dbo].[QueryParameterValue]([Name],[CreatedBy],[CreatedOn],[ModifiedBy],[ModifiedOn],[RowStatusId],[QueryParameterId],[Description])VALUES('GLP',@strDefaultValue_CreatedBy, getdate(), @strDefaultValue_ModifiedBy,getdate(),@intRowStatus_Active,@intParamId,'GUADELOUPE')
--INSERT INTO [ElementsCPSDB].[dbo].[QueryParameterValue]([Name],[CreatedBy],[CreatedOn],[ModifiedBy],[ModifiedOn],[RowStatusId],[QueryParameterId],[Description])VALUES('GUM',@strDefaultValue_CreatedBy, getdate(), @strDefaultValue_ModifiedBy,getdate(),@intRowStatus_Active,@intParamId,'GUAM')
--INSERT INTO [ElementsCPSDB].[dbo].[QueryParameterValue]([Name],[CreatedBy],[CreatedOn],[ModifiedBy],[ModifiedOn],[RowStatusId],[QueryParameterId],[Description])VALUES('GTM',@strDefaultValue_CreatedBy, getdate(), @strDefaultValue_ModifiedBy,getdate(),@intRowStatus_Active,@intParamId,'GUATEMALA')
--INSERT INTO [ElementsCPSDB].[dbo].[QueryParameterValue]([Name],[CreatedBy],[CreatedOn],[ModifiedBy],[ModifiedOn],[RowStatusId],[QueryParameterId],[Description])VALUES('GIN',@strDefaultValue_CreatedBy, getdate(), @strDefaultValue_ModifiedBy,getdate(),@intRowStatus_Active,@intParamId,'GUINEA')
--INSERT INTO [ElementsCPSDB].[dbo].[QueryParameterValue]([Name],[CreatedBy],[CreatedOn],[ModifiedBy],[ModifiedOn],[RowStatusId],[QueryParameterId],[Description])VALUES('GNB',@strDefaultValue_CreatedBy, getdate(), @strDefaultValue_ModifiedBy,getdate(),@intRowStatus_Active,@intParamId,'GUINEA-BISSAU')
--INSERT INTO [ElementsCPSDB].[dbo].[QueryParameterValue]([Name],[CreatedBy],[CreatedOn],[ModifiedBy],[ModifiedOn],[RowStatusId],[QueryParameterId],[Description])VALUES('GUY',@strDefaultValue_CreatedBy, getdate(), @strDefaultValue_ModifiedBy,getdate(),@intRowStatus_Active,@intParamId,'GUYANA')
--INSERT INTO [ElementsCPSDB].[dbo].[QueryParameterValue]([Name],[CreatedBy],[CreatedOn],[ModifiedBy],[ModifiedOn],[RowStatusId],[QueryParameterId],[Description])VALUES('HTI',@strDefaultValue_CreatedBy, getdate(), @strDefaultValue_ModifiedBy,getdate(),@intRowStatus_Active,@intParamId,'HAITI')
--INSERT INTO [ElementsCPSDB].[dbo].[QueryParameterValue]([Name],[CreatedBy],[CreatedOn],[ModifiedBy],[ModifiedOn],[RowStatusId],[QueryParameterId],[Description])VALUES('HMD',@strDefaultValue_CreatedBy, getdate(), @strDefaultValue_ModifiedBy,getdate(),@intRowStatus_Active,@intParamId,'HEARD AND MC DONALD ISLANDS')
--INSERT INTO [ElementsCPSDB].[dbo].[QueryParameterValue]([Name],[CreatedBy],[CreatedOn],[ModifiedBy],[ModifiedOn],[RowStatusId],[QueryParameterId],[Description])VALUES('VAT',@strDefaultValue_CreatedBy, getdate(), @strDefaultValue_ModifiedBy,getdate(),@intRowStatus_Active,@intParamId,'HOLY SEE (VATICAN CITY STATE)')
--INSERT INTO [ElementsCPSDB].[dbo].[QueryParameterValue]([Name],[CreatedBy],[CreatedOn],[ModifiedBy],[ModifiedOn],[RowStatusId],[QueryParameterId],[Description])VALUES('HND',@strDefaultValue_CreatedBy, getdate(), @strDefaultValue_ModifiedBy,getdate(),@intRowStatus_Active,@intParamId,'HONDURAS')
--INSERT INTO [ElementsCPSDB].[dbo].[QueryParameterValue]([Name],[CreatedBy],[CreatedOn],[ModifiedBy],[ModifiedOn],[RowStatusId],[QueryParameterId],[Description])VALUES('HKG',@strDefaultValue_CreatedBy, getdate(), @strDefaultValue_ModifiedBy,getdate(),@intRowStatus_Active,@intParamId,'HONG KONG')
--INSERT INTO [ElementsCPSDB].[dbo].[QueryParameterValue]([Name],[CreatedBy],[CreatedOn],[ModifiedBy],[ModifiedOn],[RowStatusId],[QueryParameterId],[Description])VALUES('HUN',@strDefaultValue_CreatedBy, getdate(), @strDefaultValue_ModifiedBy,getdate(),@intRowStatus_Active,@intParamId,'HUNGARY')
--INSERT INTO [ElementsCPSDB].[dbo].[QueryParameterValue]([Name],[CreatedBy],[CreatedOn],[ModifiedBy],[ModifiedOn],[RowStatusId],[QueryParameterId],[Description])VALUES('ISL',@strDefaultValue_CreatedBy, getdate(), @strDefaultValue_ModifiedBy,getdate(),@intRowStatus_Active,@intParamId,'ICELAND')
--INSERT INTO [ElementsCPSDB].[dbo].[QueryParameterValue]([Name],[CreatedBy],[CreatedOn],[ModifiedBy],[ModifiedOn],[RowStatusId],[QueryParameterId],[Description])VALUES('IND',@strDefaultValue_CreatedBy, getdate(), @strDefaultValue_ModifiedBy,getdate(),@intRowStatus_Active,@intParamId,'INDIA')
--INSERT INTO [ElementsCPSDB].[dbo].[QueryParameterValue]([Name],[CreatedBy],[CreatedOn],[ModifiedBy],[ModifiedOn],[RowStatusId],[QueryParameterId],[Description])VALUES('IDN',@strDefaultValue_CreatedBy, getdate(), @strDefaultValue_ModifiedBy,getdate(),@intRowStatus_Active,@intParamId,'INDONESIA')
--INSERT INTO [ElementsCPSDB].[dbo].[QueryParameterValue]([Name],[CreatedBy],[CreatedOn],[ModifiedBy],[ModifiedOn],[RowStatusId],[QueryParameterId],[Description])VALUES('IRN',@strDefaultValue_CreatedBy, getdate(), @strDefaultValue_ModifiedBy,getdate(),@intRowStatus_Active,@intParamId,'IRAN (ISLAMIC REPUBLIC OF)')
--INSERT INTO [ElementsCPSDB].[dbo].[QueryParameterValue]([Name],[CreatedBy],[CreatedOn],[ModifiedBy],[ModifiedOn],[RowStatusId],[QueryParameterId],[Description])VALUES('IRQ',@strDefaultValue_CreatedBy, getdate(), @strDefaultValue_ModifiedBy,getdate(),@intRowStatus_Active,@intParamId,'IRAQ')
--INSERT INTO [ElementsCPSDB].[dbo].[QueryParameterValue]([Name],[CreatedBy],[CreatedOn],[ModifiedBy],[ModifiedOn],[RowStatusId],[QueryParameterId],[Description])VALUES('IRL',@strDefaultValue_CreatedBy, getdate(), @strDefaultValue_ModifiedBy,getdate(),@intRowStatus_Active,@intParamId,'IRELAND')
--INSERT INTO [ElementsCPSDB].[dbo].[QueryParameterValue]([Name],[CreatedBy],[CreatedOn],[ModifiedBy],[ModifiedOn],[RowStatusId],[QueryParameterId],[Description])VALUES('ISR',@strDefaultValue_CreatedBy, getdate(), @strDefaultValue_ModifiedBy,getdate(),@intRowStatus_Active,@intParamId,'ISRAEL')
--INSERT INTO [ElementsCPSDB].[dbo].[QueryParameterValue]([Name],[CreatedBy],[CreatedOn],[ModifiedBy],[ModifiedOn],[RowStatusId],[QueryParameterId],[Description])VALUES('ITA',@strDefaultValue_CreatedBy, getdate(), @strDefaultValue_ModifiedBy,getdate(),@intRowStatus_Active,@intParamId,'ITALY')
--INSERT INTO [ElementsCPSDB].[dbo].[QueryParameterValue]([Name],[CreatedBy],[CreatedOn],[ModifiedBy],[ModifiedOn],[RowStatusId],[QueryParameterId],[Description])VALUES('JAM',@strDefaultValue_CreatedBy, getdate(), @strDefaultValue_ModifiedBy,getdate(),@intRowStatus_Active,@intParamId,'JAMAICA')
--INSERT INTO [ElementsCPSDB].[dbo].[QueryParameterValue]([Name],[CreatedBy],[CreatedOn],[ModifiedBy],[ModifiedOn],[RowStatusId],[QueryParameterId],[Description])VALUES('JPN',@strDefaultValue_CreatedBy, getdate(), @strDefaultValue_ModifiedBy,getdate(),@intRowStatus_Active,@intParamId,'JAPAN')
--INSERT INTO [ElementsCPSDB].[dbo].[QueryParameterValue]([Name],[CreatedBy],[CreatedOn],[ModifiedBy],[ModifiedOn],[RowStatusId],[QueryParameterId],[Description])VALUES('JOR',@strDefaultValue_CreatedBy, getdate(), @strDefaultValue_ModifiedBy,getdate(),@intRowStatus_Active,@intParamId,'JORDAN')
--INSERT INTO [ElementsCPSDB].[dbo].[QueryParameterValue]([Name],[CreatedBy],[CreatedOn],[ModifiedBy],[ModifiedOn],[RowStatusId],[QueryParameterId],[Description])VALUES('KAZ',@strDefaultValue_CreatedBy, getdate(), @strDefaultValue_ModifiedBy,getdate(),@intRowStatus_Active,@intParamId,'KAZAKHSTAN')
--INSERT INTO [ElementsCPSDB].[dbo].[QueryParameterValue]([Name],[CreatedBy],[CreatedOn],[ModifiedBy],[ModifiedOn],[RowStatusId],[QueryParameterId],[Description])VALUES('KEN',@strDefaultValue_CreatedBy, getdate(), @strDefaultValue_ModifiedBy,getdate(),@intRowStatus_Active,@intParamId,'KENYA')
--INSERT INTO [ElementsCPSDB].[dbo].[QueryParameterValue]([Name],[CreatedBy],[CreatedOn],[ModifiedBy],[ModifiedOn],[RowStatusId],[QueryParameterId],[Description])VALUES('KIR',@strDefaultValue_CreatedBy, getdate(), @strDefaultValue_ModifiedBy,getdate(),@intRowStatus_Active,@intParamId,'KIRIBATI')
--INSERT INTO [ElementsCPSDB].[dbo].[QueryParameterValue]([Name],[CreatedBy],[CreatedOn],[ModifiedBy],[ModifiedOn],[RowStatusId],[QueryParameterId],[Description])VALUES('PRK',@strDefaultValue_CreatedBy, getdate(), @strDefaultValue_ModifiedBy,getdate(),@intRowStatus_Active,@intParamId,'KOREA, D.P.R.O.')
--INSERT INTO [ElementsCPSDB].[dbo].[QueryParameterValue]([Name],[CreatedBy],[CreatedOn],[ModifiedBy],[ModifiedOn],[RowStatusId],[QueryParameterId],[Description])VALUES('KOR',@strDefaultValue_CreatedBy, getdate(), @strDefaultValue_ModifiedBy,getdate(),@intRowStatus_Active,@intParamId,'KOREA, REPUBLIC OF')
--INSERT INTO [ElementsCPSDB].[dbo].[QueryParameterValue]([Name],[CreatedBy],[CreatedOn],[ModifiedBy],[ModifiedOn],[RowStatusId],[QueryParameterId],[Description])VALUES('KWT',@strDefaultValue_CreatedBy, getdate(), @strDefaultValue_ModifiedBy,getdate(),@intRowStatus_Active,@intParamId,'KUWAIT')
--INSERT INTO [ElementsCPSDB].[dbo].[QueryParameterValue]([Name],[CreatedBy],[CreatedOn],[ModifiedBy],[ModifiedOn],[RowStatusId],[QueryParameterId],[Description])VALUES('KGZ',@strDefaultValue_CreatedBy, getdate(), @strDefaultValue_ModifiedBy,getdate(),@intRowStatus_Active,@intParamId,'KYRGYZSTAN')
--INSERT INTO [ElementsCPSDB].[dbo].[QueryParameterValue]([Name],[CreatedBy],[CreatedOn],[ModifiedBy],[ModifiedOn],[RowStatusId],[QueryParameterId],[Description])VALUES('LAO',@strDefaultValue_CreatedBy, getdate(), @strDefaultValue_ModifiedBy,getdate(),@intRowStatus_Active,@intParamId,'LAOS')
--INSERT INTO [ElementsCPSDB].[dbo].[QueryParameterValue]([Name],[CreatedBy],[CreatedOn],[ModifiedBy],[ModifiedOn],[RowStatusId],[QueryParameterId],[Description])VALUES('LVA',@strDefaultValue_CreatedBy, getdate(), @strDefaultValue_ModifiedBy,getdate(),@intRowStatus_Active,@intParamId,'LATVIA')
--INSERT INTO [ElementsCPSDB].[dbo].[QueryParameterValue]([Name],[CreatedBy],[CreatedOn],[ModifiedBy],[ModifiedOn],[RowStatusId],[QueryParameterId],[Description])VALUES('LBN',@strDefaultValue_CreatedBy, getdate(), @strDefaultValue_ModifiedBy,getdate(),@intRowStatus_Active,@intParamId,'LEBANON')
--INSERT INTO [ElementsCPSDB].[dbo].[QueryParameterValue]([Name],[CreatedBy],[CreatedOn],[ModifiedBy],[ModifiedOn],[RowStatusId],[QueryParameterId],[Description])VALUES('LSO',@strDefaultValue_CreatedBy, getdate(), @strDefaultValue_ModifiedBy,getdate(),@intRowStatus_Active,@intParamId,'LESOTHO')
--INSERT INTO [ElementsCPSDB].[dbo].[QueryParameterValue]([Name],[CreatedBy],[CreatedOn],[ModifiedBy],[ModifiedOn],[RowStatusId],[QueryParameterId],[Description])VALUES('LBR',@strDefaultValue_CreatedBy, getdate(), @strDefaultValue_ModifiedBy,getdate(),@intRowStatus_Active,@intParamId,'LIBERIA')
--INSERT INTO [ElementsCPSDB].[dbo].[QueryParameterValue]([Name],[CreatedBy],[CreatedOn],[ModifiedBy],[ModifiedOn],[RowStatusId],[QueryParameterId],[Description])VALUES('LBY',@strDefaultValue_CreatedBy, getdate(), @strDefaultValue_ModifiedBy,getdate(),@intRowStatus_Active,@intParamId,'LIBYAN ARAB JAMAHIRIYA')
--INSERT INTO [ElementsCPSDB].[dbo].[QueryParameterValue]([Name],[CreatedBy],[CreatedOn],[ModifiedBy],[ModifiedOn],[RowStatusId],[QueryParameterId],[Description])VALUES('LIE',@strDefaultValue_CreatedBy, getdate(), @strDefaultValue_ModifiedBy,getdate(),@intRowStatus_Active,@intParamId,'LIECHTENSTEIN')
--INSERT INTO [ElementsCPSDB].[dbo].[QueryParameterValue]([Name],[CreatedBy],[CreatedOn],[ModifiedBy],[ModifiedOn],[RowStatusId],[QueryParameterId],[Description])VALUES('LTU',@strDefaultValue_CreatedBy, getdate(), @strDefaultValue_ModifiedBy,getdate(),@intRowStatus_Active,@intParamId,'LITHUANIA')
--INSERT INTO [ElementsCPSDB].[dbo].[QueryParameterValue]([Name],[CreatedBy],[CreatedOn],[ModifiedBy],[ModifiedOn],[RowStatusId],[QueryParameterId],[Description])VALUES('LUX',@strDefaultValue_CreatedBy, getdate(), @strDefaultValue_ModifiedBy,getdate(),@intRowStatus_Active,@intParamId,'LUXEMBOURG')
--INSERT INTO [ElementsCPSDB].[dbo].[QueryParameterValue]([Name],[CreatedBy],[CreatedOn],[ModifiedBy],[ModifiedOn],[RowStatusId],[QueryParameterId],[Description])VALUES('MAC',@strDefaultValue_CreatedBy, getdate(), @strDefaultValue_ModifiedBy,getdate(),@intRowStatus_Active,@intParamId,'MACAU')
--INSERT INTO [ElementsCPSDB].[dbo].[QueryParameterValue]([Name],[CreatedBy],[CreatedOn],[ModifiedBy],[ModifiedOn],[RowStatusId],[QueryParameterId],[Description])VALUES('MKD',@strDefaultValue_CreatedBy, getdate(), @strDefaultValue_ModifiedBy,getdate(),@intRowStatus_Active,@intParamId,'MACEDONIA')
--INSERT INTO [ElementsCPSDB].[dbo].[QueryParameterValue]([Name],[CreatedBy],[CreatedOn],[ModifiedBy],[ModifiedOn],[RowStatusId],[QueryParameterId],[Description])VALUES('MDG',@strDefaultValue_CreatedBy, getdate(), @strDefaultValue_ModifiedBy,getdate(),@intRowStatus_Active,@intParamId,'MADAGASCAR')
--INSERT INTO [ElementsCPSDB].[dbo].[QueryParameterValue]([Name],[CreatedBy],[CreatedOn],[ModifiedBy],[ModifiedOn],[RowStatusId],[QueryParameterId],[Description])VALUES('MWI',@strDefaultValue_CreatedBy, getdate(), @strDefaultValue_ModifiedBy,getdate(),@intRowStatus_Active,@intParamId,'MALAWI')
--INSERT INTO [ElementsCPSDB].[dbo].[QueryParameterValue]([Name],[CreatedBy],[CreatedOn],[ModifiedBy],[ModifiedOn],[RowStatusId],[QueryParameterId],[Description])VALUES('MYS',@strDefaultValue_CreatedBy, getdate(), @strDefaultValue_ModifiedBy,getdate(),@intRowStatus_Active,@intParamId,'MALAYSIA')
--INSERT INTO [ElementsCPSDB].[dbo].[QueryParameterValue]([Name],[CreatedBy],[CreatedOn],[ModifiedBy],[ModifiedOn],[RowStatusId],[QueryParameterId],[Description])VALUES('MDV',@strDefaultValue_CreatedBy, getdate(), @strDefaultValue_ModifiedBy,getdate(),@intRowStatus_Active,@intParamId,'MALDIVES')
--INSERT INTO [ElementsCPSDB].[dbo].[QueryParameterValue]([Name],[CreatedBy],[CreatedOn],[ModifiedBy],[ModifiedOn],[RowStatusId],[QueryParameterId],[Description])VALUES('MLI',@strDefaultValue_CreatedBy, getdate(), @strDefaultValue_ModifiedBy,getdate(),@intRowStatus_Active,@intParamId,'MALI')
--INSERT INTO [ElementsCPSDB].[dbo].[QueryParameterValue]([Name],[CreatedBy],[CreatedOn],[ModifiedBy],[ModifiedOn],[RowStatusId],[QueryParameterId],[Description])VALUES('MLT',@strDefaultValue_CreatedBy, getdate(), @strDefaultValue_ModifiedBy,getdate(),@intRowStatus_Active,@intParamId,'MALTA')
--INSERT INTO [ElementsCPSDB].[dbo].[QueryParameterValue]([Name],[CreatedBy],[CreatedOn],[ModifiedBy],[ModifiedOn],[RowStatusId],[QueryParameterId],[Description])VALUES('MHL',@strDefaultValue_CreatedBy, getdate(), @strDefaultValue_ModifiedBy,getdate(),@intRowStatus_Active,@intParamId,'MARSHALL ISLANDS')
--INSERT INTO [ElementsCPSDB].[dbo].[QueryParameterValue]([Name],[CreatedBy],[CreatedOn],[ModifiedBy],[ModifiedOn],[RowStatusId],[QueryParameterId],[Description])VALUES('MTQ',@strDefaultValue_CreatedBy, getdate(), @strDefaultValue_ModifiedBy,getdate(),@intRowStatus_Active,@intParamId,'MARTINIQUE')
--INSERT INTO [ElementsCPSDB].[dbo].[QueryParameterValue]([Name],[CreatedBy],[CreatedOn],[ModifiedBy],[ModifiedOn],[RowStatusId],[QueryParameterId],[Description])VALUES('MRT',@strDefaultValue_CreatedBy, getdate(), @strDefaultValue_ModifiedBy,getdate(),@intRowStatus_Active,@intParamId,'MAURITANIA')
--INSERT INTO [ElementsCPSDB].[dbo].[QueryParameterValue]([Name],[CreatedBy],[CreatedOn],[ModifiedBy],[ModifiedOn],[RowStatusId],[QueryParameterId],[Description])VALUES('MUS',@strDefaultValue_CreatedBy, getdate(), @strDefaultValue_ModifiedBy,getdate(),@intRowStatus_Active,@intParamId,'MAURITIUS')
--INSERT INTO [ElementsCPSDB].[dbo].[QueryParameterValue]([Name],[CreatedBy],[CreatedOn],[ModifiedBy],[ModifiedOn],[RowStatusId],[QueryParameterId],[Description])VALUES('MYT',@strDefaultValue_CreatedBy, getdate(), @strDefaultValue_ModifiedBy,getdate(),@intRowStatus_Active,@intParamId,'MAYOTTE')
--INSERT INTO [ElementsCPSDB].[dbo].[QueryParameterValue]([Name],[CreatedBy],[CreatedOn],[ModifiedBy],[ModifiedOn],[RowStatusId],[QueryParameterId],[Description])VALUES('MEX',@strDefaultValue_CreatedBy, getdate(), @strDefaultValue_ModifiedBy,getdate(),@intRowStatus_Active,@intParamId,'MEXICO')
--INSERT INTO [ElementsCPSDB].[dbo].[QueryParameterValue]([Name],[CreatedBy],[CreatedOn],[ModifiedBy],[ModifiedOn],[RowStatusId],[QueryParameterId],[Description])VALUES('FSM',@strDefaultValue_CreatedBy, getdate(), @strDefaultValue_ModifiedBy,getdate(),@intRowStatus_Active,@intParamId,'MICRONESIA, FEDERATED STATES OF')
--INSERT INTO [ElementsCPSDB].[dbo].[QueryParameterValue]([Name],[CreatedBy],[CreatedOn],[ModifiedBy],[ModifiedOn],[RowStatusId],[QueryParameterId],[Description])VALUES('MDA',@strDefaultValue_CreatedBy, getdate(), @strDefaultValue_ModifiedBy,getdate(),@intRowStatus_Active,@intParamId,'MOLDOVA, REPUBLIC OF')
--INSERT INTO [ElementsCPSDB].[dbo].[QueryParameterValue]([Name],[CreatedBy],[CreatedOn],[ModifiedBy],[ModifiedOn],[RowStatusId],[QueryParameterId],[Description])VALUES('MCO',@strDefaultValue_CreatedBy, getdate(), @strDefaultValue_ModifiedBy,getdate(),@intRowStatus_Active,@intParamId,'MONACO')
--INSERT INTO [ElementsCPSDB].[dbo].[QueryParameterValue]([Name],[CreatedBy],[CreatedOn],[ModifiedBy],[ModifiedOn],[RowStatusId],[QueryParameterId],[Description])VALUES('MNG',@strDefaultValue_CreatedBy, getdate(), @strDefaultValue_ModifiedBy,getdate(),@intRowStatus_Active,@intParamId,'MONGOLIA')
--INSERT INTO [ElementsCPSDB].[dbo].[QueryParameterValue]([Name],[CreatedBy],[CreatedOn],[ModifiedBy],[ModifiedOn],[RowStatusId],[QueryParameterId],[Description])VALUES('MSR',@strDefaultValue_CreatedBy, getdate(), @strDefaultValue_ModifiedBy,getdate(),@intRowStatus_Active,@intParamId,'MONTSERRAT')
--INSERT INTO [ElementsCPSDB].[dbo].[QueryParameterValue]([Name],[CreatedBy],[CreatedOn],[ModifiedBy],[ModifiedOn],[RowStatusId],[QueryParameterId],[Description])VALUES('MAR',@strDefaultValue_CreatedBy, getdate(), @strDefaultValue_ModifiedBy,getdate(),@intRowStatus_Active,@intParamId,'MOROCCO')
--INSERT INTO [ElementsCPSDB].[dbo].[QueryParameterValue]([Name],[CreatedBy],[CreatedOn],[ModifiedBy],[ModifiedOn],[RowStatusId],[QueryParameterId],[Description])VALUES('MOZ',@strDefaultValue_CreatedBy, getdate(), @strDefaultValue_ModifiedBy,getdate(),@intRowStatus_Active,@intParamId,'MOZAMBIQUE')
--INSERT INTO [ElementsCPSDB].[dbo].[QueryParameterValue]([Name],[CreatedBy],[CreatedOn],[ModifiedBy],[ModifiedOn],[RowStatusId],[QueryParameterId],[Description])VALUES('MMR',@strDefaultValue_CreatedBy, getdate(), @strDefaultValue_ModifiedBy,getdate(),@intRowStatus_Active,@intParamId,'MYANMAR (Burma)')
--INSERT INTO [ElementsCPSDB].[dbo].[QueryParameterValue]([Name],[CreatedBy],[CreatedOn],[ModifiedBy],[ModifiedOn],[RowStatusId],[QueryParameterId],[Description])VALUES('NAM',@strDefaultValue_CreatedBy, getdate(), @strDefaultValue_ModifiedBy,getdate(),@intRowStatus_Active,@intParamId,'NAMIBIA')
--INSERT INTO [ElementsCPSDB].[dbo].[QueryParameterValue]([Name],[CreatedBy],[CreatedOn],[ModifiedBy],[ModifiedOn],[RowStatusId],[QueryParameterId],[Description])VALUES('NRU',@strDefaultValue_CreatedBy, getdate(), @strDefaultValue_ModifiedBy,getdate(),@intRowStatus_Active,@intParamId,'NAURU')
--INSERT INTO [ElementsCPSDB].[dbo].[QueryParameterValue]([Name],[CreatedBy],[CreatedOn],[ModifiedBy],[ModifiedOn],[RowStatusId],[QueryParameterId],[Description])VALUES('NPL',@strDefaultValue_CreatedBy, getdate(), @strDefaultValue_ModifiedBy,getdate(),@intRowStatus_Active,@intParamId,'NEPAL')
--INSERT INTO [ElementsCPSDB].[dbo].[QueryParameterValue]([Name],[CreatedBy],[CreatedOn],[ModifiedBy],[ModifiedOn],[RowStatusId],[QueryParameterId],[Description])VALUES('NLD',@strDefaultValue_CreatedBy, getdate(), @strDefaultValue_ModifiedBy,getdate(),@intRowStatus_Active,@intParamId,'NETHERLANDS')
--INSERT INTO [ElementsCPSDB].[dbo].[QueryParameterValue]([Name],[CreatedBy],[CreatedOn],[ModifiedBy],[ModifiedOn],[RowStatusId],[QueryParameterId],[Description])VALUES('ANT',@strDefaultValue_CreatedBy, getdate(), @strDefaultValue_ModifiedBy,getdate(),@intRowStatus_Active,@intParamId,'NETHERLANDS ANTILLES')
--INSERT INTO [ElementsCPSDB].[dbo].[QueryParameterValue]([Name],[CreatedBy],[CreatedOn],[ModifiedBy],[ModifiedOn],[RowStatusId],[QueryParameterId],[Description])VALUES('NCL',@strDefaultValue_CreatedBy, getdate(), @strDefaultValue_ModifiedBy,getdate(),@intRowStatus_Active,@intParamId,'NEW CALEDONIA')
--INSERT INTO [ElementsCPSDB].[dbo].[QueryParameterValue]([Name],[CreatedBy],[CreatedOn],[ModifiedBy],[ModifiedOn],[RowStatusId],[QueryParameterId],[Description])VALUES('NZL',@strDefaultValue_CreatedBy, getdate(), @strDefaultValue_ModifiedBy,getdate(),@intRowStatus_Active,@intParamId,'NEW ZEALAND')
--INSERT INTO [ElementsCPSDB].[dbo].[QueryParameterValue]([Name],[CreatedBy],[CreatedOn],[ModifiedBy],[ModifiedOn],[RowStatusId],[QueryParameterId],[Description])VALUES('NIC',@strDefaultValue_CreatedBy, getdate(), @strDefaultValue_ModifiedBy,getdate(),@intRowStatus_Active,@intParamId,'NICARAGUA')
--INSERT INTO [ElementsCPSDB].[dbo].[QueryParameterValue]([Name],[CreatedBy],[CreatedOn],[ModifiedBy],[ModifiedOn],[RowStatusId],[QueryParameterId],[Description])VALUES('NER',@strDefaultValue_CreatedBy, getdate(), @strDefaultValue_ModifiedBy,getdate(),@intRowStatus_Active,@intParamId,'NIGER')
--INSERT INTO [ElementsCPSDB].[dbo].[QueryParameterValue]([Name],[CreatedBy],[CreatedOn],[ModifiedBy],[ModifiedOn],[RowStatusId],[QueryParameterId],[Description])VALUES('NGA',@strDefaultValue_CreatedBy, getdate(), @strDefaultValue_ModifiedBy,getdate(),@intRowStatus_Active,@intParamId,'NIGERIA')
--INSERT INTO [ElementsCPSDB].[dbo].[QueryParameterValue]([Name],[CreatedBy],[CreatedOn],[ModifiedBy],[ModifiedOn],[RowStatusId],[QueryParameterId],[Description])VALUES('NIU',@strDefaultValue_CreatedBy, getdate(), @strDefaultValue_ModifiedBy,getdate(),@intRowStatus_Active,@intParamId,'NIUE')
--INSERT INTO [ElementsCPSDB].[dbo].[QueryParameterValue]([Name],[CreatedBy],[CreatedOn],[ModifiedBy],[ModifiedOn],[RowStatusId],[QueryParameterId],[Description])VALUES('NFK',@strDefaultValue_CreatedBy, getdate(), @strDefaultValue_ModifiedBy,getdate(),@intRowStatus_Active,@intParamId,'NORFOLK ISLAND')
--INSERT INTO [ElementsCPSDB].[dbo].[QueryParameterValue]([Name],[CreatedBy],[CreatedOn],[ModifiedBy],[ModifiedOn],[RowStatusId],[QueryParameterId],[Description])VALUES('MNP',@strDefaultValue_CreatedBy, getdate(), @strDefaultValue_ModifiedBy,getdate(),@intRowStatus_Active,@intParamId,'NORTHERN MARIANA ISLANDS')
--INSERT INTO [ElementsCPSDB].[dbo].[QueryParameterValue]([Name],[CreatedBy],[CreatedOn],[ModifiedBy],[ModifiedOn],[RowStatusId],[QueryParameterId],[Description])VALUES('NOR',@strDefaultValue_CreatedBy, getdate(), @strDefaultValue_ModifiedBy,getdate(),@intRowStatus_Active,@intParamId,'NORWAY')
--INSERT INTO [ElementsCPSDB].[dbo].[QueryParameterValue]([Name],[CreatedBy],[CreatedOn],[ModifiedBy],[ModifiedOn],[RowStatusId],[QueryParameterId],[Description])VALUES('OMN',@strDefaultValue_CreatedBy, getdate(), @strDefaultValue_ModifiedBy,getdate(),@intRowStatus_Active,@intParamId,'OMAN')
--INSERT INTO [ElementsCPSDB].[dbo].[QueryParameterValue]([Name],[CreatedBy],[CreatedOn],[ModifiedBy],[ModifiedOn],[RowStatusId],[QueryParameterId],[Description])VALUES('PAK',@strDefaultValue_CreatedBy, getdate(), @strDefaultValue_ModifiedBy,getdate(),@intRowStatus_Active,@intParamId,'PAKISTAN')
--INSERT INTO [ElementsCPSDB].[dbo].[QueryParameterValue]([Name],[CreatedBy],[CreatedOn],[ModifiedBy],[ModifiedOn],[RowStatusId],[QueryParameterId],[Description])VALUES('PLW',@strDefaultValue_CreatedBy, getdate(), @strDefaultValue_ModifiedBy,getdate(),@intRowStatus_Active,@intParamId,'PALAU')
--INSERT INTO [ElementsCPSDB].[dbo].[QueryParameterValue]([Name],[CreatedBy],[CreatedOn],[ModifiedBy],[ModifiedOn],[RowStatusId],[QueryParameterId],[Description])VALUES('PAN',@strDefaultValue_CreatedBy, getdate(), @strDefaultValue_ModifiedBy,getdate(),@intRowStatus_Active,@intParamId,'PANAMA')
--INSERT INTO [ElementsCPSDB].[dbo].[QueryParameterValue]([Name],[CreatedBy],[CreatedOn],[ModifiedBy],[ModifiedOn],[RowStatusId],[QueryParameterId],[Description])VALUES('PNG',@strDefaultValue_CreatedBy, getdate(), @strDefaultValue_ModifiedBy,getdate(),@intRowStatus_Active,@intParamId,'PAPUA NEW GUINEA')
--INSERT INTO [ElementsCPSDB].[dbo].[QueryParameterValue]([Name],[CreatedBy],[CreatedOn],[ModifiedBy],[ModifiedOn],[RowStatusId],[QueryParameterId],[Description])VALUES('PRY',@strDefaultValue_CreatedBy, getdate(), @strDefaultValue_ModifiedBy,getdate(),@intRowStatus_Active,@intParamId,'PARAGUAY')
--INSERT INTO [ElementsCPSDB].[dbo].[QueryParameterValue]([Name],[CreatedBy],[CreatedOn],[ModifiedBy],[ModifiedOn],[RowStatusId],[QueryParameterId],[Description])VALUES('PER',@strDefaultValue_CreatedBy, getdate(), @strDefaultValue_ModifiedBy,getdate(),@intRowStatus_Active,@intParamId,'PERU')
--INSERT INTO [ElementsCPSDB].[dbo].[QueryParameterValue]([Name],[CreatedBy],[CreatedOn],[ModifiedBy],[ModifiedOn],[RowStatusId],[QueryParameterId],[Description])VALUES('PHL',@strDefaultValue_CreatedBy, getdate(), @strDefaultValue_ModifiedBy,getdate(),@intRowStatus_Active,@intParamId,'PHILIPPINES')
--INSERT INTO [ElementsCPSDB].[dbo].[QueryParameterValue]([Name],[CreatedBy],[CreatedOn],[ModifiedBy],[ModifiedOn],[RowStatusId],[QueryParameterId],[Description])VALUES('PCN',@strDefaultValue_CreatedBy, getdate(), @strDefaultValue_ModifiedBy,getdate(),@intRowStatus_Active,@intParamId,'PITCAIRN')
--INSERT INTO [ElementsCPSDB].[dbo].[QueryParameterValue]([Name],[CreatedBy],[CreatedOn],[ModifiedBy],[ModifiedOn],[RowStatusId],[QueryParameterId],[Description])VALUES('POL',@strDefaultValue_CreatedBy, getdate(), @strDefaultValue_ModifiedBy,getdate(),@intRowStatus_Active,@intParamId,'POLAND')
--INSERT INTO [ElementsCPSDB].[dbo].[QueryParameterValue]([Name],[CreatedBy],[CreatedOn],[ModifiedBy],[ModifiedOn],[RowStatusId],[QueryParameterId],[Description])VALUES('PRT',@strDefaultValue_CreatedBy, getdate(), @strDefaultValue_ModifiedBy,getdate(),@intRowStatus_Active,@intParamId,'PORTUGAL')
--INSERT INTO [ElementsCPSDB].[dbo].[QueryParameterValue]([Name],[CreatedBy],[CreatedOn],[ModifiedBy],[ModifiedOn],[RowStatusId],[QueryParameterId],[Description])VALUES('PRI',@strDefaultValue_CreatedBy, getdate(), @strDefaultValue_ModifiedBy,getdate(),@intRowStatus_Active,@intParamId,'PUERTO RICO')
--INSERT INTO [ElementsCPSDB].[dbo].[QueryParameterValue]([Name],[CreatedBy],[CreatedOn],[ModifiedBy],[ModifiedOn],[RowStatusId],[QueryParameterId],[Description])VALUES('QAT',@strDefaultValue_CreatedBy, getdate(), @strDefaultValue_ModifiedBy,getdate(),@intRowStatus_Active,@intParamId,'QATAR')
--INSERT INTO [ElementsCPSDB].[dbo].[QueryParameterValue]([Name],[CreatedBy],[CreatedOn],[ModifiedBy],[ModifiedOn],[RowStatusId],[QueryParameterId],[Description])VALUES('REU',@strDefaultValue_CreatedBy, getdate(), @strDefaultValue_ModifiedBy,getdate(),@intRowStatus_Active,@intParamId,'REUNION')
--INSERT INTO [ElementsCPSDB].[dbo].[QueryParameterValue]([Name],[CreatedBy],[CreatedOn],[ModifiedBy],[ModifiedOn],[RowStatusId],[QueryParameterId],[Description])VALUES('ROM',@strDefaultValue_CreatedBy, getdate(), @strDefaultValue_ModifiedBy,getdate(),@intRowStatus_Active,@intParamId,'ROMANIA')
--INSERT INTO [ElementsCPSDB].[dbo].[QueryParameterValue]([Name],[CreatedBy],[CreatedOn],[ModifiedBy],[ModifiedOn],[RowStatusId],[QueryParameterId],[Description])VALUES('RUS',@strDefaultValue_CreatedBy, getdate(), @strDefaultValue_ModifiedBy,getdate(),@intRowStatus_Active,@intParamId,'RUSSIAN FEDERATION')
--INSERT INTO [ElementsCPSDB].[dbo].[QueryParameterValue]([Name],[CreatedBy],[CreatedOn],[ModifiedBy],[ModifiedOn],[RowStatusId],[QueryParameterId],[Description])VALUES('RWA',@strDefaultValue_CreatedBy, getdate(), @strDefaultValue_ModifiedBy,getdate(),@intRowStatus_Active,@intParamId,'RWANDA')
--INSERT INTO [ElementsCPSDB].[dbo].[QueryParameterValue]([Name],[CreatedBy],[CreatedOn],[ModifiedBy],[ModifiedOn],[RowStatusId],[QueryParameterId],[Description])VALUES('KNA',@strDefaultValue_CreatedBy, getdate(), @strDefaultValue_ModifiedBy,getdate(),@intRowStatus_Active,@intParamId,'SAINT KITTS AND NEVIS')
--INSERT INTO [ElementsCPSDB].[dbo].[QueryParameterValue]([Name],[CreatedBy],[CreatedOn],[ModifiedBy],[ModifiedOn],[RowStatusId],[QueryParameterId],[Description])VALUES('LCA',@strDefaultValue_CreatedBy, getdate(), @strDefaultValue_ModifiedBy,getdate(),@intRowStatus_Active,@intParamId,'SAINT LUCIA')
--INSERT INTO [ElementsCPSDB].[dbo].[QueryParameterValue]([Name],[CreatedBy],[CreatedOn],[ModifiedBy],[ModifiedOn],[RowStatusId],[QueryParameterId],[Description])VALUES('VCT',@strDefaultValue_CreatedBy, getdate(), @strDefaultValue_ModifiedBy,getdate(),@intRowStatus_Active,@intParamId,'SAINT VINCENT AND THE GRENADINES')
--INSERT INTO [ElementsCPSDB].[dbo].[QueryParameterValue]([Name],[CreatedBy],[CreatedOn],[ModifiedBy],[ModifiedOn],[RowStatusId],[QueryParameterId],[Description])VALUES('WSM',@strDefaultValue_CreatedBy, getdate(), @strDefaultValue_ModifiedBy,getdate(),@intRowStatus_Active,@intParamId,'SAMOA')
--INSERT INTO [ElementsCPSDB].[dbo].[QueryParameterValue]([Name],[CreatedBy],[CreatedOn],[ModifiedBy],[ModifiedOn],[RowStatusId],[QueryParameterId],[Description])VALUES('SMR',@strDefaultValue_CreatedBy, getdate(), @strDefaultValue_ModifiedBy,getdate(),@intRowStatus_Active,@intParamId,'SAN MARINO')
--INSERT INTO [ElementsCPSDB].[dbo].[QueryParameterValue]([Name],[CreatedBy],[CreatedOn],[ModifiedBy],[ModifiedOn],[RowStatusId],[QueryParameterId],[Description])VALUES('STP',@strDefaultValue_CreatedBy, getdate(), @strDefaultValue_ModifiedBy,getdate(),@intRowStatus_Active,@intParamId,'SAO TOME AND PRINCIPE')
--INSERT INTO [ElementsCPSDB].[dbo].[QueryParameterValue]([Name],[CreatedBy],[CreatedOn],[ModifiedBy],[ModifiedOn],[RowStatusId],[QueryParameterId],[Description])VALUES('SAU',@strDefaultValue_CreatedBy, getdate(), @strDefaultValue_ModifiedBy,getdate(),@intRowStatus_Active,@intParamId,'SAUDI ARABIA')
--INSERT INTO [ElementsCPSDB].[dbo].[QueryParameterValue]([Name],[CreatedBy],[CreatedOn],[ModifiedBy],[ModifiedOn],[RowStatusId],[QueryParameterId],[Description])VALUES('SEN',@strDefaultValue_CreatedBy, getdate(), @strDefaultValue_ModifiedBy,getdate(),@intRowStatus_Active,@intParamId,'SENEGAL')
--INSERT INTO [ElementsCPSDB].[dbo].[QueryParameterValue]([Name],[CreatedBy],[CreatedOn],[ModifiedBy],[ModifiedOn],[RowStatusId],[QueryParameterId],[Description])VALUES('SYC',@strDefaultValue_CreatedBy, getdate(), @strDefaultValue_ModifiedBy,getdate(),@intRowStatus_Active,@intParamId,'SEYCHELLES')
--INSERT INTO [ElementsCPSDB].[dbo].[QueryParameterValue]([Name],[CreatedBy],[CreatedOn],[ModifiedBy],[ModifiedOn],[RowStatusId],[QueryParameterId],[Description])VALUES('SLE',@strDefaultValue_CreatedBy, getdate(), @strDefaultValue_ModifiedBy,getdate(),@intRowStatus_Active,@intParamId,'SIERRA LEONE')
--INSERT INTO [ElementsCPSDB].[dbo].[QueryParameterValue]([Name],[CreatedBy],[CreatedOn],[ModifiedBy],[ModifiedOn],[RowStatusId],[QueryParameterId],[Description])VALUES('SGP',@strDefaultValue_CreatedBy, getdate(), @strDefaultValue_ModifiedBy,getdate(),@intRowStatus_Active,@intParamId,'SINGAPORE')
--INSERT INTO [ElementsCPSDB].[dbo].[QueryParameterValue]([Name],[CreatedBy],[CreatedOn],[ModifiedBy],[ModifiedOn],[RowStatusId],[QueryParameterId],[Description])VALUES('SVK',@strDefaultValue_CreatedBy, getdate(), @strDefaultValue_ModifiedBy,getdate(),@intRowStatus_Active,@intParamId,'SLOVAKIA (Slovak Republic)')
--INSERT INTO [ElementsCPSDB].[dbo].[QueryParameterValue]([Name],[CreatedBy],[CreatedOn],[ModifiedBy],[ModifiedOn],[RowStatusId],[QueryParameterId],[Description])VALUES('SVN',@strDefaultValue_CreatedBy, getdate(), @strDefaultValue_ModifiedBy,getdate(),@intRowStatus_Active,@intParamId,'SLOVENIA')
--INSERT INTO [ElementsCPSDB].[dbo].[QueryParameterValue]([Name],[CreatedBy],[CreatedOn],[ModifiedBy],[ModifiedOn],[RowStatusId],[QueryParameterId],[Description])VALUES('SLB',@strDefaultValue_CreatedBy, getdate(), @strDefaultValue_ModifiedBy,getdate(),@intRowStatus_Active,@intParamId,'SOLOMON ISLANDS')
--INSERT INTO [ElementsCPSDB].[dbo].[QueryParameterValue]([Name],[CreatedBy],[CreatedOn],[ModifiedBy],[ModifiedOn],[RowStatusId],[QueryParameterId],[Description])VALUES('SOM',@strDefaultValue_CreatedBy, getdate(), @strDefaultValue_ModifiedBy,getdate(),@intRowStatus_Active,@intParamId,'SOMALIA')
--INSERT INTO [ElementsCPSDB].[dbo].[QueryParameterValue]([Name],[CreatedBy],[CreatedOn],[ModifiedBy],[ModifiedOn],[RowStatusId],[QueryParameterId],[Description])VALUES('ZAF',@strDefaultValue_CreatedBy, getdate(), @strDefaultValue_ModifiedBy,getdate(),@intRowStatus_Active,@intParamId,'SOUTH AFRICA')
--INSERT INTO [ElementsCPSDB].[dbo].[QueryParameterValue]([Name],[CreatedBy],[CreatedOn],[ModifiedBy],[ModifiedOn],[RowStatusId],[QueryParameterId],[Description])VALUES('SGS',@strDefaultValue_CreatedBy, getdate(), @strDefaultValue_ModifiedBy,getdate(),@intRowStatus_Active,@intParamId,'SOUTH GEORGIA AND SOUTH S.S.')
--INSERT INTO [ElementsCPSDB].[dbo].[QueryParameterValue]([Name],[CreatedBy],[CreatedOn],[ModifiedBy],[ModifiedOn],[RowStatusId],[QueryParameterId],[Description])VALUES('ESP',@strDefaultValue_CreatedBy, getdate(), @strDefaultValue_ModifiedBy,getdate(),@intRowStatus_Active,@intParamId,'SPAIN')
--INSERT INTO [ElementsCPSDB].[dbo].[QueryParameterValue]([Name],[CreatedBy],[CreatedOn],[ModifiedBy],[ModifiedOn],[RowStatusId],[QueryParameterId],[Description])VALUES('LKA',@strDefaultValue_CreatedBy, getdate(), @strDefaultValue_ModifiedBy,getdate(),@intRowStatus_Active,@intParamId,'SRI LANKA')
--INSERT INTO [ElementsCPSDB].[dbo].[QueryParameterValue]([Name],[CreatedBy],[CreatedOn],[ModifiedBy],[ModifiedOn],[RowStatusId],[QueryParameterId],[Description])VALUES('SHN',@strDefaultValue_CreatedBy, getdate(), @strDefaultValue_ModifiedBy,getdate(),@intRowStatus_Active,@intParamId,'ST. HELENA')
--INSERT INTO [ElementsCPSDB].[dbo].[QueryParameterValue]([Name],[CreatedBy],[CreatedOn],[ModifiedBy],[ModifiedOn],[RowStatusId],[QueryParameterId],[Description])VALUES('SPM',@strDefaultValue_CreatedBy, getdate(), @strDefaultValue_ModifiedBy,getdate(),@intRowStatus_Active,@intParamId,'ST. PIERRE AND MIQUELON')
--INSERT INTO [ElementsCPSDB].[dbo].[QueryParameterValue]([Name],[CreatedBy],[CreatedOn],[ModifiedBy],[ModifiedOn],[RowStatusId],[QueryParameterId],[Description])VALUES('SDN',@strDefaultValue_CreatedBy, getdate(), @strDefaultValue_ModifiedBy,getdate(),@intRowStatus_Active,@intParamId,'SUDAN')
--INSERT INTO [ElementsCPSDB].[dbo].[QueryParameterValue]([Name],[CreatedBy],[CreatedOn],[ModifiedBy],[ModifiedOn],[RowStatusId],[QueryParameterId],[Description])VALUES('SUR',@strDefaultValue_CreatedBy, getdate(), @strDefaultValue_ModifiedBy,getdate(),@intRowStatus_Active,@intParamId,'SURINAME')
--INSERT INTO [ElementsCPSDB].[dbo].[QueryParameterValue]([Name],[CreatedBy],[CreatedOn],[ModifiedBy],[ModifiedOn],[RowStatusId],[QueryParameterId],[Description])VALUES('SJM',@strDefaultValue_CreatedBy, getdate(), @strDefaultValue_ModifiedBy,getdate(),@intRowStatus_Active,@intParamId,'SVALBARD AND JAN MAYEN ISLANDS')
--INSERT INTO [ElementsCPSDB].[dbo].[QueryParameterValue]([Name],[CreatedBy],[CreatedOn],[ModifiedBy],[ModifiedOn],[RowStatusId],[QueryParameterId],[Description])VALUES('SWZ',@strDefaultValue_CreatedBy, getdate(), @strDefaultValue_ModifiedBy,getdate(),@intRowStatus_Active,@intParamId,'SWAZILAND')
--INSERT INTO [ElementsCPSDB].[dbo].[QueryParameterValue]([Name],[CreatedBy],[CreatedOn],[ModifiedBy],[ModifiedOn],[RowStatusId],[QueryParameterId],[Description])VALUES('SWE',@strDefaultValue_CreatedBy, getdate(), @strDefaultValue_ModifiedBy,getdate(),@intRowStatus_Active,@intParamId,'SWEDEN')
--INSERT INTO [ElementsCPSDB].[dbo].[QueryParameterValue]([Name],[CreatedBy],[CreatedOn],[ModifiedBy],[ModifiedOn],[RowStatusId],[QueryParameterId],[Description])VALUES('CHE',@strDefaultValue_CreatedBy, getdate(), @strDefaultValue_ModifiedBy,getdate(),@intRowStatus_Active,@intParamId,'SWITZERLAND')
--INSERT INTO [ElementsCPSDB].[dbo].[QueryParameterValue]([Name],[CreatedBy],[CreatedOn],[ModifiedBy],[ModifiedOn],[RowStatusId],[QueryParameterId],[Description])VALUES('SYR',@strDefaultValue_CreatedBy, getdate(), @strDefaultValue_ModifiedBy,getdate(),@intRowStatus_Active,@intParamId,'SYRIAN ARAB REPUBLIC')
--INSERT INTO [ElementsCPSDB].[dbo].[QueryParameterValue]([Name],[CreatedBy],[CreatedOn],[ModifiedBy],[ModifiedOn],[RowStatusId],[QueryParameterId],[Description])VALUES('TWN',@strDefaultValue_CreatedBy, getdate(), @strDefaultValue_ModifiedBy,getdate(),@intRowStatus_Active,@intParamId,'TAIWAN, PROVINCE OF CHINA')
--INSERT INTO [ElementsCPSDB].[dbo].[QueryParameterValue]([Name],[CreatedBy],[CreatedOn],[ModifiedBy],[ModifiedOn],[RowStatusId],[QueryParameterId],[Description])VALUES('TJK',@strDefaultValue_CreatedBy, getdate(), @strDefaultValue_ModifiedBy,getdate(),@intRowStatus_Active,@intParamId,'TAJIKISTAN')
--INSERT INTO [ElementsCPSDB].[dbo].[QueryParameterValue]([Name],[CreatedBy],[CreatedOn],[ModifiedBy],[ModifiedOn],[RowStatusId],[QueryParameterId],[Description])VALUES('TZA',@strDefaultValue_CreatedBy, getdate(), @strDefaultValue_ModifiedBy,getdate(),@intRowStatus_Active,@intParamId,'TANZANIA, UNITED REPUBLIC OF')
--INSERT INTO [ElementsCPSDB].[dbo].[QueryParameterValue]([Name],[CreatedBy],[CreatedOn],[ModifiedBy],[ModifiedOn],[RowStatusId],[QueryParameterId],[Description])VALUES('THA',@strDefaultValue_CreatedBy, getdate(), @strDefaultValue_ModifiedBy,getdate(),@intRowStatus_Active,@intParamId,'THAILAND')
--INSERT INTO [ElementsCPSDB].[dbo].[QueryParameterValue]([Name],[CreatedBy],[CreatedOn],[ModifiedBy],[ModifiedOn],[RowStatusId],[QueryParameterId],[Description])VALUES('TGO',@strDefaultValue_CreatedBy, getdate(), @strDefaultValue_ModifiedBy,getdate(),@intRowStatus_Active,@intParamId,'TOGO')
--INSERT INTO [ElementsCPSDB].[dbo].[QueryParameterValue]([Name],[CreatedBy],[CreatedOn],[ModifiedBy],[ModifiedOn],[RowStatusId],[QueryParameterId],[Description])VALUES('TKL',@strDefaultValue_CreatedBy, getdate(), @strDefaultValue_ModifiedBy,getdate(),@intRowStatus_Active,@intParamId,'TOKELAU')
--INSERT INTO [ElementsCPSDB].[dbo].[QueryParameterValue]([Name],[CreatedBy],[CreatedOn],[ModifiedBy],[ModifiedOn],[RowStatusId],[QueryParameterId],[Description])VALUES('TON',@strDefaultValue_CreatedBy, getdate(), @strDefaultValue_ModifiedBy,getdate(),@intRowStatus_Active,@intParamId,'TONGA')
--INSERT INTO [ElementsCPSDB].[dbo].[QueryParameterValue]([Name],[CreatedBy],[CreatedOn],[ModifiedBy],[ModifiedOn],[RowStatusId],[QueryParameterId],[Description])VALUES('TTO',@strDefaultValue_CreatedBy, getdate(), @strDefaultValue_ModifiedBy,getdate(),@intRowStatus_Active,@intParamId,'TRINIDAD AND TOBAGO')
--INSERT INTO [ElementsCPSDB].[dbo].[QueryParameterValue]([Name],[CreatedBy],[CreatedOn],[ModifiedBy],[ModifiedOn],[RowStatusId],[QueryParameterId],[Description])VALUES('TUN',@strDefaultValue_CreatedBy, getdate(), @strDefaultValue_ModifiedBy,getdate(),@intRowStatus_Active,@intParamId,'TUNISIA')
--INSERT INTO [ElementsCPSDB].[dbo].[QueryParameterValue]([Name],[CreatedBy],[CreatedOn],[ModifiedBy],[ModifiedOn],[RowStatusId],[QueryParameterId],[Description])VALUES('TUR',@strDefaultValue_CreatedBy, getdate(), @strDefaultValue_ModifiedBy,getdate(),@intRowStatus_Active,@intParamId,'TURKEY')
--INSERT INTO [ElementsCPSDB].[dbo].[QueryParameterValue]([Name],[CreatedBy],[CreatedOn],[ModifiedBy],[ModifiedOn],[RowStatusId],[QueryParameterId],[Description])VALUES('TKM',@strDefaultValue_CreatedBy, getdate(), @strDefaultValue_ModifiedBy,getdate(),@intRowStatus_Active,@intParamId,'TURKMENISTAN')
--INSERT INTO [ElementsCPSDB].[dbo].[QueryParameterValue]([Name],[CreatedBy],[CreatedOn],[ModifiedBy],[ModifiedOn],[RowStatusId],[QueryParameterId],[Description])VALUES('TCA',@strDefaultValue_CreatedBy, getdate(), @strDefaultValue_ModifiedBy,getdate(),@intRowStatus_Active,@intParamId,'TURKS AND CAICOS ISLANDS')
--INSERT INTO [ElementsCPSDB].[dbo].[QueryParameterValue]([Name],[CreatedBy],[CreatedOn],[ModifiedBy],[ModifiedOn],[RowStatusId],[QueryParameterId],[Description])VALUES('TUV',@strDefaultValue_CreatedBy, getdate(), @strDefaultValue_ModifiedBy,getdate(),@intRowStatus_Active,@intParamId,'TUVALU')
--INSERT INTO [ElementsCPSDB].[dbo].[QueryParameterValue]([Name],[CreatedBy],[CreatedOn],[ModifiedBy],[ModifiedOn],[RowStatusId],[QueryParameterId],[Description])VALUES('UGA',@strDefaultValue_CreatedBy, getdate(), @strDefaultValue_ModifiedBy,getdate(),@intRowStatus_Active,@intParamId,'UGANDA')
--INSERT INTO [ElementsCPSDB].[dbo].[QueryParameterValue]([Name],[CreatedBy],[CreatedOn],[ModifiedBy],[ModifiedOn],[RowStatusId],[QueryParameterId],[Description])VALUES('UKR',@strDefaultValue_CreatedBy, getdate(), @strDefaultValue_ModifiedBy,getdate(),@intRowStatus_Active,@intParamId,'UKRAINE')
--INSERT INTO [ElementsCPSDB].[dbo].[QueryParameterValue]([Name],[CreatedBy],[CreatedOn],[ModifiedBy],[ModifiedOn],[RowStatusId],[QueryParameterId],[Description])VALUES('ARE',@strDefaultValue_CreatedBy, getdate(), @strDefaultValue_ModifiedBy,getdate(),@intRowStatus_Active,@intParamId,'UNITED ARAB EMIRATES')
--INSERT INTO [ElementsCPSDB].[dbo].[QueryParameterValue]([Name],[CreatedBy],[CreatedOn],[ModifiedBy],[ModifiedOn],[RowStatusId],[QueryParameterId],[Description])VALUES('GBR',@strDefaultValue_CreatedBy, getdate(), @strDefaultValue_ModifiedBy,getdate(),@intRowStatus_Active,@intParamId,'UNITED KINGDOM')
--INSERT INTO [ElementsCPSDB].[dbo].[QueryParameterValue]([Name],[CreatedBy],[CreatedOn],[ModifiedBy],[ModifiedOn],[RowStatusId],[QueryParameterId],[Description])VALUES('USA',@strDefaultValue_CreatedBy, getdate(), @strDefaultValue_ModifiedBy,getdate(),@intRowStatus_Active,@intParamId,'UNITED STATES')
--INSERT INTO [ElementsCPSDB].[dbo].[QueryParameterValue]([Name],[CreatedBy],[CreatedOn],[ModifiedBy],[ModifiedOn],[RowStatusId],[QueryParameterId],[Description])VALUES('UMI',@strDefaultValue_CreatedBy, getdate(), @strDefaultValue_ModifiedBy,getdate(),@intRowStatus_Active,@intParamId,'U.S. MINOR ISLANDS')
--INSERT INTO [ElementsCPSDB].[dbo].[QueryParameterValue]([Name],[CreatedBy],[CreatedOn],[ModifiedBy],[ModifiedOn],[RowStatusId],[QueryParameterId],[Description])VALUES('URY',@strDefaultValue_CreatedBy, getdate(), @strDefaultValue_ModifiedBy,getdate(),@intRowStatus_Active,@intParamId,'URUGUAY')
--INSERT INTO [ElementsCPSDB].[dbo].[QueryParameterValue]([Name],[CreatedBy],[CreatedOn],[ModifiedBy],[ModifiedOn],[RowStatusId],[QueryParameterId],[Description])VALUES('UZB',@strDefaultValue_CreatedBy, getdate(), @strDefaultValue_ModifiedBy,getdate(),@intRowStatus_Active,@intParamId,'UZBEKISTAN')
--INSERT INTO [ElementsCPSDB].[dbo].[QueryParameterValue]([Name],[CreatedBy],[CreatedOn],[ModifiedBy],[ModifiedOn],[RowStatusId],[QueryParameterId],[Description])VALUES('VUT',@strDefaultValue_CreatedBy, getdate(), @strDefaultValue_ModifiedBy,getdate(),@intRowStatus_Active,@intParamId,'VANUATU')
--INSERT INTO [ElementsCPSDB].[dbo].[QueryParameterValue]([Name],[CreatedBy],[CreatedOn],[ModifiedBy],[ModifiedOn],[RowStatusId],[QueryParameterId],[Description])VALUES('VEN',@strDefaultValue_CreatedBy, getdate(), @strDefaultValue_ModifiedBy,getdate(),@intRowStatus_Active,@intParamId,'VENEZUELA')
--INSERT INTO [ElementsCPSDB].[dbo].[QueryParameterValue]([Name],[CreatedBy],[CreatedOn],[ModifiedBy],[ModifiedOn],[RowStatusId],[QueryParameterId],[Description])VALUES('VNM',@strDefaultValue_CreatedBy, getdate(), @strDefaultValue_ModifiedBy,getdate(),@intRowStatus_Active,@intParamId,'VIET NAM')
--INSERT INTO [ElementsCPSDB].[dbo].[QueryParameterValue]([Name],[CreatedBy],[CreatedOn],[ModifiedBy],[ModifiedOn],[RowStatusId],[QueryParameterId],[Description])VALUES('VGB',@strDefaultValue_CreatedBy, getdate(), @strDefaultValue_ModifiedBy,getdate(),@intRowStatus_Active,@intParamId,'VIRGIN ISLANDS (BRITISH)')
--INSERT INTO [ElementsCPSDB].[dbo].[QueryParameterValue]([Name],[CreatedBy],[CreatedOn],[ModifiedBy],[ModifiedOn],[RowStatusId],[QueryParameterId],[Description])VALUES('VIR',@strDefaultValue_CreatedBy, getdate(), @strDefaultValue_ModifiedBy,getdate(),@intRowStatus_Active,@intParamId,'VIRGIN ISLANDS (U.S.)')
--INSERT INTO [ElementsCPSDB].[dbo].[QueryParameterValue]([Name],[CreatedBy],[CreatedOn],[ModifiedBy],[ModifiedOn],[RowStatusId],[QueryParameterId],[Description])VALUES('WLF',@strDefaultValue_CreatedBy, getdate(), @strDefaultValue_ModifiedBy,getdate(),@intRowStatus_Active,@intParamId,'WALLIS AND FUTUNA ISLANDS')
--INSERT INTO [ElementsCPSDB].[dbo].[QueryParameterValue]([Name],[CreatedBy],[CreatedOn],[ModifiedBy],[ModifiedOn],[RowStatusId],[QueryParameterId],[Description])VALUES('ESH',@strDefaultValue_CreatedBy, getdate(), @strDefaultValue_ModifiedBy,getdate(),@intRowStatus_Active,@intParamId,'WESTERN SAHARA')
--INSERT INTO [ElementsCPSDB].[dbo].[QueryParameterValue]([Name],[CreatedBy],[CreatedOn],[ModifiedBy],[ModifiedOn],[RowStatusId],[QueryParameterId],[Description])VALUES('YEM',@strDefaultValue_CreatedBy, getdate(), @strDefaultValue_ModifiedBy,getdate(),@intRowStatus_Active,@intParamId,'YEMEN')
--INSERT INTO [ElementsCPSDB].[dbo].[QueryParameterValue]([Name],[CreatedBy],[CreatedOn],[ModifiedBy],[ModifiedOn],[RowStatusId],[QueryParameterId],[Description])VALUES('YUG',@strDefaultValue_CreatedBy, getdate(), @strDefaultValue_ModifiedBy,getdate(),@intRowStatus_Active,@intParamId,'Yugoslavia (Serbia and Montenegro)')
--INSERT INTO [ElementsCPSDB].[dbo].[QueryParameterValue]([Name],[CreatedBy],[CreatedOn],[ModifiedBy],[ModifiedOn],[RowStatusId],[QueryParameterId],[Description])VALUES('ZMB',@strDefaultValue_CreatedBy, getdate(), @strDefaultValue_ModifiedBy,getdate(),@intRowStatus_Active,@intParamId,'ZAMBIA')
--INSERT INTO [ElementsCPSDB].[dbo].[QueryParameterValue]([Name],[CreatedBy],[CreatedOn],[ModifiedBy],[ModifiedOn],[RowStatusId],[QueryParameterId],[Description])VALUES('ZWE',@strDefaultValue_CreatedBy, getdate(), @strDefaultValue_ModifiedBy,getdate(),@intRowStatus_Active,@intParamId,'ZIMBABWE')

--SELECT @intParamId = Id FROM [dbo].[QueryParameter] WHERE name = 'Release'
--INSERT INTO [ElementsCPSDB].[dbo].[QueryParameterValue]([Name],[CreatedBy],[CreatedOn],[ModifiedBy],[ModifiedOn],[RowStatusId],[QueryParameterId],[Description])VALUES('*',@strDefaultValue_CreatedBy, getdate(), @strDefaultValue_ModifiedBy,getdate(),@intRowStatus_Active,@intParamId,'*')
--INSERT INTO [ElementsCPSDB].[dbo].[QueryParameterValue]([Name],[CreatedBy],[CreatedOn],[ModifiedBy],[ModifiedOn],[RowStatusId],[QueryParameterId],[Description])VALUES('101',@strDefaultValue_CreatedBy, getdate(), @strDefaultValue_ModifiedBy,getdate(),@intRowStatus_Active,@intParamId,'2010 Spring release')
--INSERT INTO [ElementsCPSDB].[dbo].[QueryParameterValue]([Name],[CreatedBy],[CreatedOn],[ModifiedBy],[ModifiedOn],[RowStatusId],[QueryParameterId],[Description])VALUES('102',@strDefaultValue_CreatedBy, getdate(), @strDefaultValue_ModifiedBy,getdate(),@intRowStatus_Active,@intParamId,'2010 Spring Refreshrelease')
--INSERT INTO [ElementsCPSDB].[dbo].[QueryParameterValue]([Name],[CreatedBy],[CreatedOn],[ModifiedBy],[ModifiedOn],[RowStatusId],[QueryParameterId],[Description])VALUES('103',@strDefaultValue_CreatedBy, getdate(), @strDefaultValue_ModifiedBy,getdate(),@intRowStatus_Active,@intParamId,'2010 Summer release')
--INSERT INTO [ElementsCPSDB].[dbo].[QueryParameterValue]([Name],[CreatedBy],[CreatedOn],[ModifiedBy],[ModifiedOn],[RowStatusId],[QueryParameterId],[Description])VALUES('104',@strDefaultValue_CreatedBy, getdate(), @strDefaultValue_ModifiedBy,getdate(),@intRowStatus_Active,@intParamId,'2010  Fall release')
--INSERT INTO [ElementsCPSDB].[dbo].[QueryParameterValue]([Name],[CreatedBy],[CreatedOn],[ModifiedBy],[ModifiedOn],[RowStatusId],[QueryParameterId],[Description])VALUES('111',@strDefaultValue_CreatedBy, getdate(), @strDefaultValue_ModifiedBy,getdate(),@intRowStatus_Active,@intParamId,'2011 Spring release')
--INSERT INTO [ElementsCPSDB].[dbo].[QueryParameterValue]([Name],[CreatedBy],[CreatedOn],[ModifiedBy],[ModifiedOn],[RowStatusId],[QueryParameterId],[Description])VALUES('112',@strDefaultValue_CreatedBy, getdate(), @strDefaultValue_ModifiedBy,getdate(),@intRowStatus_Active,@intParamId,'2011 Spring Refreshrelease')
--INSERT INTO [ElementsCPSDB].[dbo].[QueryParameterValue]([Name],[CreatedBy],[CreatedOn],[ModifiedBy],[ModifiedOn],[RowStatusId],[QueryParameterId],[Description])VALUES('113',@strDefaultValue_CreatedBy, getdate(), @strDefaultValue_ModifiedBy,getdate(),@intRowStatus_Active,@intParamId,'2011 Summer release')
--INSERT INTO [ElementsCPSDB].[dbo].[QueryParameterValue]([Name],[CreatedBy],[CreatedOn],[ModifiedBy],[ModifiedOn],[RowStatusId],[QueryParameterId],[Description])VALUES('114',@strDefaultValue_CreatedBy, getdate(), @strDefaultValue_ModifiedBy,getdate(),@intRowStatus_Active,@intParamId,'2011  Fall release')

--SELECT @intParamId = Id FROM [dbo].[QueryParameter] WHERE name = 'OS Version'
--INSERT INTO [ElementsCPSDB].[dbo].[QueryParameterValue]([Name],[CreatedBy],[CreatedOn],[ModifiedBy],[ModifiedOn],[RowStatusId],[QueryParameterId],[Description])VALUES('*',@strDefaultValue_CreatedBy, getdate(), @strDefaultValue_ModifiedBy,getdate(),@intRowStatus_Active,@intParamId,'*')
--INSERT INTO [ElementsCPSDB].[dbo].[QueryParameterValue]([Name],[CreatedBy],[CreatedOn],[ModifiedBy],[ModifiedOn],[RowStatusId],[QueryParameterId],[Description])VALUES('6.0',@strDefaultValue_CreatedBy, getdate(), @strDefaultValue_ModifiedBy,getdate(),@intRowStatus_Active,@intParamId,'Vista')
--INSERT INTO [ElementsCPSDB].[dbo].[QueryParameterValue]([Name],[CreatedBy],[CreatedOn],[ModifiedBy],[ModifiedOn],[RowStatusId],[QueryParameterId],[Description])VALUES('6.1',@strDefaultValue_CreatedBy, getdate(), @strDefaultValue_ModifiedBy,getdate(),@intRowStatus_Active,@intParamId,'Windows 7')

--SELECT @intParamId = Id FROM [dbo].[QueryParameter] WHERE name = 'OS Bit'
--INSERT INTO [ElementsCPSDB].[dbo].[QueryParameterValue]([Name],[CreatedBy],[CreatedOn],[ModifiedBy],[ModifiedOn],[RowStatusId],[QueryParameterId],[Description])VALUES('*',@strDefaultValue_CreatedBy, getdate(), @strDefaultValue_ModifiedBy,getdate(),@intRowStatus_Active,@intParamId,'*')
--INSERT INTO [ElementsCPSDB].[dbo].[QueryParameterValue]([Name],[CreatedBy],[CreatedOn],[ModifiedBy],[ModifiedOn],[RowStatusId],[QueryParameterId],[Description])VALUES('32',@strDefaultValue_CreatedBy, getdate(), @strDefaultValue_ModifiedBy,getdate(),@intRowStatus_Active,@intParamId,'32bit')
--INSERT INTO [ElementsCPSDB].[dbo].[QueryParameterValue]([Name],[CreatedBy],[CreatedOn],[ModifiedBy],[ModifiedOn],[RowStatusId],[QueryParameterId],[Description])VALUES('64',@strDefaultValue_CreatedBy, getdate(), @strDefaultValue_ModifiedBy,getdate(),@intRowStatus_Active,@intParamId,'64bit')
	
--SELECT @intParamId = Id FROM [dbo].[QueryParameter] WHERE name = 'OS Type'
--INSERT INTO [ElementsCPSDB].[dbo].[QueryParameterValue]([Name],[CreatedBy],[CreatedOn],[ModifiedBy],[ModifiedOn],[RowStatusId],[QueryParameterId],[Description])VALUES('*',@strDefaultValue_CreatedBy, getdate(), @strDefaultValue_ModifiedBy,getdate(),@intRowStatus_Active,@intParamId,'*')
--INSERT INTO [ElementsCPSDB].[dbo].[QueryParameterValue]([Name],[CreatedBy],[CreatedOn],[ModifiedBy],[ModifiedOn],[RowStatusId],[QueryParameterId],[Description])VALUES('17',@strDefaultValue_CreatedBy, getdate(), @strDefaultValue_ModifiedBy,getdate(),@intRowStatus_Active,@intParamId,'Indicates Home Basic')
--INSERT INTO [ElementsCPSDB].[dbo].[QueryParameterValue]([Name],[CreatedBy],[CreatedOn],[ModifiedBy],[ModifiedOn],[RowStatusId],[QueryParameterId],[Description])VALUES('18',@strDefaultValue_CreatedBy, getdate(), @strDefaultValue_ModifiedBy,getdate(),@intRowStatus_Active,@intParamId,'Indicates  HomePremium')
--INSERT INTO [ElementsCPSDB].[dbo].[QueryParameterValue]([Name],[CreatedBy],[CreatedOn],[ModifiedBy],[ModifiedOn],[RowStatusId],[QueryParameterId],[Description])VALUES('19',@strDefaultValue_CreatedBy, getdate(), @strDefaultValue_ModifiedBy,getdate(),@intRowStatus_Active,@intParamId,'Indicates Business')
--INSERT INTO [ElementsCPSDB].[dbo].[QueryParameterValue]([Name],[CreatedBy],[CreatedOn],[ModifiedBy],[ModifiedOn],[RowStatusId],[QueryParameterId],[Description])VALUES('20',@strDefaultValue_CreatedBy, getdate(), @strDefaultValue_ModifiedBy,getdate(),@intRowStatus_Active,@intParamId,'Indicates  Ulitmate')
--INSERT INTO [ElementsCPSDB].[dbo].[QueryParameterValue]([Name],[CreatedBy],[CreatedOn],[ModifiedBy],[ModifiedOn],[RowStatusId],[QueryParameterId],[Description])VALUES('21',@strDefaultValue_CreatedBy, getdate(), @strDefaultValue_ModifiedBy,getdate(),@intRowStatus_Active,@intParamId,'Indicates  Starter Edition')
--INSERT INTO [ElementsCPSDB].[dbo].[QueryParameterValue]([Name],[CreatedBy],[CreatedOn],[ModifiedBy],[ModifiedOn],[RowStatusId],[QueryParameterId],[Description])VALUES('22',@strDefaultValue_CreatedBy, getdate(), @strDefaultValue_ModifiedBy,getdate(),@intRowStatus_Active,@intParamId,'Indicates  Enterprise')

--SELECT @intParamId = Id FROM [dbo].[QueryParameter] WHERE name = 'PC Brand'
--INSERT INTO [ElementsCPSDB].[dbo].[QueryParameterValue]([Name],[CreatedBy],[CreatedOn],[ModifiedBy],[ModifiedOn],[RowStatusId],[QueryParameterId],[Description])VALUES('*',@strDefaultValue_CreatedBy, getdate(), @strDefaultValue_ModifiedBy,getdate(),@intRowStatus_Active,@intParamId,'*')
--INSERT INTO [ElementsCPSDB].[dbo].[QueryParameterValue]([Name],[CreatedBy],[CreatedOn],[ModifiedBy],[ModifiedOn],[RowStatusId],[QueryParameterId],[Description])VALUES('Pavilion',@strDefaultValue_CreatedBy, getdate(), @strDefaultValue_ModifiedBy,getdate(),@intRowStatus_Active,@intParamId,'Pavilion')
--INSERT INTO [ElementsCPSDB].[dbo].[QueryParameterValue]([Name],[CreatedBy],[CreatedOn],[ModifiedBy],[ModifiedOn],[RowStatusId],[QueryParameterId],[Description])VALUES('Presario',@strDefaultValue_CreatedBy, getdate(), @strDefaultValue_ModifiedBy,getdate(),@intRowStatus_Active,@intParamId,'Presario')
	
--SELECT @intParamId = Id FROM [dbo].[QueryParameter] WHERE name = 'PC Platform'
--INSERT INTO [ElementsCPSDB].[dbo].[QueryParameterValue]([Name],[CreatedBy],[CreatedOn],[ModifiedBy],[ModifiedOn],[RowStatusId],[QueryParameterId],[Description])VALUES('*',@strDefaultValue_CreatedBy, getdate(), @strDefaultValue_ModifiedBy,getdate(),@intRowStatus_Active,@intParamId,'*')
--INSERT INTO [ElementsCPSDB].[dbo].[QueryParameterValue]([Name],[CreatedBy],[CreatedOn],[ModifiedBy],[ModifiedOn],[RowStatusId],[QueryParameterId],[Description])VALUES('CPC',@strDefaultValue_CreatedBy, getdate(), @strDefaultValue_ModifiedBy,getdate(),@intRowStatus_Active,@intParamId,'HPD')
--INSERT INTO [ElementsCPSDB].[dbo].[QueryParameterValue]([Name],[CreatedBy],[CreatedOn],[ModifiedBy],[ModifiedOn],[RowStatusId],[QueryParameterId],[Description])VALUES('CNB',@strDefaultValue_CreatedBy, getdate(), @strDefaultValue_ModifiedBy,getdate(),@intRowStatus_Active,@intParamId,'MCD')
--INSERT INTO [ElementsCPSDB].[dbo].[QueryParameterValue]([Name],[CreatedBy],[CreatedOn],[ModifiedBy],[ModifiedOn],[RowStatusId],[QueryParameterId],[Description])VALUES('BPC',@strDefaultValue_CreatedBy, getdate(), @strDefaultValue_ModifiedBy,getdate(),@intRowStatus_Active,@intParamId,'BPC')
--INSERT INTO [ElementsCPSDB].[dbo].[QueryParameterValue]([Name],[CreatedBy],[CreatedOn],[ModifiedBy],[ModifiedOn],[RowStatusId],[QueryParameterId],[Description])VALUES('BNB',@strDefaultValue_CreatedBy, getdate(), @strDefaultValue_ModifiedBy,getdate(),@intRowStatus_Active,@intParamId,'BNB')
--INSERT INTO [ElementsCPSDB].[dbo].[QueryParameterValue]([Name],[CreatedBy],[CreatedOn],[ModifiedBy],[ModifiedOn],[RowStatusId],[QueryParameterId],[Description])VALUES('BWS',@strDefaultValue_CreatedBy, getdate(), @strDefaultValue_ModifiedBy,getdate(),@intRowStatus_Active,@intParamId,'BWS')

--SELECT @intParamId = Id FROM [dbo].[QueryParameter] WHERE name = 'Language'
--INSERT INTO [ElementsCPSDB].[dbo].[QueryParameterValue]([Name],[CreatedBy],[CreatedOn],[ModifiedBy],[ModifiedOn],[RowStatusId],[QueryParameterId],[Description])VALUES('*',@strDefaultValue_CreatedBy, getdate(), @strDefaultValue_ModifiedBy,getdate(),@intRowStatus_Active,@intParamId,NULL)
--INSERT INTO [ElementsCPSDB].[dbo].[QueryParameterValue]([Name],[CreatedBy],[CreatedOn],[ModifiedBy],[ModifiedOn],[RowStatusId],[QueryParameterId],[Description])VALUES('hu-HU',@strDefaultValue_CreatedBy, getdate(), @strDefaultValue_ModifiedBy,getdate(),@intRowStatus_Active,@intParamId,'Hungarian')
--INSERT INTO [ElementsCPSDB].[dbo].[QueryParameterValue]([Name],[CreatedBy],[CreatedOn],[ModifiedBy],[ModifiedOn],[RowStatusId],[QueryParameterId],[Description])VALUES('is-IS',@strDefaultValue_CreatedBy, getdate(), @strDefaultValue_ModifiedBy,getdate(),@intRowStatus_Active,@intParamId,'Icelandic')
--INSERT INTO [ElementsCPSDB].[dbo].[QueryParameterValue]([Name],[CreatedBy],[CreatedOn],[ModifiedBy],[ModifiedOn],[RowStatusId],[QueryParameterId],[Description])VALUES('it-IT',@strDefaultValue_CreatedBy, getdate(), @strDefaultValue_ModifiedBy,getdate(),@intRowStatus_Active,@intParamId,'Italian')
--INSERT INTO [ElementsCPSDB].[dbo].[QueryParameterValue]([Name],[CreatedBy],[CreatedOn],[ModifiedBy],[ModifiedOn],[RowStatusId],[QueryParameterId],[Description])VALUES('it-CH',@strDefaultValue_CreatedBy, getdate(), @strDefaultValue_ModifiedBy,getdate(),@intRowStatus_Active,@intParamId,'Italian - Switzerland')
--INSERT INTO [ElementsCPSDB].[dbo].[QueryParameterValue]([Name],[CreatedBy],[CreatedOn],[ModifiedBy],[ModifiedOn],[RowStatusId],[QueryParameterId],[Description])VALUES('ja-JP',@strDefaultValue_CreatedBy, getdate(), @strDefaultValue_ModifiedBy,getdate(),@intRowStatus_Active,@intParamId,'Japanese')
--INSERT INTO [ElementsCPSDB].[dbo].[QueryParameterValue]([Name],[CreatedBy],[CreatedOn],[ModifiedBy],[ModifiedOn],[RowStatusId],[QueryParameterId],[Description])VALUES('ko-KR',@strDefaultValue_CreatedBy, getdate(), @strDefaultValue_ModifiedBy,getdate(),@intRowStatus_Active,@intParamId,'Korean')
--INSERT INTO [ElementsCPSDB].[dbo].[QueryParameterValue]([Name],[CreatedBy],[CreatedOn],[ModifiedBy],[ModifiedOn],[RowStatusId],[QueryParameterId],[Description])VALUES('nl-BE',@strDefaultValue_CreatedBy, getdate(), @strDefaultValue_ModifiedBy,getdate(),@intRowStatus_Active,@intParamId,'Dutch - Belgium')
--INSERT INTO [ElementsCPSDB].[dbo].[QueryParameterValue]([Name],[CreatedBy],[CreatedOn],[ModifiedBy],[ModifiedOn],[RowStatusId],[QueryParameterId],[Description])VALUES('nl-NL',@strDefaultValue_CreatedBy, getdate(), @strDefaultValue_ModifiedBy,getdate(),@intRowStatus_Active,@intParamId,'Dutch - The Netherlands')
--INSERT INTO [ElementsCPSDB].[dbo].[QueryParameterValue]([Name],[CreatedBy],[CreatedOn],[ModifiedBy],[ModifiedOn],[RowStatusId],[QueryParameterId],[Description])VALUES('nb-NO',@strDefaultValue_CreatedBy, getdate(), @strDefaultValue_ModifiedBy,getdate(),@intRowStatus_Active,@intParamId,'Norwegian')
--INSERT INTO [ElementsCPSDB].[dbo].[QueryParameterValue]([Name],[CreatedBy],[CreatedOn],[ModifiedBy],[ModifiedOn],[RowStatusId],[QueryParameterId],[Description])VALUES('pl-PL',@strDefaultValue_CreatedBy, getdate(), @strDefaultValue_ModifiedBy,getdate(),@intRowStatus_Active,@intParamId,'Polish')
--INSERT INTO [ElementsCPSDB].[dbo].[QueryParameterValue]([Name],[CreatedBy],[CreatedOn],[ModifiedBy],[ModifiedOn],[RowStatusId],[QueryParameterId],[Description])VALUES('pt-BR',@strDefaultValue_CreatedBy, getdate(), @strDefaultValue_ModifiedBy,getdate(),@intRowStatus_Active,@intParamId,'Portuguese - Brazil')
--INSERT INTO [ElementsCPSDB].[dbo].[QueryParameterValue]([Name],[CreatedBy],[CreatedOn],[ModifiedBy],[ModifiedOn],[RowStatusId],[QueryParameterId],[Description])VALUES('pt-PT',@strDefaultValue_CreatedBy, getdate(), @strDefaultValue_ModifiedBy,getdate(),@intRowStatus_Active,@intParamId,'Portuguese - Portugal')
--INSERT INTO [ElementsCPSDB].[dbo].[QueryParameterValue]([Name],[CreatedBy],[CreatedOn],[ModifiedBy],[ModifiedOn],[RowStatusId],[QueryParameterId],[Description])VALUES('ro-RO',@strDefaultValue_CreatedBy, getdate(), @strDefaultValue_ModifiedBy,getdate(),@intRowStatus_Active,@intParamId,'Romanian')
--INSERT INTO [ElementsCPSDB].[dbo].[QueryParameterValue]([Name],[CreatedBy],[CreatedOn],[ModifiedBy],[ModifiedOn],[RowStatusId],[QueryParameterId],[Description])VALUES('ru-RU',@strDefaultValue_CreatedBy, getdate(), @strDefaultValue_ModifiedBy,getdate(),@intRowStatus_Active,@intParamId,'Russian - Russia')
--INSERT INTO [ElementsCPSDB].[dbo].[QueryParameterValue]([Name],[CreatedBy],[CreatedOn],[ModifiedBy],[ModifiedOn],[RowStatusId],[QueryParameterId],[Description])VALUES('hr-HR',@strDefaultValue_CreatedBy, getdate(), @strDefaultValue_ModifiedBy,getdate(),@intRowStatus_Active,@intParamId,'Croatian')
--INSERT INTO [ElementsCPSDB].[dbo].[QueryParameterValue]([Name],[CreatedBy],[CreatedOn],[ModifiedBy],[ModifiedOn],[RowStatusId],[QueryParameterId],[Description])VALUES('sk-SK',@strDefaultValue_CreatedBy, getdate(), @strDefaultValue_ModifiedBy,getdate(),@intRowStatus_Active,@intParamId,'Slovak')
--INSERT INTO [ElementsCPSDB].[dbo].[QueryParameterValue]([Name],[CreatedBy],[CreatedOn],[ModifiedBy],[ModifiedOn],[RowStatusId],[QueryParameterId],[Description])VALUES('sq-AL',@strDefaultValue_CreatedBy, getdate(), @strDefaultValue_ModifiedBy,getdate(),@intRowStatus_Active,@intParamId,'Albanian')
--INSERT INTO [ElementsCPSDB].[dbo].[QueryParameterValue]([Name],[CreatedBy],[CreatedOn],[ModifiedBy],[ModifiedOn],[RowStatusId],[QueryParameterId],[Description])VALUES('sv-FI',@strDefaultValue_CreatedBy, getdate(), @strDefaultValue_ModifiedBy,getdate(),@intRowStatus_Active,@intParamId,'Swedish')
--INSERT INTO [ElementsCPSDB].[dbo].[QueryParameterValue]([Name],[CreatedBy],[CreatedOn],[ModifiedBy],[ModifiedOn],[RowStatusId],[QueryParameterId],[Description])VALUES('sv-SE',@strDefaultValue_CreatedBy, getdate(), @strDefaultValue_ModifiedBy,getdate(),@intRowStatus_Active,@intParamId,'Swedish - Sweden')
--INSERT INTO [ElementsCPSDB].[dbo].[QueryParameterValue]([Name],[CreatedBy],[CreatedOn],[ModifiedBy],[ModifiedOn],[RowStatusId],[QueryParameterId],[Description])VALUES('th-TH',@strDefaultValue_CreatedBy, getdate(), @strDefaultValue_ModifiedBy,getdate(),@intRowStatus_Active,@intParamId,'Thai')
--INSERT INTO [ElementsCPSDB].[dbo].[QueryParameterValue]([Name],[CreatedBy],[CreatedOn],[ModifiedBy],[ModifiedOn],[RowStatusId],[QueryParameterId],[Description])VALUES('tr-TR',@strDefaultValue_CreatedBy, getdate(), @strDefaultValue_ModifiedBy,getdate(),@intRowStatus_Active,@intParamId,'Turkish')
--INSERT INTO [ElementsCPSDB].[dbo].[QueryParameterValue]([Name],[CreatedBy],[CreatedOn],[ModifiedBy],[ModifiedOn],[RowStatusId],[QueryParameterId],[Description])VALUES('ur-PK',@strDefaultValue_CreatedBy, getdate(), @strDefaultValue_ModifiedBy,getdate(),@intRowStatus_Active,@intParamId,'Urdu - Pakistan')
--INSERT INTO [ElementsCPSDB].[dbo].[QueryParameterValue]([Name],[CreatedBy],[CreatedOn],[ModifiedBy],[ModifiedOn],[RowStatusId],[QueryParameterId],[Description])VALUES('id-ID',@strDefaultValue_CreatedBy, getdate(), @strDefaultValue_ModifiedBy,getdate(),@intRowStatus_Active,@intParamId,'Indonesian')
--INSERT INTO [ElementsCPSDB].[dbo].[QueryParameterValue]([Name],[CreatedBy],[CreatedOn],[ModifiedBy],[ModifiedOn],[RowStatusId],[QueryParameterId],[Description])VALUES('uk-UA',@strDefaultValue_CreatedBy, getdate(), @strDefaultValue_ModifiedBy,getdate(),@intRowStatus_Active,@intParamId,'Ukrainian')
--INSERT INTO [ElementsCPSDB].[dbo].[QueryParameterValue]([Name],[CreatedBy],[CreatedOn],[ModifiedBy],[ModifiedOn],[RowStatusId],[QueryParameterId],[Description])VALUES('be-BY',@strDefaultValue_CreatedBy, getdate(), @strDefaultValue_ModifiedBy,getdate(),@intRowStatus_Active,@intParamId,'Belarusian')
--INSERT INTO [ElementsCPSDB].[dbo].[QueryParameterValue]([Name],[CreatedBy],[CreatedOn],[ModifiedBy],[ModifiedOn],[RowStatusId],[QueryParameterId],[Description])VALUES('sl-SI',@strDefaultValue_CreatedBy, getdate(), @strDefaultValue_ModifiedBy,getdate(),@intRowStatus_Active,@intParamId,'Slovenian')
--INSERT INTO [ElementsCPSDB].[dbo].[QueryParameterValue]([Name],[CreatedBy],[CreatedOn],[ModifiedBy],[ModifiedOn],[RowStatusId],[QueryParameterId],[Description])VALUES('et-EE',@strDefaultValue_CreatedBy, getdate(), @strDefaultValue_ModifiedBy,getdate(),@intRowStatus_Active,@intParamId,'Estonian')
--INSERT INTO [ElementsCPSDB].[dbo].[QueryParameterValue]([Name],[CreatedBy],[CreatedOn],[ModifiedBy],[ModifiedOn],[RowStatusId],[QueryParameterId],[Description])VALUES('lv-LV',@strDefaultValue_CreatedBy, getdate(), @strDefaultValue_ModifiedBy,getdate(),@intRowStatus_Active,@intParamId,'Latvian')
--INSERT INTO [ElementsCPSDB].[dbo].[QueryParameterValue]([Name],[CreatedBy],[CreatedOn],[ModifiedBy],[ModifiedOn],[RowStatusId],[QueryParameterId],[Description])VALUES('lt-LT',@strDefaultValue_CreatedBy, getdate(), @strDefaultValue_ModifiedBy,getdate(),@intRowStatus_Active,@intParamId,'Lithuanian')
--INSERT INTO [ElementsCPSDB].[dbo].[QueryParameterValue]([Name],[CreatedBy],[CreatedOn],[ModifiedBy],[ModifiedOn],[RowStatusId],[QueryParameterId],[Description])VALUES('vi-VN',@strDefaultValue_CreatedBy, getdate(), @strDefaultValue_ModifiedBy,getdate(),@intRowStatus_Active,@intParamId,'Vietnamese')
--INSERT INTO [ElementsCPSDB].[dbo].[QueryParameterValue]([Name],[CreatedBy],[CreatedOn],[ModifiedBy],[ModifiedOn],[RowStatusId],[QueryParameterId],[Description])VALUES('hy-AM',@strDefaultValue_CreatedBy, getdate(), @strDefaultValue_ModifiedBy,getdate(),@intRowStatus_Active,@intParamId,'Armenian')
--INSERT INTO [ElementsCPSDB].[dbo].[QueryParameterValue]([Name],[CreatedBy],[CreatedOn],[ModifiedBy],[ModifiedOn],[RowStatusId],[QueryParameterId],[Description])VALUES('Cy-az-AZ',@strDefaultValue_CreatedBy, getdate(), @strDefaultValue_ModifiedBy,getdate(),@intRowStatus_Active,@intParamId,'Azeri (Cyrillic) - Azerbaijan')
--INSERT INTO [ElementsCPSDB].[dbo].[QueryParameterValue]([Name],[CreatedBy],[CreatedOn],[ModifiedBy],[ModifiedOn],[RowStatusId],[QueryParameterId],[Description])VALUES('Lt-az-AZ',@strDefaultValue_CreatedBy, getdate(), @strDefaultValue_ModifiedBy,getdate(),@intRowStatus_Active,@intParamId,'Azeri (Latin) - Azerbaijan')
--INSERT INTO [ElementsCPSDB].[dbo].[QueryParameterValue]([Name],[CreatedBy],[CreatedOn],[ModifiedBy],[ModifiedOn],[RowStatusId],[QueryParameterId],[Description])VALUES('eu-ES',@strDefaultValue_CreatedBy, getdate(), @strDefaultValue_ModifiedBy,getdate(),@intRowStatus_Active,@intParamId,'Basque')
--INSERT INTO [ElementsCPSDB].[dbo].[QueryParameterValue]([Name],[CreatedBy],[CreatedOn],[ModifiedBy],[ModifiedOn],[RowStatusId],[QueryParameterId],[Description])VALUES('mk-MK',@strDefaultValue_CreatedBy, getdate(), @strDefaultValue_ModifiedBy,getdate(),@intRowStatus_Active,@intParamId,'Macedonian')
--INSERT INTO [ElementsCPSDB].[dbo].[QueryParameterValue]([Name],[CreatedBy],[CreatedOn],[ModifiedBy],[ModifiedOn],[RowStatusId],[QueryParameterId],[Description])VALUES('af-ZA',@strDefaultValue_CreatedBy, getdate(), @strDefaultValue_ModifiedBy,getdate(),@intRowStatus_Active,@intParamId,'Afrikaans')
--INSERT INTO [ElementsCPSDB].[dbo].[QueryParameterValue]([Name],[CreatedBy],[CreatedOn],[ModifiedBy],[ModifiedOn],[RowStatusId],[QueryParameterId],[Description])VALUES('ka-GE',@strDefaultValue_CreatedBy, getdate(), @strDefaultValue_ModifiedBy,getdate(),@intRowStatus_Active,@intParamId,'Georgian')
--INSERT INTO [ElementsCPSDB].[dbo].[QueryParameterValue]([Name],[CreatedBy],[CreatedOn],[ModifiedBy],[ModifiedOn],[RowStatusId],[QueryParameterId],[Description])VALUES('fo-FO',@strDefaultValue_CreatedBy, getdate(), @strDefaultValue_ModifiedBy,getdate(),@intRowStatus_Active,@intParamId,'Faroese')
--INSERT INTO [ElementsCPSDB].[dbo].[QueryParameterValue]([Name],[CreatedBy],[CreatedOn],[ModifiedBy],[ModifiedOn],[RowStatusId],[QueryParameterId],[Description])VALUES('hi-IN',@strDefaultValue_CreatedBy, getdate(), @strDefaultValue_ModifiedBy,getdate(),@intRowStatus_Active,@intParamId,'Hindi')
--INSERT INTO [ElementsCPSDB].[dbo].[QueryParameterValue]([Name],[CreatedBy],[CreatedOn],[ModifiedBy],[ModifiedOn],[RowStatusId],[QueryParameterId],[Description])VALUES('ms-BN',@strDefaultValue_CreatedBy, getdate(), @strDefaultValue_ModifiedBy,getdate(),@intRowStatus_Active,@intParamId,'Malay - Brunei')
--INSERT INTO [ElementsCPSDB].[dbo].[QueryParameterValue]([Name],[CreatedBy],[CreatedOn],[ModifiedBy],[ModifiedOn],[RowStatusId],[QueryParameterId],[Description])VALUES('ms-MY',@strDefaultValue_CreatedBy, getdate(), @strDefaultValue_ModifiedBy,getdate(),@intRowStatus_Active,@intParamId,'Malay - Malaysia')
--INSERT INTO [ElementsCPSDB].[dbo].[QueryParameterValue]([Name],[CreatedBy],[CreatedOn],[ModifiedBy],[ModifiedOn],[RowStatusId],[QueryParameterId],[Description])VALUES('kk-KZ',@strDefaultValue_CreatedBy, getdate(), @strDefaultValue_ModifiedBy,getdate(),@intRowStatus_Active,@intParamId,'Kazakh - Kazakhstan')
--INSERT INTO [ElementsCPSDB].[dbo].[QueryParameterValue]([Name],[CreatedBy],[CreatedOn],[ModifiedBy],[ModifiedOn],[RowStatusId],[QueryParameterId],[Description])VALUES('ky-KZ',@strDefaultValue_CreatedBy, getdate(), @strDefaultValue_ModifiedBy,getdate(),@intRowStatus_Active,@intParamId,'Kyrgyz - Kazakhstan')
--INSERT INTO [ElementsCPSDB].[dbo].[QueryParameterValue]([Name],[CreatedBy],[CreatedOn],[ModifiedBy],[ModifiedOn],[RowStatusId],[QueryParameterId],[Description])VALUES('Cy-uz-UZ',@strDefaultValue_CreatedBy, getdate(), @strDefaultValue_ModifiedBy,getdate(),@intRowStatus_Active,@intParamId,'Uzbek (Cyrillic) - Uzbekistan')
--INSERT INTO [ElementsCPSDB].[dbo].[QueryParameterValue]([Name],[CreatedBy],[CreatedOn],[ModifiedBy],[ModifiedOn],[RowStatusId],[QueryParameterId],[Description])VALUES('Lt-uz-UZ',@strDefaultValue_CreatedBy, getdate(), @strDefaultValue_ModifiedBy,getdate(),@intRowStatus_Active,@intParamId,'Uzbek (Latin) - Uzbekistan')
--INSERT INTO [ElementsCPSDB].[dbo].[QueryParameterValue]([Name],[CreatedBy],[CreatedOn],[ModifiedBy],[ModifiedOn],[RowStatusId],[QueryParameterId],[Description])VALUES('tt-RU',@strDefaultValue_CreatedBy, getdate(), @strDefaultValue_ModifiedBy,getdate(),@intRowStatus_Active,@intParamId,'Tatar - Russia')
--INSERT INTO [ElementsCPSDB].[dbo].[QueryParameterValue]([Name],[CreatedBy],[CreatedOn],[ModifiedBy],[ModifiedOn],[RowStatusId],[QueryParameterId],[Description])VALUES('pa-IN',@strDefaultValue_CreatedBy, getdate(), @strDefaultValue_ModifiedBy,getdate(),@intRowStatus_Active,@intParamId,'Punjabi - India')
--INSERT INTO [ElementsCPSDB].[dbo].[QueryParameterValue]([Name],[CreatedBy],[CreatedOn],[ModifiedBy],[ModifiedOn],[RowStatusId],[QueryParameterId],[Description])VALUES('gu-IN',@strDefaultValue_CreatedBy, getdate(), @strDefaultValue_ModifiedBy,getdate(),@intRowStatus_Active,@intParamId,'Gujarati - India')
--INSERT INTO [ElementsCPSDB].[dbo].[QueryParameterValue]([Name],[CreatedBy],[CreatedOn],[ModifiedBy],[ModifiedOn],[RowStatusId],[QueryParameterId],[Description])VALUES('ta-IN',@strDefaultValue_CreatedBy, getdate(), @strDefaultValue_ModifiedBy,getdate(),@intRowStatus_Active,@intParamId,'Tamil - India')
--INSERT INTO [ElementsCPSDB].[dbo].[QueryParameterValue]([Name],[CreatedBy],[CreatedOn],[ModifiedBy],[ModifiedOn],[RowStatusId],[QueryParameterId],[Description])VALUES('te-IN',@strDefaultValue_CreatedBy, getdate(), @strDefaultValue_ModifiedBy,getdate(),@intRowStatus_Active,@intParamId,'Telugu - India')
--INSERT INTO [ElementsCPSDB].[dbo].[QueryParameterValue]([Name],[CreatedBy],[CreatedOn],[ModifiedBy],[ModifiedOn],[RowStatusId],[QueryParameterId],[Description])VALUES('kn-IN',@strDefaultValue_CreatedBy, getdate(), @strDefaultValue_ModifiedBy,getdate(),@intRowStatus_Active,@intParamId,'Kannada - India')
--INSERT INTO [ElementsCPSDB].[dbo].[QueryParameterValue]([Name],[CreatedBy],[CreatedOn],[ModifiedBy],[ModifiedOn],[RowStatusId],[QueryParameterId],[Description])VALUES('mr-IN',@strDefaultValue_CreatedBy, getdate(), @strDefaultValue_ModifiedBy,getdate(),@intRowStatus_Active,@intParamId,'Marathi - India')
--INSERT INTO [ElementsCPSDB].[dbo].[QueryParameterValue]([Name],[CreatedBy],[CreatedOn],[ModifiedBy],[ModifiedOn],[RowStatusId],[QueryParameterId],[Description])VALUES('sa-IN',@strDefaultValue_CreatedBy, getdate(), @strDefaultValue_ModifiedBy,getdate(),@intRowStatus_Active,@intParamId,'Sanskrit - India')
--INSERT INTO [ElementsCPSDB].[dbo].[QueryParameterValue]([Name],[CreatedBy],[CreatedOn],[ModifiedBy],[ModifiedOn],[RowStatusId],[QueryParameterId],[Description])VALUES('mn-MN',@strDefaultValue_CreatedBy, getdate(), @strDefaultValue_ModifiedBy,getdate(),@intRowStatus_Active,@intParamId,'Mongolian')
--INSERT INTO [ElementsCPSDB].[dbo].[QueryParameterValue]([Name],[CreatedBy],[CreatedOn],[ModifiedBy],[ModifiedOn],[RowStatusId],[QueryParameterId],[Description])VALUES('gl-ES',@strDefaultValue_CreatedBy, getdate(), @strDefaultValue_ModifiedBy,getdate(),@intRowStatus_Active,@intParamId,'Galician')
--INSERT INTO [ElementsCPSDB].[dbo].[QueryParameterValue]([Name],[CreatedBy],[CreatedOn],[ModifiedBy],[ModifiedOn],[RowStatusId],[QueryParameterId],[Description])VALUES('kok-IN',@strDefaultValue_CreatedBy, getdate(), @strDefaultValue_ModifiedBy,getdate(),@intRowStatus_Active,@intParamId,'Konkani - India')
--INSERT INTO [ElementsCPSDB].[dbo].[QueryParameterValue]([Name],[CreatedBy],[CreatedOn],[ModifiedBy],[ModifiedOn],[RowStatusId],[QueryParameterId],[Description])VALUES('syr-SY',@strDefaultValue_CreatedBy, getdate(), @strDefaultValue_ModifiedBy,getdate(),@intRowStatus_Active,@intParamId,'Syriac - Syria')
--INSERT INTO [ElementsCPSDB].[dbo].[QueryParameterValue]([Name],[CreatedBy],[CreatedOn],[ModifiedBy],[ModifiedOn],[RowStatusId],[QueryParameterId],[Description])VALUES('div-MV',@strDefaultValue_CreatedBy, getdate(), @strDefaultValue_ModifiedBy,getdate(),@intRowStatus_Active,@intParamId,'Dhivehi - Maldives')
--INSERT INTO [ElementsCPSDB].[dbo].[QueryParameterValue]([Name],[CreatedBy],[CreatedOn],[ModifiedBy],[ModifiedOn],[RowStatusId],[QueryParameterId],[Description])VALUES('zh-HK',@strDefaultValue_CreatedBy, getdate(), @strDefaultValue_ModifiedBy,getdate(),@intRowStatus_Active,@intParamId,'Chinese - Hong Kong SAR ')
--INSERT INTO [ElementsCPSDB].[dbo].[QueryParameterValue]([Name],[CreatedBy],[CreatedOn],[ModifiedBy],[ModifiedOn],[RowStatusId],[QueryParameterId],[Description])VALUES('Cy-sr-SP',@strDefaultValue_CreatedBy, getdate(), @strDefaultValue_ModifiedBy,getdate(),@intRowStatus_Active,@intParamId,'Serbian (Cyrillic) - Serbia')
--INSERT INTO [ElementsCPSDB].[dbo].[QueryParameterValue]([Name],[CreatedBy],[CreatedOn],[ModifiedBy],[ModifiedOn],[RowStatusId],[QueryParameterId],[Description])VALUES('Lt-sr-SP',@strDefaultValue_CreatedBy, getdate(), @strDefaultValue_ModifiedBy,getdate(),@intRowStatus_Active,@intParamId,'Serbian (Latin) - Serbia')

--SELECT @intParamId = Id FROM [dbo].[QueryParameter] WHERE name = 'PC Sub-Brand'
--INSERT INTO [ElementsCPSDB].[dbo].[QueryParameterValue]([Name],[CreatedBy],[CreatedOn],[ModifiedBy],[ModifiedOn],[RowStatusId],[QueryParameterId],[Description])VALUES('*',@strDefaultValue_CreatedBy, getdate(), @strDefaultValue_ModifiedBy,getdate(),@intRowStatus_Active,@intParamId,'*')
--INSERT INTO [ElementsCPSDB].[dbo].[QueryParameterValue]([Name],[CreatedBy],[CreatedOn],[ModifiedBy],[ModifiedOn],[RowStatusId],[QueryParameterId],[Description])VALUES('Pavilion (sub)',@strDefaultValue_CreatedBy, getdate(), @strDefaultValue_ModifiedBy,getdate(),@intRowStatus_Active,@intParamId,'Pavilion')
--INSERT INTO [ElementsCPSDB].[dbo].[QueryParameterValue]([Name],[CreatedBy],[CreatedOn],[ModifiedBy],[ModifiedOn],[RowStatusId],[QueryParameterId],[Description])VALUES('Presario (sub)',@strDefaultValue_CreatedBy, getdate(), @strDefaultValue_ModifiedBy,getdate(),@intRowStatus_Active,@intParamId,'Presario')

--SELECT @intParamId = Id FROM [dbo].[QueryParameter] WHERE name = 'Release Start'
--INSERT INTO [ElementsCPSDB].[dbo].[QueryParameterValue]([Name],[CreatedBy],[CreatedOn],[ModifiedBy],[ModifiedOn],[RowStatusId],[QueryParameterId],[Description])VALUES('*',@strDefaultValue_CreatedBy, getdate(), @strDefaultValue_ModifiedBy,getdate(),@intRowStatus_Active,@intParamId,NULL)
--INSERT INTO [ElementsCPSDB].[dbo].[QueryParameterValue]([Name],[CreatedBy],[CreatedOn],[ModifiedBy],[ModifiedOn],[RowStatusId],[QueryParameterId],[Description])VALUES('111',@strDefaultValue_CreatedBy, getdate(), @strDefaultValue_ModifiedBy,getdate(),@intRowStatus_Active,@intParamId,NULL)
--INSERT INTO [ElementsCPSDB].[dbo].[QueryParameterValue]([Name],[CreatedBy],[CreatedOn],[ModifiedBy],[ModifiedOn],[RowStatusId],[QueryParameterId],[Description])VALUES('112',@strDefaultValue_CreatedBy, getdate(), @strDefaultValue_ModifiedBy,getdate(),@intRowStatus_Active,@intParamId,NULL)
--INSERT INTO [ElementsCPSDB].[dbo].[QueryParameterValue]([Name],[CreatedBy],[CreatedOn],[ModifiedBy],[ModifiedOn],[RowStatusId],[QueryParameterId],[Description])VALUES('113',@strDefaultValue_CreatedBy, getdate(), @strDefaultValue_ModifiedBy,getdate(),@intRowStatus_Active,@intParamId,NULL)
--INSERT INTO [ElementsCPSDB].[dbo].[QueryParameterValue]([Name],[CreatedBy],[CreatedOn],[ModifiedBy],[ModifiedOn],[RowStatusId],[QueryParameterId],[Description])VALUES('114',@strDefaultValue_CreatedBy, getdate(), @strDefaultValue_ModifiedBy,getdate(),@intRowStatus_Active,@intParamId,NULL)

--SELECT @intParamId = Id FROM [dbo].[QueryParameter] WHERE name = 'Release End'
--INSERT INTO [ElementsCPSDB].[dbo].[QueryParameterValue]([Name],[CreatedBy],[CreatedOn],[ModifiedBy],[ModifiedOn],[RowStatusId],[QueryParameterId],[Description])VALUES('*',@strDefaultValue_CreatedBy, getdate(), @strDefaultValue_ModifiedBy,getdate(),@intRowStatus_Active,@intParamId,NULL)
--INSERT INTO [ElementsCPSDB].[dbo].[QueryParameterValue]([Name],[CreatedBy],[CreatedOn],[ModifiedBy],[ModifiedOn],[RowStatusId],[QueryParameterId],[Description])VALUES('111',@strDefaultValue_CreatedBy, getdate(), @strDefaultValue_ModifiedBy,getdate(),@intRowStatus_Active,@intParamId,NULL)
--INSERT INTO [ElementsCPSDB].[dbo].[QueryParameterValue]([Name],[CreatedBy],[CreatedOn],[ModifiedBy],[ModifiedOn],[RowStatusId],[QueryParameterId],[Description])VALUES('112',@strDefaultValue_CreatedBy, getdate(), @strDefaultValue_ModifiedBy,getdate(),@intRowStatus_Active,@intParamId,NULL)
--INSERT INTO [ElementsCPSDB].[dbo].[QueryParameterValue]([Name],[CreatedBy],[CreatedOn],[ModifiedBy],[ModifiedOn],[RowStatusId],[QueryParameterId],[Description])VALUES('113',@strDefaultValue_CreatedBy, getdate(), @strDefaultValue_ModifiedBy,getdate(),@intRowStatus_Active,@intParamId,NULL)
--INSERT INTO [ElementsCPSDB].[dbo].[QueryParameterValue]([Name],[CreatedBy],[CreatedOn],[ModifiedBy],[ModifiedOn],[RowStatusId],[QueryParameterId],[Description])VALUES('114',@strDefaultValue_CreatedBy, getdate(), @strDefaultValue_ModifiedBy,getdate(),@intRowStatus_Active,@intParamId,NULL)

--SELECT @intParamId = Id FROM [dbo].[QueryParameter] WHERE name = 'Model Number'
--INSERT INTO [ElementsCPSDB].[dbo].[QueryParameterValue]([Name],[CreatedBy],[CreatedOn],[ModifiedBy],[ModifiedOn],[RowStatusId],[QueryParameterId],[Description])VALUES('*',@strDefaultValue_CreatedBy, getdate(), @strDefaultValue_ModifiedBy,getdate(),@intRowStatus_Active,@intParamId,NULL)
--INSERT INTO [ElementsCPSDB].[dbo].[QueryParameterValue]([Name],[CreatedBy],[CreatedOn],[ModifiedBy],[ModifiedOn],[RowStatusId],[QueryParameterId],[Description])VALUES('G42',@strDefaultValue_CreatedBy, getdate(), @strDefaultValue_ModifiedBy,getdate(),@intRowStatus_Active,@intParamId,NULL)

--SELECT @intParamId = Id FROM [dbo].[QueryParameter] WHERE name = 'Product Name'
--INSERT INTO [ElementsCPSDB].[dbo].[QueryParameterValue]([Name],[CreatedBy],[CreatedOn],[ModifiedBy],[ModifiedOn],[RowStatusId],[QueryParameterId],[Description])VALUES('*',@strDefaultValue_CreatedBy, getdate(), @strDefaultValue_ModifiedBy,getdate(),@intRowStatus_Active,@intParamId,NULL)
--INSERT INTO [ElementsCPSDB].[dbo].[QueryParameterValue]([Name],[CreatedBy],[CreatedOn],[ModifiedBy],[ModifiedOn],[RowStatusId],[QueryParameterId],[Description])VALUES('HP EliteBook 8440p',@strDefaultValue_CreatedBy, getdate(), @strDefaultValue_ModifiedBy,getdate(),@intRowStatus_Active,@intParamId,NULL)
--INSERT INTO [ElementsCPSDB].[dbo].[QueryParameterValue]([Name],[CreatedBy],[CreatedOn],[ModifiedBy],[ModifiedOn],[RowStatusId],[QueryParameterId],[Description])VALUES('HP EliteBook 8460p',@strDefaultValue_CreatedBy, getdate(), @strDefaultValue_ModifiedBy,getdate(),@intRowStatus_Active,@intParamId,NULL)
--INSERT INTO [ElementsCPSDB].[dbo].[QueryParameterValue]([Name],[CreatedBy],[CreatedOn],[ModifiedBy],[ModifiedOn],[RowStatusId],[QueryParameterId],[Description])VALUES('HP EliteBook 8540w',@strDefaultValue_CreatedBy, getdate(), @strDefaultValue_ModifiedBy,getdate(),@intRowStatus_Active,@intParamId,NULL)

--SELECT @intParamId = Id FROM [dbo].[QueryParameter] WHERE name = 'Product Number'
--INSERT INTO [ElementsCPSDB].[dbo].[QueryParameterValue]([Name],[CreatedBy],[CreatedOn],[ModifiedBy],[ModifiedOn],[RowStatusId],[QueryParameterId],[Description])VALUES('*',@strDefaultValue_CreatedBy, getdate(), @strDefaultValue_ModifiedBy,getdate(),@intRowStatus_Active,@intParamId,NULL)
--END	    
	
PRINT 'Finished loading "Representative" DB data'

COMMIT TRANSACTION
END TRY
BEGIN CATCH
	---Capture the details of the original error
	DECLARE @ErrMsg nvarchar(4000), @ErrSeverity int
	SELECT	@ErrMsg = ERROR_MESSAGE(),
			@ErrSeverity = ERROR_SEVERITY()

	PRINT 'Error occurred while loading "Representative" DB data'
	ROLLBACK TRANSACTION

	---Raise an error with the details of the original error
	RAISERROR(@ErrMsg, @ErrSeverity, 1)
END CATCH
GO

--- Reseed identities for each table
BEGIN
	PRINT 'Reseeding Identities'
	EXEC sp_MSForEachTable ' 
		IF OBJECTPROPERTY(object_id(''?''), ''TableHasIdentity'') = 1 
			BEGIN
				--DECLARE @highestId int
				--DECLARE @newSeed int
				--SET @highestId = (SELECT MAX([Id]) FROM ?);
				--SET @newSeed = (SELECT 1+ISNULL(@highestId, 0));
				--PRINT N''Reseeding ''''?'''' Identity to '' + CONVERT(NVARCHAR(20), @newSeed)
				--DBCC CHECKIDENT (''?'', RESEED, @newSeed) 
				PRINT N''Reseeding ''''?'''' Identity''
				DBCC CHECKIDENT (''?'', RESEED)
			END
	' 
END
GO
