-- *** Important *** Need to add groupTypeName, validationDomain, and publicationDomain for existing JumpstationGroupType rows.
-- *** Important *** Need to verify group type ids.
SET NUMERIC_ROUNDABORT OFF
GO
SET XACT_ABORT, ANSI_PADDING, ANSI_WARNINGS, CONCAT_NULL_YIELDS_NULL, ARITHABORT, QUOTED_IDENTIFIER, ANSI_NULLS, NOCOUNT ON
GO

BEGIN TRY
BEGIN TRANSACTION

PRINT 'Loading "Jumpstation" DB data'

DECLARE @strDefaultValue_CreatedBy NVARCHAR(50);
DECLARE @strDefaultValue_ModifiedBy NVARCHAR(50);
DECLARE @intRowStatus_Active int;
DECLARE @intRowStatus_Inactive int;
DECLARE @intRowStatus_Deleted int;
DECLARE @intStatus_modified int;

SET @strDefaultValue_CreatedBy = N'system\system';
SET @strDefaultValue_ModifiedBy = @strDefaultValue_CreatedBy;
SET @intRowStatus_Active = 1;
SET @intRowStatus_Inactive = 2;
SET @intRowStatus_Deleted = 3;
SET @intStatus_modified = 1;


PRINT 'Adding rows to [dbo].[JumpstationApplication]'
BEGIN
SET IDENTITY_INSERT [dbo].[JumpstationApplication] ON
INSERT INTO [dbo].[JumpstationApplication]([Id],[Name],[CreatedBy],[CreatedOn],[ModifiedBy],[ModifiedOn],[RowStatusId],[Version],[Description],[ElementsKey])VALUES(2,'Redirect (1.0.0)',@strDefaultValue_CreatedBy, getdate(), @strDefaultValue_ModifiedBy,getdate(),@intRowStatus_Active,'1.0.0','Redirect Application','jumpstation')
SET IDENTITY_INSERT [dbo].[JumpstationApplication] OFF
END	

PRINT 'Adding rows to [dbo].[JumpstationDomain]'
BEGIN
SET IDENTITY_INSERT [dbo].[JumpstationDomain] ON
INSERT INTO [dbo].[JumpstationDomain]([Id],[Name],[CreatedBy],[CreatedOn],[ModifiedBy],[ModifiedOn],[RowStatusId],[Description],[DomainURL])VALUES(1,'Validation Domain',@strDefaultValue_CreatedBy, getdate(), @strDefaultValue_ModifiedBy,getdate(),@intRowStatus_Active,'Validation Domain','http://stg-js.redirect.hp.com/jumpstation')
INSERT INTO [dbo].[JumpstationDomain]([Id],[Name],[CreatedBy],[CreatedOn],[ModifiedBy],[ModifiedOn],[RowStatusId],[Description],[DomainURL])VALUES(2,'Publication Domain',@strDefaultValue_CreatedBy, getdate(), @strDefaultValue_ModifiedBy,getdate(),@intRowStatus_Active,'Publication Domain','http://js.redirect.hp.com/jumpstation')
SET IDENTITY_INSERT [dbo].[JumpstationDomain] OFF
END	

PRINT 'Adding rows to [dbo].[JumpstationGroupType]'
BEGIN
SET IDENTITY_INSERT [dbo].[JumpstationGroupType] ON
INSERT INTO [dbo].[JumpstationGroupType]([Id],[Name],[CreatedBy],[CreatedOn],[ModifiedBy],[ModifiedOn],[RowStatusId],[Description],[JumpstationApplicationId],[ValidationJumpstationDomainId],[PublicationJumpstationDomainId])VALUES(22,'Simple Redirect URLs',@strDefaultValue_CreatedBy, getdate(),@strDefaultValue_ModifiedBy,getdate(),@intRowStatus_Active,'Simple Redirect URLs type', 2, 1, 2)
INSERT INTO [dbo].[JumpstationGroupType]([Id],[Name],[CreatedBy],[CreatedOn],[ModifiedBy],[ModifiedOn],[RowStatusId],[Description],[JumpstationApplicationId],[ValidationJumpstationDomainId],[PublicationJumpstationDomainId])VALUES(23,'All Other Redirect URLs (Desktop Icon)',@strDefaultValue_CreatedBy, getdate(),@strDefaultValue_ModifiedBy,getdate(),@intRowStatus_Active,'All Other Redirect URLs type', 2, 1, 2)
INSERT INTO [dbo].[JumpstationGroupType]([Id],[Name],[CreatedBy],[CreatedOn],[ModifiedBy],[ModifiedOn],[RowStatusId],[Description],[JumpstationApplicationId],[ValidationJumpstationDomainId],[PublicationJumpstationDomainId])VALUES(24,'Default Redirect URLs (IE Home/Search)',@strDefaultValue_CreatedBy, getdate(),@strDefaultValue_ModifiedBy,getdate(),@intRowStatus_Active,'Default Redirect URLs type', 2, 1, 2)
SET IDENTITY_INSERT [dbo].[JumpstationGroupType] OFF
END	

PRINT 'Adding rows to [dbo].[QueryParameter_JumpstationType]'
BEGIN
-- *** Important *** Need to verify group type ids.
INSERT INTO [dbo].[QueryParameter_JumpstationGroupType]([JumpstationGroupTypeId],[QueryParameterId],[Name],[CreatedBy],[CreatedOn],[ModifiedBy],[ModifiedOn],[MaximumSelection],[Wildcard],[SortOrder])VALUES(22,16,'Simple Redirect URLs/Parameter',@strDefaultValue_CreatedBy, getdate(),@strDefaultValue_ModifiedBy,getdate(),0,1,1)
INSERT INTO [dbo].[QueryParameter_JumpstationGroupType]([JumpstationGroupTypeId],[QueryParameterId],[Name],[CreatedBy],[CreatedOn],[ModifiedBy],[ModifiedOn],[MaximumSelection],[Wildcard],[SortOrder])VALUES(23,3,'All Other Redirect URLs/Locale',@strDefaultValue_CreatedBy, getdate(),@strDefaultValue_ModifiedBy,getdate(),0,1,2)
INSERT INTO [dbo].[QueryParameter_JumpstationGroupType]([JumpstationGroupTypeId],[QueryParameterId],[Name],[CreatedBy],[CreatedOn],[ModifiedBy],[ModifiedOn],[MaximumSelection],[Wildcard],[SortOrder])VALUES(23,5,'All Other Redirect URLs/Partner Category',@strDefaultValue_CreatedBy, getdate(),@strDefaultValue_ModifiedBy,getdate(),0,1,1)
INSERT INTO [dbo].[QueryParameter_JumpstationGroupType]([JumpstationGroupTypeId],[QueryParameterId],[Name],[CreatedBy],[CreatedOn],[ModifiedBy],[ModifiedOn],[MaximumSelection],[Wildcard],[SortOrder])VALUES(23,7,'All Other Redirect URLs/Cycle',@strDefaultValue_CreatedBy, getdate(),@strDefaultValue_ModifiedBy,getdate(),0,1,3)
INSERT INTO [dbo].[QueryParameter_JumpstationGroupType]([JumpstationGroupTypeId],[QueryParameterId],[Name],[CreatedBy],[CreatedOn],[ModifiedBy],[ModifiedOn],[MaximumSelection],[Wildcard],[SortOrder])VALUES(23,13,'All Other Redirect URLs/Touchpoint',@strDefaultValue_CreatedBy, getdate(),@strDefaultValue_ModifiedBy,getdate(),0,1,4)
INSERT INTO [dbo].[QueryParameter_JumpstationGroupType]([JumpstationGroupTypeId],[QueryParameterId],[Name],[CreatedBy],[CreatedOn],[ModifiedBy],[ModifiedOn],[MaximumSelection],[Wildcard],[SortOrder])VALUES(23,14,'All Other Redirect URLs/Platform',@strDefaultValue_CreatedBy, getdate(),@strDefaultValue_ModifiedBy,getdate(),0,1,5)
INSERT INTO [dbo].[QueryParameter_JumpstationGroupType]([JumpstationGroupTypeId],[QueryParameterId],[Name],[CreatedBy],[CreatedOn],[ModifiedBy],[ModifiedOn],[MaximumSelection],[Wildcard],[SortOrder])VALUES(23,15,'All Other Redirect URLs/Brand',@strDefaultValue_CreatedBy, getdate(),@strDefaultValue_ModifiedBy,getdate(),0,1,6)
INSERT INTO [dbo].[QueryParameter_JumpstationGroupType]([JumpstationGroupTypeId],[QueryParameterId],[Name],[CreatedBy],[CreatedOn],[ModifiedBy],[ModifiedOn],[MaximumSelection],[Wildcard],[SortOrder])VALUES(24,3,'Default Redirect URLs/Locale',@strDefaultValue_CreatedBy, getdate(),@strDefaultValue_ModifiedBy,getdate(),0,1,2)
INSERT INTO [dbo].[QueryParameter_JumpstationGroupType]([JumpstationGroupTypeId],[QueryParameterId],[Name],[CreatedBy],[CreatedOn],[ModifiedBy],[ModifiedOn],[MaximumSelection],[Wildcard],[SortOrder])VALUES(24,7,'Default Redirect URLs/Cycle',@strDefaultValue_CreatedBy, getdate(),@strDefaultValue_ModifiedBy,getdate(),0,1,3)
INSERT INTO [dbo].[QueryParameter_JumpstationGroupType]([JumpstationGroupTypeId],[QueryParameterId],[Name],[CreatedBy],[CreatedOn],[ModifiedBy],[ModifiedOn],[MaximumSelection],[Wildcard],[SortOrder])VALUES(24,13,'Default Redirect URLs/Touchpoint',@strDefaultValue_CreatedBy, getdate(),@strDefaultValue_ModifiedBy,getdate(),0,1,1)
INSERT INTO [dbo].[QueryParameter_JumpstationGroupType]([JumpstationGroupTypeId],[QueryParameterId],[Name],[CreatedBy],[CreatedOn],[ModifiedBy],[ModifiedOn],[MaximumSelection],[Wildcard],[SortOrder])VALUES(24,15,'Default Redirect URLs/Brand',@strDefaultValue_CreatedBy, getdate(),@strDefaultValue_ModifiedBy,getdate(),0,1,4)
INSERT INTO [dbo].[QueryParameter_JumpstationGroupType]([JumpstationGroupTypeId],[QueryParameterId],[Name],[CreatedBy],[CreatedOn],[ModifiedBy],[ModifiedOn],[MaximumSelection],[Wildcard],[SortOrder])VALUES(24,14,'Default Redirect URLs/Platform',@strDefaultValue_CreatedBy, getdate(),@strDefaultValue_ModifiedBy,getdate(),0,1,5)
END	    

PRINT 'Adding rows to [dbo].[JumpstationMacro]'
BEGIN
DELETE [dbo].[JumpstationMacro]
SET IDENTITY_INSERT [dbo].[JumpstationMacro] ON
INSERT INTO [dbo].[JumpstationMacro]([Id],[Name],[CreatedBy],[CreatedOn],[ModifiedBy],[ModifiedOn],[RowStatusId],[Description],[JumpstationMacroStatusId],[OwnerId],[DefaultResultValue])VALUES (1,'ap_prod_url',@strDefaultValue_CreatedBy, getdate(), @strDefaultValue_ModifiedBy,getdate(),@intRowStatus_Active, null,@intStatus_modified,1,'Invalid')
INSERT INTO [dbo].[JumpstationMacro]([Id],[Name],[CreatedBy],[CreatedOn],[ModifiedBy],[ModifiedOn],[RowStatusId],[Description],[JumpstationMacroStatusId],[OwnerId],[DefaultResultValue])VALUES (2,'ap_test_url',@strDefaultValue_CreatedBy, getdate(), @strDefaultValue_ModifiedBy,getdate(),@intRowStatus_Active, null,@intStatus_modified,1,'Invalid')
INSERT INTO [dbo].[JumpstationMacro]([Id],[Name],[CreatedBy],[CreatedOn],[ModifiedBy],[ModifiedOn],[RowStatusId],[Description],[JumpstationMacroStatusId],[OwnerId],[DefaultResultValue])VALUES (3,'clar_prod_domain',@strDefaultValue_CreatedBy, getdate(), @strDefaultValue_ModifiedBy,getdate(),@intRowStatus_Active, null,@intStatus_modified,1,'Invalid')
INSERT INTO [dbo].[JumpstationMacro]([Id],[Name],[CreatedBy],[CreatedOn],[ModifiedBy],[ModifiedOn],[RowStatusId],[Description],[JumpstationMacroStatusId],[OwnerId],[DefaultResultValue])VALUES (4,'clar_prod_url',@strDefaultValue_CreatedBy, getdate(), @strDefaultValue_ModifiedBy,getdate(),@intRowStatus_Active, null,@intStatus_modified,1,'Invalid')
INSERT INTO [dbo].[JumpstationMacro]([Id],[Name],[CreatedBy],[CreatedOn],[ModifiedBy],[ModifiedOn],[RowStatusId],[Description],[JumpstationMacroStatusId],[OwnerId],[DefaultResultValue])VALUES (5,'clar_test_url',@strDefaultValue_CreatedBy, getdate(), @strDefaultValue_ModifiedBy,getdate(),@intRowStatus_Active, null,@intStatus_modified,1,'Invalid')
INSERT INTO [dbo].[JumpstationMacro]([Id],[Name],[CreatedBy],[CreatedOn],[ModifiedBy],[ModifiedOn],[RowStatusId],[Description],[JumpstationMacroStatusId],[OwnerId],[DefaultResultValue])VALUES (6,'clar_test_url1',@strDefaultValue_CreatedBy, getdate(), @strDefaultValue_ModifiedBy,getdate(),@intRowStatus_Active, null,@intStatus_modified,1,'Invalid')
INSERT INTO [dbo].[JumpstationMacro]([Id],[Name],[CreatedBy],[CreatedOn],[ModifiedBy],[ModifiedOn],[RowStatusId],[Description],[JumpstationMacroStatusId],[OwnerId],[DefaultResultValue])VALUES (7,'emea_prod_url',@strDefaultValue_CreatedBy, getdate(), @strDefaultValue_ModifiedBy,getdate(),@intRowStatus_Active, null,@intStatus_modified,1,'Invalid')
INSERT INTO [dbo].[JumpstationMacro]([Id],[Name],[CreatedBy],[CreatedOn],[ModifiedBy],[ModifiedOn],[RowStatusId],[Description],[JumpstationMacroStatusId],[OwnerId],[DefaultResultValue])VALUES (8,'emea_test_url',@strDefaultValue_CreatedBy, getdate(), @strDefaultValue_ModifiedBy,getdate(),@intRowStatus_Active, null,@intStatus_modified,1,'Invalid')
INSERT INTO [dbo].[JumpstationMacro]([Id],[Name],[CreatedBy],[CreatedOn],[ModifiedBy],[ModifiedOn],[RowStatusId],[Description],[JumpstationMacroStatusId],[OwnerId],[DefaultResultValue])VALUES (9,'fix_params',@strDefaultValue_CreatedBy, getdate(), @strDefaultValue_ModifiedBy,getdate(),@intRowStatus_Active, null,@intStatus_modified,1,'Invalid')
INSERT INTO [dbo].[JumpstationMacro]([Id],[Name],[CreatedBy],[CreatedOn],[ModifiedBy],[ModifiedOn],[RowStatusId],[Description],[JumpstationMacroStatusId],[OwnerId],[DefaultResultValue])VALUES (10,'fix_params_serial',@strDefaultValue_CreatedBy, getdate(), @strDefaultValue_ModifiedBy,getdate(),@intRowStatus_Active, null,@intStatus_modified,1,'Invalid')
INSERT INTO [dbo].[JumpstationMacro]([Id],[Name],[CreatedBy],[CreatedOn],[ModifiedBy],[ModifiedOn],[RowStatusId],[Description],[JumpstationMacroStatusId],[OwnerId],[DefaultResultValue])VALUES (11,'fix_paramsmodel',@strDefaultValue_CreatedBy, getdate(), @strDefaultValue_ModifiedBy,getdate(),@intRowStatus_Active, null,@intStatus_modified,1,'Invalid')
INSERT INTO [dbo].[JumpstationMacro]([Id],[Name],[CreatedBy],[CreatedOn],[ModifiedBy],[ModifiedOn],[RowStatusId],[Description],[JumpstationMacroStatusId],[OwnerId],[DefaultResultValue])VALUES (12,'http_prefix',@strDefaultValue_CreatedBy, getdate(), @strDefaultValue_ModifiedBy,getdate(),@intRowStatus_Active, null,@intStatus_modified,1,'Invalid')
INSERT INTO [dbo].[JumpstationMacro]([Id],[Name],[CreatedBy],[CreatedOn],[ModifiedBy],[ModifiedOn],[RowStatusId],[Description],[JumpstationMacroStatusId],[OwnerId],[DefaultResultValue])VALUES (13,'http_protocol',@strDefaultValue_CreatedBy, getdate(), @strDefaultValue_ModifiedBy,getdate(),@intRowStatus_Active, null,@intStatus_modified,1,'Invalid')
INSERT INTO [dbo].[JumpstationMacro]([Id],[Name],[CreatedBy],[CreatedOn],[ModifiedBy],[ModifiedOn],[RowStatusId],[Description],[JumpstationMacroStatusId],[OwnerId],[DefaultResultValue])VALUES (14,'hut2005mvpcserver',@strDefaultValue_CreatedBy, getdate(), @strDefaultValue_ModifiedBy,getdate(),@intRowStatus_Active, null,@intStatus_modified,1,'Invalid')
INSERT INTO [dbo].[JumpstationMacro]([Id],[Name],[CreatedBy],[CreatedOn],[ModifiedBy],[ModifiedOn],[RowStatusId],[Description],[JumpstationMacroStatusId],[OwnerId],[DefaultResultValue])VALUES (15,'les_itg_url',@strDefaultValue_CreatedBy, getdate(), @strDefaultValue_ModifiedBy,getdate(),@intRowStatus_Active, null,@intStatus_modified,1,'Invalid')
INSERT INTO [dbo].[JumpstationMacro]([Id],[Name],[CreatedBy],[CreatedOn],[ModifiedBy],[ModifiedOn],[RowStatusId],[Description],[JumpstationMacroStatusId],[OwnerId],[DefaultResultValue])VALUES (16,'les_prod_url',@strDefaultValue_CreatedBy, getdate(), @strDefaultValue_ModifiedBy,getdate(),@intRowStatus_Active, null,@intStatus_modified,1,'Invalid')
INSERT INTO [dbo].[JumpstationMacro]([Id],[Name],[CreatedBy],[CreatedOn],[ModifiedBy],[ModifiedOn],[RowStatusId],[Description],[JumpstationMacroStatusId],[OwnerId],[DefaultResultValue])VALUES (17,'mapcntrycode',@strDefaultValue_CreatedBy, getdate(), @strDefaultValue_ModifiedBy,getdate(),@intRowStatus_Active, null,@intStatus_modified,1,'Invalid')
INSERT INTO [dbo].[JumpstationMacro]([Id],[Name],[CreatedBy],[CreatedOn],[ModifiedBy],[ModifiedOn],[RowStatusId],[Description],[JumpstationMacroStatusId],[OwnerId],[DefaultResultValue])VALUES (18,'mapcntryname',@strDefaultValue_CreatedBy, getdate(), @strDefaultValue_ModifiedBy,getdate(),@intRowStatus_Active, null,@intStatus_modified,1,'Invalid')
INSERT INTO [dbo].[JumpstationMacro]([Id],[Name],[CreatedBy],[CreatedOn],[ModifiedBy],[ModifiedOn],[RowStatusId],[Description],[JumpstationMacroStatusId],[OwnerId],[DefaultResultValue])VALUES (19,'mapiso2lang',@strDefaultValue_CreatedBy, getdate(), @strDefaultValue_ModifiedBy,getdate(),@intRowStatus_Active, null,@intStatus_modified,1,'Invalid')
INSERT INTO [dbo].[JumpstationMacro]([Id],[Name],[CreatedBy],[CreatedOn],[ModifiedBy],[ModifiedOn],[RowStatusId],[Description],[JumpstationMacroStatusId],[OwnerId],[DefaultResultValue])VALUES (20,'mapisolang',@strDefaultValue_CreatedBy, getdate(), @strDefaultValue_ModifiedBy,getdate(),@intRowStatus_Active, null,@intStatus_modified,1,'Invalid')
INSERT INTO [dbo].[JumpstationMacro]([Id],[Name],[CreatedBy],[CreatedOn],[ModifiedBy],[ModifiedOn],[RowStatusId],[Description],[JumpstationMacroStatusId],[OwnerId],[DefaultResultValue])VALUES (21,'maprgncntry',@strDefaultValue_CreatedBy, getdate(), @strDefaultValue_ModifiedBy,getdate(),@intRowStatus_Active, null,@intStatus_modified,1,'Invalid')
INSERT INTO [dbo].[JumpstationMacro]([Id],[Name],[CreatedBy],[CreatedOn],[ModifiedBy],[ModifiedOn],[RowStatusId],[Description],[JumpstationMacroStatusId],[OwnerId],[DefaultResultValue])VALUES (22,'maprgncntrylang',@strDefaultValue_CreatedBy, getdate(), @strDefaultValue_ModifiedBy,getdate(),@intRowStatus_Active, null,@intStatus_modified,1,'Invalid')
INSERT INTO [dbo].[JumpstationMacro]([Id],[Name],[CreatedBy],[CreatedOn],[ModifiedBy],[ModifiedOn],[RowStatusId],[Description],[JumpstationMacroStatusId],[OwnerId],[DefaultResultValue])VALUES (23,'maprgncntrynum',@strDefaultValue_CreatedBy, getdate(), @strDefaultValue_ModifiedBy,getdate(),@intRowStatus_Active, null,@intStatus_modified,1,'Invalid')
INSERT INTO [dbo].[JumpstationMacro]([Id],[Name],[CreatedBy],[CreatedOn],[ModifiedBy],[ModifiedOn],[RowStatusId],[Description],[JumpstationMacroStatusId],[OwnerId],[DefaultResultValue])VALUES (24,'maprgnlang',@strDefaultValue_CreatedBy, getdate(), @strDefaultValue_ModifiedBy,getdate(),@intRowStatus_Active, null,@intStatus_modified,1,'Invalid')
INSERT INTO [dbo].[JumpstationMacro]([Id],[Name],[CreatedBy],[CreatedOn],[ModifiedBy],[ModifiedOn],[RowStatusId],[Description],[JumpstationMacroStatusId],[OwnerId],[DefaultResultValue])VALUES (25,'registerbase',@strDefaultValue_CreatedBy, getdate(), @strDefaultValue_ModifiedBy,getdate(),@intRowStatus_Active, null,@intStatus_modified,1,'Invalid')
INSERT INTO [dbo].[JumpstationMacro]([Id],[Name],[CreatedBy],[CreatedOn],[ModifiedBy],[ModifiedOn],[RowStatusId],[Description],[JumpstationMacroStatusId],[OwnerId],[DefaultResultValue])VALUES (26,'roleserver',@strDefaultValue_CreatedBy, getdate(), @strDefaultValue_ModifiedBy,getdate(),@intRowStatus_Active, null,@intStatus_modified,1,'Invalid')
INSERT INTO [dbo].[JumpstationMacro]([Id],[Name],[CreatedBy],[CreatedOn],[ModifiedBy],[ModifiedOn],[RowStatusId],[Description],[JumpstationMacroStatusId],[OwnerId],[DefaultResultValue])VALUES (27,'servername',@strDefaultValue_CreatedBy, getdate(), @strDefaultValue_ModifiedBy,getdate(),@intRowStatus_Active, null,@intStatus_modified,1,'Invalid')
INSERT INTO [dbo].[JumpstationMacro]([Id],[Name],[CreatedBy],[CreatedOn],[ModifiedBy],[ModifiedOn],[RowStatusId],[Description],[JumpstationMacroStatusId],[OwnerId],[DefaultResultValue])VALUES (28,'skyroom_params1',@strDefaultValue_CreatedBy, getdate(), @strDefaultValue_ModifiedBy,getdate(),@intRowStatus_Active, null,@intStatus_modified,1,'Invalid')
INSERT INTO [dbo].[JumpstationMacro]([Id],[Name],[CreatedBy],[CreatedOn],[ModifiedBy],[ModifiedOn],[RowStatusId],[Description],[JumpstationMacroStatusId],[OwnerId],[DefaultResultValue])VALUES (29,'testregisterbase',@strDefaultValue_CreatedBy, getdate(), @strDefaultValue_ModifiedBy,getdate(),@intRowStatus_Active, null,@intStatus_modified,1,'Invalid')
INSERT INTO [dbo].[JumpstationMacro]([Id],[Name],[CreatedBy],[CreatedOn],[ModifiedBy],[ModifiedOn],[RowStatusId],[Description],[JumpstationMacroStatusId],[OwnerId],[DefaultResultValue])VALUES (30,'twodigitday',@strDefaultValue_CreatedBy, getdate(), @strDefaultValue_ModifiedBy,getdate(),@intRowStatus_Active, null,@intStatus_modified,1,'Invalid')
INSERT INTO [dbo].[JumpstationMacro]([Id],[Name],[CreatedBy],[CreatedOn],[ModifiedBy],[ModifiedOn],[RowStatusId],[Description],[JumpstationMacroStatusId],[OwnerId],[DefaultResultValue])VALUES (31,'twodigitmonth',@strDefaultValue_CreatedBy, getdate(), @strDefaultValue_ModifiedBy,getdate(),@intRowStatus_Active, null,@intStatus_modified,1,'Invalid')
INSERT INTO [dbo].[JumpstationMacro]([Id],[Name],[CreatedBy],[CreatedOn],[ModifiedBy],[ModifiedOn],[RowStatusId],[Description],[JumpstationMacroStatusId],[OwnerId],[DefaultResultValue])VALUES (32,'unavailable_link',@strDefaultValue_CreatedBy, getdate(), @strDefaultValue_ModifiedBy,getdate(),@intRowStatus_Active, null,@intStatus_modified,1,'Invalid')
INSERT INTO [dbo].[JumpstationMacro]([Id],[Name],[CreatedBy],[CreatedOn],[ModifiedBy],[ModifiedOn],[RowStatusId],[Description],[JumpstationMacroStatusId],[OwnerId],[DefaultResultValue])VALUES (33,'vp_params',@strDefaultValue_CreatedBy, getdate(), @strDefaultValue_ModifiedBy,getdate(),@intRowStatus_Active, null,@intStatus_modified,1,'Invalid')
SET IDENTITY_INSERT [dbo].[JumpstationMacro] OFF
END	

PRINT 'Adding rows to [dbo].[JumpstationMacroValue]'
BEGIN
INSERT INTO [dbo].[JumpstationMacroValue]([JumpstationMacroId],[MatchName],[ResultValue],[CreatedBy],[CreatedOn],[ModifiedBy],[ModifiedOn],[RowStatusId])VALUES(1,null,'https://h50155.www5.hp.com/connexion/prodreg.asp',@strDefaultValue_CreatedBy, getdate(), @strDefaultValue_ModifiedBy,getdate(),@intRowStatus_Active)
INSERT INTO [dbo].[JumpstationMacroValue]([JumpstationMacroId],[MatchName],[ResultValue],[CreatedBy],[CreatedOn],[ModifiedBy],[ModifiedOn],[RowStatusId])VALUES(2,null,'https://h50155.stage.asiapac.hp.com/connexion/prodreg.asp',@strDefaultValue_CreatedBy, getdate(), @strDefaultValue_ModifiedBy,getdate(),@intRowStatus_Active)
INSERT INTO [dbo].[JumpstationMacroValue]([JumpstationMacroId],[MatchName],[ResultValue],[CreatedBy],[CreatedOn],[ModifiedBy],[ModifiedOn],[RowStatusId])VALUES(3,null,'https://register.hp.com',@strDefaultValue_CreatedBy, getdate(), @strDefaultValue_ModifiedBy,getdate(),@intRowStatus_Active)
INSERT INTO [dbo].[JumpstationMacroValue]([JumpstationMacroId],[MatchName],[ResultValue],[CreatedBy],[CreatedOn],[ModifiedBy],[ModifiedOn],[RowStatusId])VALUES(4,null,'https://register.hp.com/servlet/WebReg.servlets.ProdReg1Servlet',@strDefaultValue_CreatedBy, getdate(), @strDefaultValue_ModifiedBy,getdate(),@intRowStatus_Active)
INSERT INTO [dbo].[JumpstationMacroValue]([JumpstationMacroId],[MatchName],[ResultValue],[CreatedBy],[CreatedOn],[ModifiedBy],[ModifiedOn],[RowStatusId])VALUES(5,null,'https://test1-role.austin.hp.com/servlet/WebReg.servlets.ProdReg1Servlet',@strDefaultValue_CreatedBy, getdate(), @strDefaultValue_ModifiedBy,getdate(),@intRowStatus_Active)
INSERT INTO [dbo].[JumpstationMacroValue]([JumpstationMacroId],[MatchName],[ResultValue],[CreatedBy],[CreatedOn],[ModifiedBy],[ModifiedOn],[RowStatusId])VALUES(6,null,'https://test1-role.austin.hp.com/servlet/WebReg.servlets.ProdReg1Servlet',@strDefaultValue_CreatedBy, getdate(), @strDefaultValue_ModifiedBy,getdate(),@intRowStatus_Active)
INSERT INTO [dbo].[JumpstationMacroValue]([JumpstationMacroId],[MatchName],[ResultValue],[CreatedBy],[CreatedOn],[ModifiedBy],[ModifiedOn],[RowStatusId])VALUES(7,null,'https://register.hp.com/emea/flowPage/registration/index.do',@strDefaultValue_CreatedBy, getdate(), @strDefaultValue_ModifiedBy,getdate(),@intRowStatus_Active)
INSERT INTO [dbo].[JumpstationMacroValue]([JumpstationMacroId],[MatchName],[ResultValue],[CreatedBy],[CreatedOn],[ModifiedBy],[ModifiedOn],[RowStatusId])VALUES(8,null,'http://peclet.brugloht.external.hp.com/emeaJs/JumpStation',@strDefaultValue_CreatedBy, getdate(), @strDefaultValue_ModifiedBy,getdate(),@intRowStatus_Active)
INSERT INTO [dbo].[JumpstationMacroValue]([JumpstationMacroId],[MatchName],[ResultValue],[CreatedBy],[CreatedOn],[ModifiedBy],[ModifiedOn],[RowStatusId])VALUES(9,null,'modelID=&PROD_SERIAL_ID=&PRODUCT_NAME=$product_name$&appID=CATS2_printer&application=303&lang=$lang$&cc=$cc$&pl=$pl$&client_vp=$client_vp$&lf=$lf$&operating_system_2=$prodos$&ex1=$ex1$&ex2=$ex2$&ex3=$ex3$',@strDefaultValue_CreatedBy, getdate(), @strDefaultValue_ModifiedBy,getdate(),@intRowStatus_Active)
INSERT INTO [dbo].[JumpstationMacroValue]([JumpstationMacroId],[MatchName],[ResultValue],[CreatedBy],[CreatedOn],[ModifiedBy],[ModifiedOn],[RowStatusId])VALUES(10,null,'modelID=$modelid$&PROD_SERIAL_ID=&PRODUCT_NAME=$product_name$&appID=CATS2_printer&application=303&lang=$lang$&cc=$cc$&pl=$pl$&client_vp=$client_vp$&lf=$lf$&operating_system_2=$prodos$&ex1=$ex1$&ex2=$ex2$&ex3=$ex3$',@strDefaultValue_CreatedBy, getdate(), @strDefaultValue_ModifiedBy,getdate(),@intRowStatus_Active)
INSERT INTO [dbo].[JumpstationMacroValue]([JumpstationMacroId],[MatchName],[ResultValue],[CreatedBy],[CreatedOn],[ModifiedBy],[ModifiedOn],[RowStatusId])VALUES(11,null,'modelID=&PROD_SERIAL_ID=$prod_serial_id$&PRODUCT_NAME=$product_name$&appID=CATS2_printer&application=303&lang=$lang$&cc=$cc$&pl=$pl$&client_vp=$client_vp$&lf=$lf$&operating_system_2=$prodos$&ex1=$ex1$&ex2=$ex2$&ex3=$ex3$',@strDefaultValue_CreatedBy, getdate(), @strDefaultValue_ModifiedBy,getdate(),@intRowStatus_Active)
INSERT INTO [dbo].[JumpstationMacroValue]([JumpstationMacroId],[MatchName],[ResultValue],[CreatedBy],[CreatedOn],[ModifiedBy],[ModifiedOn],[RowStatusId])VALUES(12,null,'http',@strDefaultValue_CreatedBy, getdate(), @strDefaultValue_ModifiedBy,getdate(),@intRowStatus_Active)
INSERT INTO [dbo].[JumpstationMacroValue]([JumpstationMacroId],[MatchName],[ResultValue],[CreatedBy],[CreatedOn],[ModifiedBy],[ModifiedOn],[RowStatusId])VALUES(13,null,'$http_prefix$://',@strDefaultValue_CreatedBy, getdate(), @strDefaultValue_ModifiedBy,getdate(),@intRowStatus_Active)
INSERT INTO [dbo].[JumpstationMacroValue]([JumpstationMacroId],[MatchName],[ResultValue],[CreatedBy],[CreatedOn],[ModifiedBy],[ModifiedOn],[RowStatusId])VALUES(14,null,'vausnzpro.austin.hp.com/HUT2005',@strDefaultValue_CreatedBy, getdate(), @strDefaultValue_ModifiedBy,getdate(),@intRowStatus_Active)
INSERT INTO [dbo].[JumpstationMacroValue]([JumpstationMacroId],[MatchName],[ResultValue],[CreatedBy],[CreatedOn],[ModifiedBy],[ModifiedOn],[RowStatusId])VALUES(15,null,'https://checkerspot-itg.atlanta.hp.com/CVP-WebPublic/Validate',@strDefaultValue_CreatedBy, getdate(), @strDefaultValue_ModifiedBy,getdate(),@intRowStatus_Active)
INSERT INTO [dbo].[JumpstationMacroValue]([JumpstationMacroId],[MatchName],[ResultValue],[CreatedBy],[CreatedOn],[ModifiedBy],[ModifiedOn],[RowStatusId])VALUES(16,null,'https://checkerspot.atlanta.hp.com/CVP-WebPublic/Validate',@strDefaultValue_CreatedBy, getdate(), @strDefaultValue_ModifiedBy,getdate(),@intRowStatus_Active)
INSERT INTO [dbo].[JumpstationMacroValue]([JumpstationMacroId],[MatchName],[ResultValue],[CreatedBy],[CreatedOn],[ModifiedBy],[ModifiedOn],[RowStatusId])VALUES(17,'chs','tw',@strDefaultValue_CreatedBy, getdate(), @strDefaultValue_ModifiedBy,getdate(),@intRowStatus_Active)
INSERT INTO [dbo].[JumpstationMacroValue]([JumpstationMacroId],[MatchName],[ResultValue],[CreatedBy],[CreatedOn],[ModifiedBy],[ModifiedOn],[RowStatusId])VALUES(17,'cht','cn',@strDefaultValue_CreatedBy, getdate(), @strDefaultValue_ModifiedBy,getdate(),@intRowStatus_Active)
INSERT INTO [dbo].[JumpstationMacroValue]([JumpstationMacroId],[MatchName],[ResultValue],[CreatedBy],[CreatedOn],[ModifiedBy],[ModifiedOn],[RowStatusId])VALUES(17,'jpn','jp',@strDefaultValue_CreatedBy, getdate(), @strDefaultValue_ModifiedBy,getdate(),@intRowStatus_Active)
INSERT INTO [dbo].[JumpstationMacroValue]([JumpstationMacroId],[MatchName],[ResultValue],[CreatedBy],[CreatedOn],[ModifiedBy],[ModifiedOn],[RowStatusId])VALUES(17,'kor','kr',@strDefaultValue_CreatedBy, getdate(), @strDefaultValue_ModifiedBy,getdate(),@intRowStatus_Active)

INSERT INTO [dbo].[JumpstationMacroValue]([JumpstationMacroId],[MatchName],[ResultValue],[CreatedBy],[CreatedOn],[ModifiedBy],[ModifiedOn],[RowStatusId])VALUES(18,'0x0406','denmark',@strDefaultValue_CreatedBy, getdate(), @strDefaultValue_ModifiedBy,getdate(),@intRowStatus_Active)
INSERT INTO [dbo].[JumpstationMacroValue]([JumpstationMacroId],[MatchName],[ResultValue],[CreatedBy],[CreatedOn],[ModifiedBy],[ModifiedOn],[RowStatusId])VALUES(18,'0x0407','germany',@strDefaultValue_CreatedBy, getdate(), @strDefaultValue_ModifiedBy,getdate(),@intRowStatus_Active)
INSERT INTO [dbo].[JumpstationMacroValue]([JumpstationMacroId],[MatchName],[ResultValue],[CreatedBy],[CreatedOn],[ModifiedBy],[ModifiedOn],[RowStatusId])VALUES(18,'0x0408','greece',@strDefaultValue_CreatedBy, getdate(), @strDefaultValue_ModifiedBy,getdate(),@intRowStatus_Active)
INSERT INTO [dbo].[JumpstationMacroValue]([JumpstationMacroId],[MatchName],[ResultValue],[CreatedBy],[CreatedOn],[ModifiedBy],[ModifiedOn],[RowStatusId])VALUES(18,'0x040a','spain',@strDefaultValue_CreatedBy, getdate(), @strDefaultValue_ModifiedBy,getdate(),@intRowStatus_Active)
INSERT INTO [dbo].[JumpstationMacroValue]([JumpstationMacroId],[MatchName],[ResultValue],[CreatedBy],[CreatedOn],[ModifiedBy],[ModifiedOn],[RowStatusId])VALUES(18,'0x040b','finland',@strDefaultValue_CreatedBy, getdate(), @strDefaultValue_ModifiedBy,getdate(),@intRowStatus_Active)
INSERT INTO [dbo].[JumpstationMacroValue]([JumpstationMacroId],[MatchName],[ResultValue],[CreatedBy],[CreatedOn],[ModifiedBy],[ModifiedOn],[RowStatusId])VALUES(18,'0x040c','france',@strDefaultValue_CreatedBy, getdate(), @strDefaultValue_ModifiedBy,getdate(),@intRowStatus_Active)
INSERT INTO [dbo].[JumpstationMacroValue]([JumpstationMacroId],[MatchName],[ResultValue],[CreatedBy],[CreatedOn],[ModifiedBy],[ModifiedOn],[RowStatusId])VALUES(18,'0x040d','israel',@strDefaultValue_CreatedBy, getdate(), @strDefaultValue_ModifiedBy,getdate(),@intRowStatus_Active)
INSERT INTO [dbo].[JumpstationMacroValue]([JumpstationMacroId],[MatchName],[ResultValue],[CreatedBy],[CreatedOn],[ModifiedBy],[ModifiedOn],[RowStatusId])VALUES(18,'0x0410','italy',@strDefaultValue_CreatedBy, getdate(), @strDefaultValue_ModifiedBy,getdate(),@intRowStatus_Active)
INSERT INTO [dbo].[JumpstationMacroValue]([JumpstationMacroId],[MatchName],[ResultValue],[CreatedBy],[CreatedOn],[ModifiedBy],[ModifiedOn],[RowStatusId])VALUES(18,'0x0413','netherlands',@strDefaultValue_CreatedBy, getdate(), @strDefaultValue_ModifiedBy,getdate(),@intRowStatus_Active)
INSERT INTO [dbo].[JumpstationMacroValue]([JumpstationMacroId],[MatchName],[ResultValue],[CreatedBy],[CreatedOn],[ModifiedBy],[ModifiedOn],[RowStatusId])VALUES(18,'0x0414','norway',@strDefaultValue_CreatedBy, getdate(), @strDefaultValue_ModifiedBy,getdate(),@intRowStatus_Active)
INSERT INTO [dbo].[JumpstationMacroValue]([JumpstationMacroId],[MatchName],[ResultValue],[CreatedBy],[CreatedOn],[ModifiedBy],[ModifiedOn],[RowStatusId])VALUES(18,'0x041d','sweden',@strDefaultValue_CreatedBy, getdate(), @strDefaultValue_ModifiedBy,getdate(),@intRowStatus_Active)
INSERT INTO [dbo].[JumpstationMacroValue]([JumpstationMacroId],[MatchName],[ResultValue],[CreatedBy],[CreatedOn],[ModifiedBy],[ModifiedOn],[RowStatusId])VALUES(18,'0x041f','turkey',@strDefaultValue_CreatedBy, getdate(), @strDefaultValue_ModifiedBy,getdate(),@intRowStatus_Active)
INSERT INTO [dbo].[JumpstationMacroValue]([JumpstationMacroId],[MatchName],[ResultValue],[CreatedBy],[CreatedOn],[ModifiedBy],[ModifiedOn],[RowStatusId])VALUES(18,'0x0807','switzerland',@strDefaultValue_CreatedBy, getdate(), @strDefaultValue_ModifiedBy,getdate(),@intRowStatus_Active)
INSERT INTO [dbo].[JumpstationMacroValue]([JumpstationMacroId],[MatchName],[ResultValue],[CreatedBy],[CreatedOn],[ModifiedBy],[ModifiedOn],[RowStatusId])VALUES(18,'0x080c','belgium',@strDefaultValue_CreatedBy, getdate(), @strDefaultValue_ModifiedBy,getdate(),@intRowStatus_Active)
INSERT INTO [dbo].[JumpstationMacroValue]([JumpstationMacroId],[MatchName],[ResultValue],[CreatedBy],[CreatedOn],[ModifiedBy],[ModifiedOn],[RowStatusId])VALUES(18,'0x0810','switzerland',@strDefaultValue_CreatedBy, getdate(), @strDefaultValue_ModifiedBy,getdate(),@intRowStatus_Active)
INSERT INTO [dbo].[JumpstationMacroValue]([JumpstationMacroId],[MatchName],[ResultValue],[CreatedBy],[CreatedOn],[ModifiedBy],[ModifiedOn],[RowStatusId])VALUES(18,'0x0813','belgium',@strDefaultValue_CreatedBy, getdate(), @strDefaultValue_ModifiedBy,getdate(),@intRowStatus_Active)
INSERT INTO [dbo].[JumpstationMacroValue]([JumpstationMacroId],[MatchName],[ResultValue],[CreatedBy],[CreatedOn],[ModifiedBy],[ModifiedOn],[RowStatusId])VALUES(18,'0x0814','norway',@strDefaultValue_CreatedBy, getdate(), @strDefaultValue_ModifiedBy,getdate(),@intRowStatus_Active)
INSERT INTO [dbo].[JumpstationMacroValue]([JumpstationMacroId],[MatchName],[ResultValue],[CreatedBy],[CreatedOn],[ModifiedBy],[ModifiedOn],[RowStatusId])VALUES(18,'0x0816','portugal',@strDefaultValue_CreatedBy, getdate(), @strDefaultValue_ModifiedBy,getdate(),@intRowStatus_Active)
INSERT INTO [dbo].[JumpstationMacroValue]([JumpstationMacroId],[MatchName],[ResultValue],[CreatedBy],[CreatedOn],[ModifiedBy],[ModifiedOn],[RowStatusId])VALUES(18,'0x081d','finland',@strDefaultValue_CreatedBy, getdate(), @strDefaultValue_ModifiedBy,getdate(),@intRowStatus_Active)
INSERT INTO [dbo].[JumpstationMacroValue]([JumpstationMacroId],[MatchName],[ResultValue],[CreatedBy],[CreatedOn],[ModifiedBy],[ModifiedOn],[RowStatusId])VALUES(18,'0x0c07','austria',@strDefaultValue_CreatedBy, getdate(), @strDefaultValue_ModifiedBy,getdate(),@intRowStatus_Active)
INSERT INTO [dbo].[JumpstationMacroValue]([JumpstationMacroId],[MatchName],[ResultValue],[CreatedBy],[CreatedOn],[ModifiedBy],[ModifiedOn],[RowStatusId])VALUES(18,'0x0c0a','spain',@strDefaultValue_CreatedBy, getdate(), @strDefaultValue_ModifiedBy,getdate(),@intRowStatus_Active)
INSERT INTO [dbo].[JumpstationMacroValue]([JumpstationMacroId],[MatchName],[ResultValue],[CreatedBy],[CreatedOn],[ModifiedBy],[ModifiedOn],[RowStatusId])VALUES(18,'0x100c','switzerland',@strDefaultValue_CreatedBy, getdate(), @strDefaultValue_ModifiedBy,getdate(),@intRowStatus_Active)
INSERT INTO [dbo].[JumpstationMacroValue]([JumpstationMacroId],[MatchName],[ResultValue],[CreatedBy],[CreatedOn],[ModifiedBy],[ModifiedOn],[RowStatusId])VALUES(18,'chs','china',@strDefaultValue_CreatedBy, getdate(), @strDefaultValue_ModifiedBy,getdate(),@intRowStatus_Active)
INSERT INTO [dbo].[JumpstationMacroValue]([JumpstationMacroId],[MatchName],[ResultValue],[CreatedBy],[CreatedOn],[ModifiedBy],[ModifiedOn],[RowStatusId])VALUES(18,'cht','taiwan',@strDefaultValue_CreatedBy, getdate(), @strDefaultValue_ModifiedBy,getdate(),@intRowStatus_Active)
INSERT INTO [dbo].[JumpstationMacroValue]([JumpstationMacroId],[MatchName],[ResultValue],[CreatedBy],[CreatedOn],[ModifiedBy],[ModifiedOn],[RowStatusId])VALUES(18,'jpn','japan',@strDefaultValue_CreatedBy, getdate(), @strDefaultValue_ModifiedBy,getdate(),@intRowStatus_Active)
INSERT INTO [dbo].[JumpstationMacroValue]([JumpstationMacroId],[MatchName],[ResultValue],[CreatedBy],[CreatedOn],[ModifiedBy],[ModifiedOn],[RowStatusId])VALUES(18,'kor','korea',@strDefaultValue_CreatedBy, getdate(), @strDefaultValue_ModifiedBy,getdate(),@intRowStatus_Active)

INSERT INTO [dbo].[JumpstationMacroValue]([JumpstationMacroId],[MatchName],[ResultValue],[CreatedBy],[CreatedOn],[ModifiedBy],[ModifiedOn],[RowStatusId])VALUES(19,'chs','13',@strDefaultValue_CreatedBy, getdate(), @strDefaultValue_ModifiedBy,getdate(),@intRowStatus_Active)
INSERT INTO [dbo].[JumpstationMacroValue]([JumpstationMacroId],[MatchName],[ResultValue],[CreatedBy],[CreatedOn],[ModifiedBy],[ModifiedOn],[RowStatusId])VALUES(19,'cht','12',@strDefaultValue_CreatedBy, getdate(), @strDefaultValue_ModifiedBy,getdate(),@intRowStatus_Active)
INSERT INTO [dbo].[JumpstationMacroValue]([JumpstationMacroId],[MatchName],[ResultValue],[CreatedBy],[CreatedOn],[ModifiedBy],[ModifiedOn],[RowStatusId])VALUES(19,'csy','cs',@strDefaultValue_CreatedBy, getdate(), @strDefaultValue_ModifiedBy,getdate(),@intRowStatus_Active)
INSERT INTO [dbo].[JumpstationMacroValue]([JumpstationMacroId],[MatchName],[ResultValue],[CreatedBy],[CreatedOn],[ModifiedBy],[ModifiedOn],[RowStatusId])VALUES(19,'dan','da',@strDefaultValue_CreatedBy, getdate(), @strDefaultValue_ModifiedBy,getdate(),@intRowStatus_Active)
INSERT INTO [dbo].[JumpstationMacroValue]([JumpstationMacroId],[MatchName],[ResultValue],[CreatedBy],[CreatedOn],[ModifiedBy],[ModifiedOn],[RowStatusId])VALUES(19,'deu','de',@strDefaultValue_CreatedBy, getdate(), @strDefaultValue_ModifiedBy,getdate(),@intRowStatus_Active)
INSERT INTO [dbo].[JumpstationMacroValue]([JumpstationMacroId],[MatchName],[ResultValue],[CreatedBy],[CreatedOn],[ModifiedBy],[ModifiedOn],[RowStatusId])VALUES(19,'eng','en',@strDefaultValue_CreatedBy, getdate(), @strDefaultValue_ModifiedBy,getdate(),@intRowStatus_Active)
INSERT INTO [dbo].[JumpstationMacroValue]([JumpstationMacroId],[MatchName],[ResultValue],[CreatedBy],[CreatedOn],[ModifiedBy],[ModifiedOn],[RowStatusId])VALUES(19,'enu','en',@strDefaultValue_CreatedBy, getdate(), @strDefaultValue_ModifiedBy,getdate(),@intRowStatus_Active)
INSERT INTO [dbo].[JumpstationMacroValue]([JumpstationMacroId],[MatchName],[ResultValue],[CreatedBy],[CreatedOn],[ModifiedBy],[ModifiedOn],[RowStatusId])VALUES(19,'esm','es',@strDefaultValue_CreatedBy, getdate(), @strDefaultValue_ModifiedBy,getdate(),@intRowStatus_Active)
INSERT INTO [dbo].[JumpstationMacroValue]([JumpstationMacroId],[MatchName],[ResultValue],[CreatedBy],[CreatedOn],[ModifiedBy],[ModifiedOn],[RowStatusId])VALUES(19,'fin','fi',@strDefaultValue_CreatedBy, getdate(), @strDefaultValue_ModifiedBy,getdate(),@intRowStatus_Active)
INSERT INTO [dbo].[JumpstationMacroValue]([JumpstationMacroId],[MatchName],[ResultValue],[CreatedBy],[CreatedOn],[ModifiedBy],[ModifiedOn],[RowStatusId])VALUES(19,'fra','fr',@strDefaultValue_CreatedBy, getdate(), @strDefaultValue_ModifiedBy,getdate(),@intRowStatus_Active)
INSERT INTO [dbo].[JumpstationMacroValue]([JumpstationMacroId],[MatchName],[ResultValue],[CreatedBy],[CreatedOn],[ModifiedBy],[ModifiedOn],[RowStatusId])VALUES(19,'grk','el',@strDefaultValue_CreatedBy, getdate(), @strDefaultValue_ModifiedBy,getdate(),@intRowStatus_Active)
INSERT INTO [dbo].[JumpstationMacroValue]([JumpstationMacroId],[MatchName],[ResultValue],[CreatedBy],[CreatedOn],[ModifiedBy],[ModifiedOn],[RowStatusId])VALUES(19,'hun','hu',@strDefaultValue_CreatedBy, getdate(), @strDefaultValue_ModifiedBy,getdate(),@intRowStatus_Active)
INSERT INTO [dbo].[JumpstationMacroValue]([JumpstationMacroId],[MatchName],[ResultValue],[CreatedBy],[CreatedOn],[ModifiedBy],[ModifiedOn],[RowStatusId])VALUES(19,'ita','it',@strDefaultValue_CreatedBy, getdate(), @strDefaultValue_ModifiedBy,getdate(),@intRowStatus_Active)
INSERT INTO [dbo].[JumpstationMacroValue]([JumpstationMacroId],[MatchName],[ResultValue],[CreatedBy],[CreatedOn],[ModifiedBy],[ModifiedOn],[RowStatusId])VALUES(19,'jpn','ja',@strDefaultValue_CreatedBy, getdate(), @strDefaultValue_ModifiedBy,getdate(),@intRowStatus_Active)
INSERT INTO [dbo].[JumpstationMacroValue]([JumpstationMacroId],[MatchName],[ResultValue],[CreatedBy],[CreatedOn],[ModifiedBy],[ModifiedOn],[RowStatusId])VALUES(19,'kor','ko',@strDefaultValue_CreatedBy, getdate(), @strDefaultValue_ModifiedBy,getdate(),@intRowStatus_Active)
INSERT INTO [dbo].[JumpstationMacroValue]([JumpstationMacroId],[MatchName],[ResultValue],[CreatedBy],[CreatedOn],[ModifiedBy],[ModifiedOn],[RowStatusId])VALUES(19,'nld','nl',@strDefaultValue_CreatedBy, getdate(), @strDefaultValue_ModifiedBy,getdate(),@intRowStatus_Active)
INSERT INTO [dbo].[JumpstationMacroValue]([JumpstationMacroId],[MatchName],[ResultValue],[CreatedBy],[CreatedOn],[ModifiedBy],[ModifiedOn],[RowStatusId])VALUES(19,'non','no',@strDefaultValue_CreatedBy, getdate(), @strDefaultValue_ModifiedBy,getdate(),@intRowStatus_Active)
INSERT INTO [dbo].[JumpstationMacroValue]([JumpstationMacroId],[MatchName],[ResultValue],[CreatedBy],[CreatedOn],[ModifiedBy],[ModifiedOn],[RowStatusId])VALUES(19,'plk','pl',@strDefaultValue_CreatedBy, getdate(), @strDefaultValue_ModifiedBy,getdate(),@intRowStatus_Active)
INSERT INTO [dbo].[JumpstationMacroValue]([JumpstationMacroId],[MatchName],[ResultValue],[CreatedBy],[CreatedOn],[ModifiedBy],[ModifiedOn],[RowStatusId])VALUES(19,'ptb','pt',@strDefaultValue_CreatedBy, getdate(), @strDefaultValue_ModifiedBy,getdate(),@intRowStatus_Active)
INSERT INTO [dbo].[JumpstationMacroValue]([JumpstationMacroId],[MatchName],[ResultValue],[CreatedBy],[CreatedOn],[ModifiedBy],[ModifiedOn],[RowStatusId])VALUES(19,'rus','ru',@strDefaultValue_CreatedBy, getdate(), @strDefaultValue_ModifiedBy,getdate(),@intRowStatus_Active)
INSERT INTO [dbo].[JumpstationMacroValue]([JumpstationMacroId],[MatchName],[ResultValue],[CreatedBy],[CreatedOn],[ModifiedBy],[ModifiedOn],[RowStatusId])VALUES(19,'svc','sv',@strDefaultValue_CreatedBy, getdate(), @strDefaultValue_ModifiedBy,getdate(),@intRowStatus_Active)
INSERT INTO [dbo].[JumpstationMacroValue]([JumpstationMacroId],[MatchName],[ResultValue],[CreatedBy],[CreatedOn],[ModifiedBy],[ModifiedOn],[RowStatusId])VALUES(19,'tha','th',@strDefaultValue_CreatedBy, getdate(), @strDefaultValue_ModifiedBy,getdate(),@intRowStatus_Active)
INSERT INTO [dbo].[JumpstationMacroValue]([JumpstationMacroId],[MatchName],[ResultValue],[CreatedBy],[CreatedOn],[ModifiedBy],[ModifiedOn],[RowStatusId])VALUES(19,'tur','tr',@strDefaultValue_CreatedBy, getdate(), @strDefaultValue_ModifiedBy,getdate(),@intRowStatus_Active)

INSERT INTO [dbo].[JumpstationMacroValue]([JumpstationMacroId],[MatchName],[ResultValue],[CreatedBy],[CreatedOn],[ModifiedBy],[ModifiedOn],[RowStatusId])VALUES(20,'CHS','chi',@strDefaultValue_CreatedBy, getdate(), @strDefaultValue_ModifiedBy,getdate(),@intRowStatus_Active)
INSERT INTO [dbo].[JumpstationMacroValue]([JumpstationMacroId],[MatchName],[ResultValue],[CreatedBy],[CreatedOn],[ModifiedBy],[ModifiedOn],[RowStatusId])VALUES(20,'cht','chi',@strDefaultValue_CreatedBy, getdate(), @strDefaultValue_ModifiedBy,getdate(),@intRowStatus_Active)
INSERT INTO [dbo].[JumpstationMacroValue]([JumpstationMacroId],[MatchName],[ResultValue],[CreatedBy],[CreatedOn],[ModifiedBy],[ModifiedOn],[RowStatusId])VALUES(20,'CSY','cze',@strDefaultValue_CreatedBy, getdate(), @strDefaultValue_ModifiedBy,getdate(),@intRowStatus_Active)
INSERT INTO [dbo].[JumpstationMacroValue]([JumpstationMacroId],[MatchName],[ResultValue],[CreatedBy],[CreatedOn],[ModifiedBy],[ModifiedOn],[RowStatusId])VALUES(20,'dan','dan',@strDefaultValue_CreatedBy, getdate(), @strDefaultValue_ModifiedBy,getdate(),@intRowStatus_Active)
INSERT INTO [dbo].[JumpstationMacroValue]([JumpstationMacroId],[MatchName],[ResultValue],[CreatedBy],[CreatedOn],[ModifiedBy],[ModifiedOn],[RowStatusId])VALUES(20,'DEA','ger',@strDefaultValue_CreatedBy, getdate(), @strDefaultValue_ModifiedBy,getdate(),@intRowStatus_Active)
INSERT INTO [dbo].[JumpstationMacroValue]([JumpstationMacroId],[MatchName],[ResultValue],[CreatedBy],[CreatedOn],[ModifiedBy],[ModifiedOn],[RowStatusId])VALUES(20,'deu','ger',@strDefaultValue_CreatedBy, getdate(), @strDefaultValue_ModifiedBy,getdate(),@intRowStatus_Active)
INSERT INTO [dbo].[JumpstationMacroValue]([JumpstationMacroId],[MatchName],[ResultValue],[CreatedBy],[CreatedOn],[ModifiedBy],[ModifiedOn],[RowStatusId])VALUES(20,'ELL','gre',@strDefaultValue_CreatedBy, getdate(), @strDefaultValue_ModifiedBy,getdate(),@intRowStatus_Active)
INSERT INTO [dbo].[JumpstationMacroValue]([JumpstationMacroId],[MatchName],[ResultValue],[CreatedBy],[CreatedOn],[ModifiedBy],[ModifiedOn],[RowStatusId])VALUES(20,'ENA','eng',@strDefaultValue_CreatedBy, getdate(), @strDefaultValue_ModifiedBy,getdate(),@intRowStatus_Active)
INSERT INTO [dbo].[JumpstationMacroValue]([JumpstationMacroId],[MatchName],[ResultValue],[CreatedBy],[CreatedOn],[ModifiedBy],[ModifiedOn],[RowStatusId])VALUES(20,'ENU','eng',@strDefaultValue_CreatedBy, getdate(), @strDefaultValue_ModifiedBy,getdate(),@intRowStatus_Active)
INSERT INTO [dbo].[JumpstationMacroValue]([JumpstationMacroId],[MatchName],[ResultValue],[CreatedBy],[CreatedOn],[ModifiedBy],[ModifiedOn],[RowStatusId])VALUES(20,'esm','spa',@strDefaultValue_CreatedBy, getdate(), @strDefaultValue_ModifiedBy,getdate(),@intRowStatus_Active)
INSERT INTO [dbo].[JumpstationMacroValue]([JumpstationMacroId],[MatchName],[ResultValue],[CreatedBy],[CreatedOn],[ModifiedBy],[ModifiedOn],[RowStatusId])VALUES(20,'ESN','spa',@strDefaultValue_CreatedBy, getdate(), @strDefaultValue_ModifiedBy,getdate(),@intRowStatus_Active)
INSERT INTO [dbo].[JumpstationMacroValue]([JumpstationMacroId],[MatchName],[ResultValue],[CreatedBy],[CreatedOn],[ModifiedBy],[ModifiedOn],[RowStatusId])VALUES(20,'esp','spa',@strDefaultValue_CreatedBy, getdate(), @strDefaultValue_ModifiedBy,getdate(),@intRowStatus_Active)
INSERT INTO [dbo].[JumpstationMacroValue]([JumpstationMacroId],[MatchName],[ResultValue],[CreatedBy],[CreatedOn],[ModifiedBy],[ModifiedOn],[RowStatusId])VALUES(20,'FIN','fin',@strDefaultValue_CreatedBy, getdate(), @strDefaultValue_ModifiedBy,getdate(),@intRowStatus_Active)
INSERT INTO [dbo].[JumpstationMacroValue]([JumpstationMacroId],[MatchName],[ResultValue],[CreatedBy],[CreatedOn],[ModifiedBy],[ModifiedOn],[RowStatusId])VALUES(20,'fra','fre',@strDefaultValue_CreatedBy, getdate(), @strDefaultValue_ModifiedBy,getdate(),@intRowStatus_Active)
INSERT INTO [dbo].[JumpstationMacroValue]([JumpstationMacroId],[MatchName],[ResultValue],[CreatedBy],[CreatedOn],[ModifiedBy],[ModifiedOn],[RowStatusId])VALUES(20,'FRB','fre',@strDefaultValue_CreatedBy, getdate(), @strDefaultValue_ModifiedBy,getdate(),@intRowStatus_Active)
INSERT INTO [dbo].[JumpstationMacroValue]([JumpstationMacroId],[MatchName],[ResultValue],[CreatedBy],[CreatedOn],[ModifiedBy],[ModifiedOn],[RowStatusId])VALUES(20,'frc','fre',@strDefaultValue_CreatedBy, getdate(), @strDefaultValue_ModifiedBy,getdate(),@intRowStatus_Active)
INSERT INTO [dbo].[JumpstationMacroValue]([JumpstationMacroId],[MatchName],[ResultValue],[CreatedBy],[CreatedOn],[ModifiedBy],[ModifiedOn],[RowStatusId])VALUES(20,'FRS','fre',@strDefaultValue_CreatedBy, getdate(), @strDefaultValue_ModifiedBy,getdate(),@intRowStatus_Active)
INSERT INTO [dbo].[JumpstationMacroValue]([JumpstationMacroId],[MatchName],[ResultValue],[CreatedBy],[CreatedOn],[ModifiedBy],[ModifiedOn],[RowStatusId])VALUES(20,'GRK','gre',@strDefaultValue_CreatedBy, getdate(), @strDefaultValue_ModifiedBy,getdate(),@intRowStatus_Active)
INSERT INTO [dbo].[JumpstationMacroValue]([JumpstationMacroId],[MatchName],[ResultValue],[CreatedBy],[CreatedOn],[ModifiedBy],[ModifiedOn],[RowStatusId])VALUES(20,'hrv','hr',@strDefaultValue_CreatedBy, getdate(), @strDefaultValue_ModifiedBy,getdate(),@intRowStatus_Active)
INSERT INTO [dbo].[JumpstationMacroValue]([JumpstationMacroId],[MatchName],[ResultValue],[CreatedBy],[CreatedOn],[ModifiedBy],[ModifiedOn],[RowStatusId])VALUES(20,'HUN','hun',@strDefaultValue_CreatedBy, getdate(), @strDefaultValue_ModifiedBy,getdate(),@intRowStatus_Active)
INSERT INTO [dbo].[JumpstationMacroValue]([JumpstationMacroId],[MatchName],[ResultValue],[CreatedBy],[CreatedOn],[ModifiedBy],[ModifiedOn],[RowStatusId])VALUES(20,'ita','ita',@strDefaultValue_CreatedBy, getdate(), @strDefaultValue_ModifiedBy,getdate(),@intRowStatus_Active)
INSERT INTO [dbo].[JumpstationMacroValue]([JumpstationMacroId],[MatchName],[ResultValue],[CreatedBy],[CreatedOn],[ModifiedBy],[ModifiedOn],[RowStatusId])VALUES(20,'JPN','jpn',@strDefaultValue_CreatedBy, getdate(), @strDefaultValue_ModifiedBy,getdate(),@intRowStatus_Active)
INSERT INTO [dbo].[JumpstationMacroValue]([JumpstationMacroId],[MatchName],[ResultValue],[CreatedBy],[CreatedOn],[ModifiedBy],[ModifiedOn],[RowStatusId])VALUES(20,'kor','kor',@strDefaultValue_CreatedBy, getdate(), @strDefaultValue_ModifiedBy,getdate(),@intRowStatus_Active)
INSERT INTO [dbo].[JumpstationMacroValue]([JumpstationMacroId],[MatchName],[ResultValue],[CreatedBy],[CreatedOn],[ModifiedBy],[ModifiedOn],[RowStatusId])VALUES(20,'NLD','dut',@strDefaultValue_CreatedBy, getdate(), @strDefaultValue_ModifiedBy,getdate(),@intRowStatus_Active)
INSERT INTO [dbo].[JumpstationMacroValue]([JumpstationMacroId],[MatchName],[ResultValue],[CreatedBy],[CreatedOn],[ModifiedBy],[ModifiedOn],[RowStatusId])VALUES(20,'nob','nor',@strDefaultValue_CreatedBy, getdate(), @strDefaultValue_ModifiedBy,getdate(),@intRowStatus_Active)
INSERT INTO [dbo].[JumpstationMacroValue]([JumpstationMacroId],[MatchName],[ResultValue],[CreatedBy],[CreatedOn],[ModifiedBy],[ModifiedOn],[RowStatusId])VALUES(20,'NON','nor',@strDefaultValue_CreatedBy, getdate(), @strDefaultValue_ModifiedBy,getdate(),@intRowStatus_Active)
INSERT INTO [dbo].[JumpstationMacroValue]([JumpstationMacroId],[MatchName],[ResultValue],[CreatedBy],[CreatedOn],[ModifiedBy],[ModifiedOn],[RowStatusId])VALUES(20,'nor','nor',@strDefaultValue_CreatedBy, getdate(), @strDefaultValue_ModifiedBy,getdate(),@intRowStatus_Active)
INSERT INTO [dbo].[JumpstationMacroValue]([JumpstationMacroId],[MatchName],[ResultValue],[CreatedBy],[CreatedOn],[ModifiedBy],[ModifiedOn],[RowStatusId])VALUES(20,'PLK','pol',@strDefaultValue_CreatedBy, getdate(), @strDefaultValue_ModifiedBy,getdate(),@intRowStatus_Active)
INSERT INTO [dbo].[JumpstationMacroValue]([JumpstationMacroId],[MatchName],[ResultValue],[CreatedBy],[CreatedOn],[ModifiedBy],[ModifiedOn],[RowStatusId])VALUES(20,'ptb','por',@strDefaultValue_CreatedBy, getdate(), @strDefaultValue_ModifiedBy,getdate(),@intRowStatus_Active)
INSERT INTO [dbo].[JumpstationMacroValue]([JumpstationMacroId],[MatchName],[ResultValue],[CreatedBy],[CreatedOn],[ModifiedBy],[ModifiedOn],[RowStatusId])VALUES(20,'PTG','por',@strDefaultValue_CreatedBy, getdate(), @strDefaultValue_ModifiedBy,getdate(),@intRowStatus_Active)
INSERT INTO [dbo].[JumpstationMacroValue]([JumpstationMacroId],[MatchName],[ResultValue],[CreatedBy],[CreatedOn],[ModifiedBy],[ModifiedOn],[RowStatusId])VALUES(20,'rus','rus',@strDefaultValue_CreatedBy, getdate(), @strDefaultValue_ModifiedBy,getdate(),@intRowStatus_Active)
INSERT INTO [dbo].[JumpstationMacroValue]([JumpstationMacroId],[MatchName],[ResultValue],[CreatedBy],[CreatedOn],[ModifiedBy],[ModifiedOn],[RowStatusId])VALUES(20,'sky','sk',@strDefaultValue_CreatedBy, getdate(), @strDefaultValue_ModifiedBy,getdate(),@intRowStatus_Active)
INSERT INTO [dbo].[JumpstationMacroValue]([JumpstationMacroId],[MatchName],[ResultValue],[CreatedBy],[CreatedOn],[ModifiedBy],[ModifiedOn],[RowStatusId])VALUES(20,'SVC','swe',@strDefaultValue_CreatedBy, getdate(), @strDefaultValue_ModifiedBy,getdate(),@intRowStatus_Active)
INSERT INTO [dbo].[JumpstationMacroValue]([JumpstationMacroId],[MatchName],[ResultValue],[CreatedBy],[CreatedOn],[ModifiedBy],[ModifiedOn],[RowStatusId])VALUES(20,'sve','swe',@strDefaultValue_CreatedBy, getdate(), @strDefaultValue_ModifiedBy,getdate(),@intRowStatus_Active)
INSERT INTO [dbo].[JumpstationMacroValue]([JumpstationMacroId],[MatchName],[ResultValue],[CreatedBy],[CreatedOn],[ModifiedBy],[ModifiedOn],[RowStatusId])VALUES(20,'THA','eng',@strDefaultValue_CreatedBy, getdate(), @strDefaultValue_ModifiedBy,getdate(),@intRowStatus_Active)
INSERT INTO [dbo].[JumpstationMacroValue]([JumpstationMacroId],[MatchName],[ResultValue],[CreatedBy],[CreatedOn],[ModifiedBy],[ModifiedOn],[RowStatusId])VALUES(20,'trk','tur',@strDefaultValue_CreatedBy, getdate(), @strDefaultValue_ModifiedBy,getdate(),@intRowStatus_Active)
INSERT INTO [dbo].[JumpstationMacroValue]([JumpstationMacroId],[MatchName],[ResultValue],[CreatedBy],[CreatedOn],[ModifiedBy],[ModifiedOn],[RowStatusId])VALUES(20,'TUR','tur',@strDefaultValue_CreatedBy, getdate(), @strDefaultValue_ModifiedBy,getdate(),@intRowStatus_Active)
INSERT INTO [dbo].[JumpstationMacroValue]([JumpstationMacroId],[MatchName],[ResultValue],[CreatedBy],[CreatedOn],[ModifiedBy],[ModifiedOn],[RowStatusId])VALUES(20,'zhh','chi',@strDefaultValue_CreatedBy, getdate(), @strDefaultValue_ModifiedBy,getdate(),@intRowStatus_Active)

INSERT INTO [dbo].[JumpstationMacroValue]([JumpstationMacroId],[MatchName],[ResultValue],[CreatedBy],[CreatedOn],[ModifiedBy],[ModifiedOn],[RowStatusId])VALUES(21,'0x0402','bg',@strDefaultValue_CreatedBy, getdate(), @strDefaultValue_ModifiedBy,getdate(),@intRowStatus_Active)
INSERT INTO [dbo].[JumpstationMacroValue]([JumpstationMacroId],[MatchName],[ResultValue],[CreatedBy],[CreatedOn],[ModifiedBy],[ModifiedOn],[RowStatusId])VALUES(21,'0x0404','tw',@strDefaultValue_CreatedBy, getdate(), @strDefaultValue_ModifiedBy,getdate(),@intRowStatus_Active)
INSERT INTO [dbo].[JumpstationMacroValue]([JumpstationMacroId],[MatchName],[ResultValue],[CreatedBy],[CreatedOn],[ModifiedBy],[ModifiedOn],[RowStatusId])VALUES(21,'0x0405','cz',@strDefaultValue_CreatedBy, getdate(), @strDefaultValue_ModifiedBy,getdate(),@intRowStatus_Active)
INSERT INTO [dbo].[JumpstationMacroValue]([JumpstationMacroId],[MatchName],[ResultValue],[CreatedBy],[CreatedOn],[ModifiedBy],[ModifiedOn],[RowStatusId])VALUES(21,'0x0406','dk',@strDefaultValue_CreatedBy, getdate(), @strDefaultValue_ModifiedBy,getdate(),@intRowStatus_Active)
INSERT INTO [dbo].[JumpstationMacroValue]([JumpstationMacroId],[MatchName],[ResultValue],[CreatedBy],[CreatedOn],[ModifiedBy],[ModifiedOn],[RowStatusId])VALUES(21,'0x0407','de',@strDefaultValue_CreatedBy, getdate(), @strDefaultValue_ModifiedBy,getdate(),@intRowStatus_Active)
INSERT INTO [dbo].[JumpstationMacroValue]([JumpstationMacroId],[MatchName],[ResultValue],[CreatedBy],[CreatedOn],[ModifiedBy],[ModifiedOn],[RowStatusId])VALUES(21,'0x0408','gr',@strDefaultValue_CreatedBy, getdate(), @strDefaultValue_ModifiedBy,getdate(),@intRowStatus_Active)
INSERT INTO [dbo].[JumpstationMacroValue]([JumpstationMacroId],[MatchName],[ResultValue],[CreatedBy],[CreatedOn],[ModifiedBy],[ModifiedOn],[RowStatusId])VALUES(21,'0x0409','us',@strDefaultValue_CreatedBy, getdate(), @strDefaultValue_ModifiedBy,getdate(),@intRowStatus_Active)
INSERT INTO [dbo].[JumpstationMacroValue]([JumpstationMacroId],[MatchName],[ResultValue],[CreatedBy],[CreatedOn],[ModifiedBy],[ModifiedOn],[RowStatusId])VALUES(21,'0x040A','es',@strDefaultValue_CreatedBy, getdate(), @strDefaultValue_ModifiedBy,getdate(),@intRowStatus_Active)
INSERT INTO [dbo].[JumpstationMacroValue]([JumpstationMacroId],[MatchName],[ResultValue],[CreatedBy],[CreatedOn],[ModifiedBy],[ModifiedOn],[RowStatusId])VALUES(21,'0x040B','fi',@strDefaultValue_CreatedBy, getdate(), @strDefaultValue_ModifiedBy,getdate(),@intRowStatus_Active)
INSERT INTO [dbo].[JumpstationMacroValue]([JumpstationMacroId],[MatchName],[ResultValue],[CreatedBy],[CreatedOn],[ModifiedBy],[ModifiedOn],[RowStatusId])VALUES(21,'0x040c','fr',@strDefaultValue_CreatedBy, getdate(), @strDefaultValue_ModifiedBy,getdate(),@intRowStatus_Active)
INSERT INTO [dbo].[JumpstationMacroValue]([JumpstationMacroId],[MatchName],[ResultValue],[CreatedBy],[CreatedOn],[ModifiedBy],[ModifiedOn],[RowStatusId])VALUES(21,'0x040e','hu',@strDefaultValue_CreatedBy, getdate(), @strDefaultValue_ModifiedBy,getdate(),@intRowStatus_Active)
INSERT INTO [dbo].[JumpstationMacroValue]([JumpstationMacroId],[MatchName],[ResultValue],[CreatedBy],[CreatedOn],[ModifiedBy],[ModifiedOn],[RowStatusId])VALUES(21,'0x0410','it',@strDefaultValue_CreatedBy, getdate(), @strDefaultValue_ModifiedBy,getdate(),@intRowStatus_Active)
INSERT INTO [dbo].[JumpstationMacroValue]([JumpstationMacroId],[MatchName],[ResultValue],[CreatedBy],[CreatedOn],[ModifiedBy],[ModifiedOn],[RowStatusId])VALUES(21,'0x0411','jp',@strDefaultValue_CreatedBy, getdate(), @strDefaultValue_ModifiedBy,getdate(),@intRowStatus_Active)
INSERT INTO [dbo].[JumpstationMacroValue]([JumpstationMacroId],[MatchName],[ResultValue],[CreatedBy],[CreatedOn],[ModifiedBy],[ModifiedOn],[RowStatusId])VALUES(21,'0x0412','kr',@strDefaultValue_CreatedBy, getdate(), @strDefaultValue_ModifiedBy,getdate(),@intRowStatus_Active)
INSERT INTO [dbo].[JumpstationMacroValue]([JumpstationMacroId],[MatchName],[ResultValue],[CreatedBy],[CreatedOn],[ModifiedBy],[ModifiedOn],[RowStatusId])VALUES(21,'0x0413','nl',@strDefaultValue_CreatedBy, getdate(), @strDefaultValue_ModifiedBy,getdate(),@intRowStatus_Active)
INSERT INTO [dbo].[JumpstationMacroValue]([JumpstationMacroId],[MatchName],[ResultValue],[CreatedBy],[CreatedOn],[ModifiedBy],[ModifiedOn],[RowStatusId])VALUES(21,'0x0414','no',@strDefaultValue_CreatedBy, getdate(), @strDefaultValue_ModifiedBy,getdate(),@intRowStatus_Active)
INSERT INTO [dbo].[JumpstationMacroValue]([JumpstationMacroId],[MatchName],[ResultValue],[CreatedBy],[CreatedOn],[ModifiedBy],[ModifiedOn],[RowStatusId])VALUES(21,'0x0415','pl',@strDefaultValue_CreatedBy, getdate(), @strDefaultValue_ModifiedBy,getdate(),@intRowStatus_Active)
INSERT INTO [dbo].[JumpstationMacroValue]([JumpstationMacroId],[MatchName],[ResultValue],[CreatedBy],[CreatedOn],[ModifiedBy],[ModifiedOn],[RowStatusId])VALUES(21,'0x0416','bz',@strDefaultValue_CreatedBy, getdate(), @strDefaultValue_ModifiedBy,getdate(),@intRowStatus_Active)
INSERT INTO [dbo].[JumpstationMacroValue]([JumpstationMacroId],[MatchName],[ResultValue],[CreatedBy],[CreatedOn],[ModifiedBy],[ModifiedOn],[RowStatusId])VALUES(21,'0x0418','ro',@strDefaultValue_CreatedBy, getdate(), @strDefaultValue_ModifiedBy,getdate(),@intRowStatus_Active)
INSERT INTO [dbo].[JumpstationMacroValue]([JumpstationMacroId],[MatchName],[ResultValue],[CreatedBy],[CreatedOn],[ModifiedBy],[ModifiedOn],[RowStatusId])VALUES(21,'0x0419','ru',@strDefaultValue_CreatedBy, getdate(), @strDefaultValue_ModifiedBy,getdate(),@intRowStatus_Active)
INSERT INTO [dbo].[JumpstationMacroValue]([JumpstationMacroId],[MatchName],[ResultValue],[CreatedBy],[CreatedOn],[ModifiedBy],[ModifiedOn],[RowStatusId])VALUES(21,'0x041a','hr',@strDefaultValue_CreatedBy, getdate(), @strDefaultValue_ModifiedBy,getdate(),@intRowStatus_Active)
INSERT INTO [dbo].[JumpstationMacroValue]([JumpstationMacroId],[MatchName],[ResultValue],[CreatedBy],[CreatedOn],[ModifiedBy],[ModifiedOn],[RowStatusId])VALUES(21,'0x041b','sk',@strDefaultValue_CreatedBy, getdate(), @strDefaultValue_ModifiedBy,getdate(),@intRowStatus_Active)
INSERT INTO [dbo].[JumpstationMacroValue]([JumpstationMacroId],[MatchName],[ResultValue],[CreatedBy],[CreatedOn],[ModifiedBy],[ModifiedOn],[RowStatusId])VALUES(21,'0x041d','se',@strDefaultValue_CreatedBy, getdate(), @strDefaultValue_ModifiedBy,getdate(),@intRowStatus_Active)
INSERT INTO [dbo].[JumpstationMacroValue]([JumpstationMacroId],[MatchName],[ResultValue],[CreatedBy],[CreatedOn],[ModifiedBy],[ModifiedOn],[RowStatusId])VALUES(21,'0x041e','th',@strDefaultValue_CreatedBy, getdate(), @strDefaultValue_ModifiedBy,getdate(),@intRowStatus_Active)
INSERT INTO [dbo].[JumpstationMacroValue]([JumpstationMacroId],[MatchName],[ResultValue],[CreatedBy],[CreatedOn],[ModifiedBy],[ModifiedOn],[RowStatusId])VALUES(21,'0x041f','tr',@strDefaultValue_CreatedBy, getdate(), @strDefaultValue_ModifiedBy,getdate(),@intRowStatus_Active)
INSERT INTO [dbo].[JumpstationMacroValue]([JumpstationMacroId],[MatchName],[ResultValue],[CreatedBy],[CreatedOn],[ModifiedBy],[ModifiedOn],[RowStatusId])VALUES(21,'0x0422','ua',@strDefaultValue_CreatedBy, getdate(), @strDefaultValue_ModifiedBy,getdate(),@intRowStatus_Active)
INSERT INTO [dbo].[JumpstationMacroValue]([JumpstationMacroId],[MatchName],[ResultValue],[CreatedBy],[CreatedOn],[ModifiedBy],[ModifiedOn],[RowStatusId])VALUES(21,'0x0424','sl',@strDefaultValue_CreatedBy, getdate(), @strDefaultValue_ModifiedBy,getdate(),@intRowStatus_Active)
INSERT INTO [dbo].[JumpstationMacroValue]([JumpstationMacroId],[MatchName],[ResultValue],[CreatedBy],[CreatedOn],[ModifiedBy],[ModifiedOn],[RowStatusId])VALUES(21,'0x0425','ee',@strDefaultValue_CreatedBy, getdate(), @strDefaultValue_ModifiedBy,getdate(),@intRowStatus_Active)
INSERT INTO [dbo].[JumpstationMacroValue]([JumpstationMacroId],[MatchName],[ResultValue],[CreatedBy],[CreatedOn],[ModifiedBy],[ModifiedOn],[RowStatusId])VALUES(21,'0x0427','lt',@strDefaultValue_CreatedBy, getdate(), @strDefaultValue_ModifiedBy,getdate(),@intRowStatus_Active)
INSERT INTO [dbo].[JumpstationMacroValue]([JumpstationMacroId],[MatchName],[ResultValue],[CreatedBy],[CreatedOn],[ModifiedBy],[ModifiedOn],[RowStatusId])VALUES(21,'0x0443','uz',@strDefaultValue_CreatedBy, getdate(), @strDefaultValue_ModifiedBy,getdate(),@intRowStatus_Active)
INSERT INTO [dbo].[JumpstationMacroValue]([JumpstationMacroId],[MatchName],[ResultValue],[CreatedBy],[CreatedOn],[ModifiedBy],[ModifiedOn],[RowStatusId])VALUES(21,'0x0804','cn',@strDefaultValue_CreatedBy, getdate(), @strDefaultValue_ModifiedBy,getdate(),@intRowStatus_Active)
INSERT INTO [dbo].[JumpstationMacroValue]([JumpstationMacroId],[MatchName],[ResultValue],[CreatedBy],[CreatedOn],[ModifiedBy],[ModifiedOn],[RowStatusId])VALUES(21,'0x0807','ch',@strDefaultValue_CreatedBy, getdate(), @strDefaultValue_ModifiedBy,getdate(),@intRowStatus_Active)
INSERT INTO [dbo].[JumpstationMacroValue]([JumpstationMacroId],[MatchName],[ResultValue],[CreatedBy],[CreatedOn],[ModifiedBy],[ModifiedOn],[RowStatusId])VALUES(21,'0x0809','uk',@strDefaultValue_CreatedBy, getdate(), @strDefaultValue_ModifiedBy,getdate(),@intRowStatus_Active)
INSERT INTO [dbo].[JumpstationMacroValue]([JumpstationMacroId],[MatchName],[ResultValue],[CreatedBy],[CreatedOn],[ModifiedBy],[ModifiedOn],[RowStatusId])VALUES(21,'0x080c','be',@strDefaultValue_CreatedBy, getdate(), @strDefaultValue_ModifiedBy,getdate(),@intRowStatus_Active)
INSERT INTO [dbo].[JumpstationMacroValue]([JumpstationMacroId],[MatchName],[ResultValue],[CreatedBy],[CreatedOn],[ModifiedBy],[ModifiedOn],[RowStatusId])VALUES(21,'0x0810','ch',@strDefaultValue_CreatedBy, getdate(), @strDefaultValue_ModifiedBy,getdate(),@intRowStatus_Active)
INSERT INTO [dbo].[JumpstationMacroValue]([JumpstationMacroId],[MatchName],[ResultValue],[CreatedBy],[CreatedOn],[ModifiedBy],[ModifiedOn],[RowStatusId])VALUES(21,'0x0812','kr',@strDefaultValue_CreatedBy, getdate(), @strDefaultValue_ModifiedBy,getdate(),@intRowStatus_Active)
INSERT INTO [dbo].[JumpstationMacroValue]([JumpstationMacroId],[MatchName],[ResultValue],[CreatedBy],[CreatedOn],[ModifiedBy],[ModifiedOn],[RowStatusId])VALUES(21,'0x0813','be',@strDefaultValue_CreatedBy, getdate(), @strDefaultValue_ModifiedBy,getdate(),@intRowStatus_Active)
INSERT INTO [dbo].[JumpstationMacroValue]([JumpstationMacroId],[MatchName],[ResultValue],[CreatedBy],[CreatedOn],[ModifiedBy],[ModifiedOn],[RowStatusId])VALUES(21,'0x0814','no',@strDefaultValue_CreatedBy, getdate(), @strDefaultValue_ModifiedBy,getdate(),@intRowStatus_Active)
INSERT INTO [dbo].[JumpstationMacroValue]([JumpstationMacroId],[MatchName],[ResultValue],[CreatedBy],[CreatedOn],[ModifiedBy],[ModifiedOn],[RowStatusId])VALUES(21,'0x0816','pt',@strDefaultValue_CreatedBy, getdate(), @strDefaultValue_ModifiedBy,getdate(),@intRowStatus_Active)
INSERT INTO [dbo].[JumpstationMacroValue]([JumpstationMacroId],[MatchName],[ResultValue],[CreatedBy],[CreatedOn],[ModifiedBy],[ModifiedOn],[RowStatusId])VALUES(21,'0x081d','fi',@strDefaultValue_CreatedBy, getdate(), @strDefaultValue_ModifiedBy,getdate(),@intRowStatus_Active)
INSERT INTO [dbo].[JumpstationMacroValue]([JumpstationMacroId],[MatchName],[ResultValue],[CreatedBy],[CreatedOn],[ModifiedBy],[ModifiedOn],[RowStatusId])VALUES(21,'0x0827','lt',@strDefaultValue_CreatedBy, getdate(), @strDefaultValue_ModifiedBy,getdate(),@intRowStatus_Active)
INSERT INTO [dbo].[JumpstationMacroValue]([JumpstationMacroId],[MatchName],[ResultValue],[CreatedBy],[CreatedOn],[ModifiedBy],[ModifiedOn],[RowStatusId])VALUES(21,'0x0843','uz',@strDefaultValue_CreatedBy, getdate(), @strDefaultValue_ModifiedBy,getdate(),@intRowStatus_Active)
INSERT INTO [dbo].[JumpstationMacroValue]([JumpstationMacroId],[MatchName],[ResultValue],[CreatedBy],[CreatedOn],[ModifiedBy],[ModifiedOn],[RowStatusId])VALUES(21,'0x0C04','tw',@strDefaultValue_CreatedBy, getdate(), @strDefaultValue_ModifiedBy,getdate(),@intRowStatus_Active)
INSERT INTO [dbo].[JumpstationMacroValue]([JumpstationMacroId],[MatchName],[ResultValue],[CreatedBy],[CreatedOn],[ModifiedBy],[ModifiedOn],[RowStatusId])VALUES(21,'0x0c07','at',@strDefaultValue_CreatedBy, getdate(), @strDefaultValue_ModifiedBy,getdate(),@intRowStatus_Active)
INSERT INTO [dbo].[JumpstationMacroValue]([JumpstationMacroId],[MatchName],[ResultValue],[CreatedBy],[CreatedOn],[ModifiedBy],[ModifiedOn],[RowStatusId])VALUES(21,'0x0c09','au',@strDefaultValue_CreatedBy, getdate(), @strDefaultValue_ModifiedBy,getdate(),@intRowStatus_Active)
INSERT INTO [dbo].[JumpstationMacroValue]([JumpstationMacroId],[MatchName],[ResultValue],[CreatedBy],[CreatedOn],[ModifiedBy],[ModifiedOn],[RowStatusId])VALUES(21,'0x0c0a','es',@strDefaultValue_CreatedBy, getdate(), @strDefaultValue_ModifiedBy,getdate(),@intRowStatus_Active)
INSERT INTO [dbo].[JumpstationMacroValue]([JumpstationMacroId],[MatchName],[ResultValue],[CreatedBy],[CreatedOn],[ModifiedBy],[ModifiedOn],[RowStatusId])VALUES(21,'0x0c0c','ca',@strDefaultValue_CreatedBy, getdate(), @strDefaultValue_ModifiedBy,getdate(),@intRowStatus_Active)
INSERT INTO [dbo].[JumpstationMacroValue]([JumpstationMacroId],[MatchName],[ResultValue],[CreatedBy],[CreatedOn],[ModifiedBy],[ModifiedOn],[RowStatusId])VALUES(21,'0x1004','cn',@strDefaultValue_CreatedBy, getdate(), @strDefaultValue_ModifiedBy,getdate(),@intRowStatus_Active)
INSERT INTO [dbo].[JumpstationMacroValue]([JumpstationMacroId],[MatchName],[ResultValue],[CreatedBy],[CreatedOn],[ModifiedBy],[ModifiedOn],[RowStatusId])VALUES(21,'0x1009','ca',@strDefaultValue_CreatedBy, getdate(), @strDefaultValue_ModifiedBy,getdate(),@intRowStatus_Active)
INSERT INTO [dbo].[JumpstationMacroValue]([JumpstationMacroId],[MatchName],[ResultValue],[CreatedBy],[CreatedOn],[ModifiedBy],[ModifiedOn],[RowStatusId])VALUES(21,'0x100C','ch',@strDefaultValue_CreatedBy, getdate(), @strDefaultValue_ModifiedBy,getdate(),@intRowStatus_Active)
INSERT INTO [dbo].[JumpstationMacroValue]([JumpstationMacroId],[MatchName],[ResultValue],[CreatedBy],[CreatedOn],[ModifiedBy],[ModifiedOn],[RowStatusId])VALUES(21,'0x1404','tw',@strDefaultValue_CreatedBy, getdate(), @strDefaultValue_ModifiedBy,getdate(),@intRowStatus_Active)
INSERT INTO [dbo].[JumpstationMacroValue]([JumpstationMacroId],[MatchName],[ResultValue],[CreatedBy],[CreatedOn],[ModifiedBy],[ModifiedOn],[RowStatusId])VALUES(21,'0x1809','ie',@strDefaultValue_CreatedBy, getdate(), @strDefaultValue_ModifiedBy,getdate(),@intRowStatus_Active)

INSERT INTO [dbo].[JumpstationMacroValue]([JumpstationMacroId],[MatchName],[ResultValue],[CreatedBy],[CreatedOn],[ModifiedBy],[ModifiedOn],[RowStatusId])VALUES(22,'0x0406','dk_da',@strDefaultValue_CreatedBy, getdate(), @strDefaultValue_ModifiedBy,getdate(),@intRowStatus_Active)
INSERT INTO [dbo].[JumpstationMacroValue]([JumpstationMacroId],[MatchName],[ResultValue],[CreatedBy],[CreatedOn],[ModifiedBy],[ModifiedOn],[RowStatusId])VALUES(22,'0x040b','fi_fi',@strDefaultValue_CreatedBy, getdate(), @strDefaultValue_ModifiedBy,getdate(),@intRowStatus_Active)
INSERT INTO [dbo].[JumpstationMacroValue]([JumpstationMacroId],[MatchName],[ResultValue],[CreatedBy],[CreatedOn],[ModifiedBy],[ModifiedOn],[RowStatusId])VALUES(22,'0x040c','fr_fr',@strDefaultValue_CreatedBy, getdate(), @strDefaultValue_ModifiedBy,getdate(),@intRowStatus_Active)
INSERT INTO [dbo].[JumpstationMacroValue]([JumpstationMacroId],[MatchName],[ResultValue],[CreatedBy],[CreatedOn],[ModifiedBy],[ModifiedOn],[RowStatusId])VALUES(22,'0x0410','it_it',@strDefaultValue_CreatedBy, getdate(), @strDefaultValue_ModifiedBy,getdate(),@intRowStatus_Active)
INSERT INTO [dbo].[JumpstationMacroValue]([JumpstationMacroId],[MatchName],[ResultValue],[CreatedBy],[CreatedOn],[ModifiedBy],[ModifiedOn],[RowStatusId])VALUES(22,'0x0413','nl_nl',@strDefaultValue_CreatedBy, getdate(), @strDefaultValue_ModifiedBy,getdate(),@intRowStatus_Active)
INSERT INTO [dbo].[JumpstationMacroValue]([JumpstationMacroId],[MatchName],[ResultValue],[CreatedBy],[CreatedOn],[ModifiedBy],[ModifiedOn],[RowStatusId])VALUES(22,'0x0414','no_no',@strDefaultValue_CreatedBy, getdate(), @strDefaultValue_ModifiedBy,getdate(),@intRowStatus_Active)
INSERT INTO [dbo].[JumpstationMacroValue]([JumpstationMacroId],[MatchName],[ResultValue],[CreatedBy],[CreatedOn],[ModifiedBy],[ModifiedOn],[RowStatusId])VALUES(22,'0x041d','se_sv',@strDefaultValue_CreatedBy, getdate(), @strDefaultValue_ModifiedBy,getdate(),@intRowStatus_Active)
INSERT INTO [dbo].[JumpstationMacroValue]([JumpstationMacroId],[MatchName],[ResultValue],[CreatedBy],[CreatedOn],[ModifiedBy],[ModifiedOn],[RowStatusId])VALUES(22,'0x0807','ch_de',@strDefaultValue_CreatedBy, getdate(), @strDefaultValue_ModifiedBy,getdate(),@intRowStatus_Active)
INSERT INTO [dbo].[JumpstationMacroValue]([JumpstationMacroId],[MatchName],[ResultValue],[CreatedBy],[CreatedOn],[ModifiedBy],[ModifiedOn],[RowStatusId])VALUES(22,'0x0809','ie_en',@strDefaultValue_CreatedBy, getdate(), @strDefaultValue_ModifiedBy,getdate(),@intRowStatus_Active)
INSERT INTO [dbo].[JumpstationMacroValue]([JumpstationMacroId],[MatchName],[ResultValue],[CreatedBy],[CreatedOn],[ModifiedBy],[ModifiedOn],[RowStatusId])VALUES(22,'0x080c','be_fr',@strDefaultValue_CreatedBy, getdate(), @strDefaultValue_ModifiedBy,getdate(),@intRowStatus_Active)
INSERT INTO [dbo].[JumpstationMacroValue]([JumpstationMacroId],[MatchName],[ResultValue],[CreatedBy],[CreatedOn],[ModifiedBy],[ModifiedOn],[RowStatusId])VALUES(22,'0x0810','ch_de',@strDefaultValue_CreatedBy, getdate(), @strDefaultValue_ModifiedBy,getdate(),@intRowStatus_Active)
INSERT INTO [dbo].[JumpstationMacroValue]([JumpstationMacroId],[MatchName],[ResultValue],[CreatedBy],[CreatedOn],[ModifiedBy],[ModifiedOn],[RowStatusId])VALUES(22,'0x0813','be_nl',@strDefaultValue_CreatedBy, getdate(), @strDefaultValue_ModifiedBy,getdate(),@intRowStatus_Active)
INSERT INTO [dbo].[JumpstationMacroValue]([JumpstationMacroId],[MatchName],[ResultValue],[CreatedBy],[CreatedOn],[ModifiedBy],[ModifiedOn],[RowStatusId])VALUES(22,'0x0816','pt_pt',@strDefaultValue_CreatedBy, getdate(), @strDefaultValue_ModifiedBy,getdate(),@intRowStatus_Active)
INSERT INTO [dbo].[JumpstationMacroValue]([JumpstationMacroId],[MatchName],[ResultValue],[CreatedBy],[CreatedOn],[ModifiedBy],[ModifiedOn],[RowStatusId])VALUES(22,'0x081d','fi_fi',@strDefaultValue_CreatedBy, getdate(), @strDefaultValue_ModifiedBy,getdate(),@intRowStatus_Active)
INSERT INTO [dbo].[JumpstationMacroValue]([JumpstationMacroId],[MatchName],[ResultValue],[CreatedBy],[CreatedOn],[ModifiedBy],[ModifiedOn],[RowStatusId])VALUES(22,'0x0c07','de_de',@strDefaultValue_CreatedBy, getdate(), @strDefaultValue_ModifiedBy,getdate(),@intRowStatus_Active)
INSERT INTO [dbo].[JumpstationMacroValue]([JumpstationMacroId],[MatchName],[ResultValue],[CreatedBy],[CreatedOn],[ModifiedBy],[ModifiedOn],[RowStatusId])VALUES(22,'0x1007','be_fr',@strDefaultValue_CreatedBy, getdate(), @strDefaultValue_ModifiedBy,getdate(),@intRowStatus_Active)
INSERT INTO [dbo].[JumpstationMacroValue]([JumpstationMacroId],[MatchName],[ResultValue],[CreatedBy],[CreatedOn],[ModifiedBy],[ModifiedOn],[RowStatusId])VALUES(22,'0x100c','ch_fr',@strDefaultValue_CreatedBy, getdate(), @strDefaultValue_ModifiedBy,getdate(),@intRowStatus_Active)
INSERT INTO [dbo].[JumpstationMacroValue]([JumpstationMacroId],[MatchName],[ResultValue],[CreatedBy],[CreatedOn],[ModifiedBy],[ModifiedOn],[RowStatusId])VALUES(22,'0x140c','be_fr',@strDefaultValue_CreatedBy, getdate(), @strDefaultValue_ModifiedBy,getdate(),@intRowStatus_Active)
INSERT INTO [dbo].[JumpstationMacroValue]([JumpstationMacroId],[MatchName],[ResultValue],[CreatedBy],[CreatedOn],[ModifiedBy],[ModifiedOn],[RowStatusId])VALUES(22,'0x1809','ie_en',@strDefaultValue_CreatedBy, getdate(), @strDefaultValue_ModifiedBy,getdate(),@intRowStatus_Active)

INSERT INTO [dbo].[JumpstationMacroValue]([JumpstationMacroId],[MatchName],[ResultValue],[CreatedBy],[CreatedOn],[ModifiedBy],[ModifiedOn],[RowStatusId])VALUES(23,'0x0406','3',@strDefaultValue_CreatedBy, getdate(), @strDefaultValue_ModifiedBy,getdate(),@intRowStatus_Active)
INSERT INTO [dbo].[JumpstationMacroValue]([JumpstationMacroId],[MatchName],[ResultValue],[CreatedBy],[CreatedOn],[ModifiedBy],[ModifiedOn],[RowStatusId])VALUES(23,'0x040b','5',@strDefaultValue_CreatedBy, getdate(), @strDefaultValue_ModifiedBy,getdate(),@intRowStatus_Active)
INSERT INTO [dbo].[JumpstationMacroValue]([JumpstationMacroId],[MatchName],[ResultValue],[CreatedBy],[CreatedOn],[ModifiedBy],[ModifiedOn],[RowStatusId])VALUES(23,'0x040c','6',@strDefaultValue_CreatedBy, getdate(), @strDefaultValue_ModifiedBy,getdate(),@intRowStatus_Active)
INSERT INTO [dbo].[JumpstationMacroValue]([JumpstationMacroId],[MatchName],[ResultValue],[CreatedBy],[CreatedOn],[ModifiedBy],[ModifiedOn],[RowStatusId])VALUES(23,'0x0410','8',@strDefaultValue_CreatedBy, getdate(), @strDefaultValue_ModifiedBy,getdate(),@intRowStatus_Active)
INSERT INTO [dbo].[JumpstationMacroValue]([JumpstationMacroId],[MatchName],[ResultValue],[CreatedBy],[CreatedOn],[ModifiedBy],[ModifiedOn],[RowStatusId])VALUES(23,'0x0413','9',@strDefaultValue_CreatedBy, getdate(), @strDefaultValue_ModifiedBy,getdate(),@intRowStatus_Active)
INSERT INTO [dbo].[JumpstationMacroValue]([JumpstationMacroId],[MatchName],[ResultValue],[CreatedBy],[CreatedOn],[ModifiedBy],[ModifiedOn],[RowStatusId])VALUES(23,'0x0414','10',@strDefaultValue_CreatedBy, getdate(), @strDefaultValue_ModifiedBy,getdate(),@intRowStatus_Active)
INSERT INTO [dbo].[JumpstationMacroValue]([JumpstationMacroId],[MatchName],[ResultValue],[CreatedBy],[CreatedOn],[ModifiedBy],[ModifiedOn],[RowStatusId])VALUES(23,'0x041d','13',@strDefaultValue_CreatedBy, getdate(), @strDefaultValue_ModifiedBy,getdate(),@intRowStatus_Active)
INSERT INTO [dbo].[JumpstationMacroValue]([JumpstationMacroId],[MatchName],[ResultValue],[CreatedBy],[CreatedOn],[ModifiedBy],[ModifiedOn],[RowStatusId])VALUES(23,'0x0807','14',@strDefaultValue_CreatedBy, getdate(), @strDefaultValue_ModifiedBy,getdate(),@intRowStatus_Active)
INSERT INTO [dbo].[JumpstationMacroValue]([JumpstationMacroId],[MatchName],[ResultValue],[CreatedBy],[CreatedOn],[ModifiedBy],[ModifiedOn],[RowStatusId])VALUES(23,'0x0809','15',@strDefaultValue_CreatedBy, getdate(), @strDefaultValue_ModifiedBy,getdate(),@intRowStatus_Active)
INSERT INTO [dbo].[JumpstationMacroValue]([JumpstationMacroId],[MatchName],[ResultValue],[CreatedBy],[CreatedOn],[ModifiedBy],[ModifiedOn],[RowStatusId])VALUES(23,'0x080c','2',@strDefaultValue_CreatedBy, getdate(), @strDefaultValue_ModifiedBy,getdate(),@intRowStatus_Active)
INSERT INTO [dbo].[JumpstationMacroValue]([JumpstationMacroId],[MatchName],[ResultValue],[CreatedBy],[CreatedOn],[ModifiedBy],[ModifiedOn],[RowStatusId])VALUES(23,'0x0810','14',@strDefaultValue_CreatedBy, getdate(), @strDefaultValue_ModifiedBy,getdate(),@intRowStatus_Active)
INSERT INTO [dbo].[JumpstationMacroValue]([JumpstationMacroId],[MatchName],[ResultValue],[CreatedBy],[CreatedOn],[ModifiedBy],[ModifiedOn],[RowStatusId])VALUES(23,'0x0813','2',@strDefaultValue_CreatedBy, getdate(), @strDefaultValue_ModifiedBy,getdate(),@intRowStatus_Active)
INSERT INTO [dbo].[JumpstationMacroValue]([JumpstationMacroId],[MatchName],[ResultValue],[CreatedBy],[CreatedOn],[ModifiedBy],[ModifiedOn],[RowStatusId])VALUES(23,'0x0816','11',@strDefaultValue_CreatedBy, getdate(), @strDefaultValue_ModifiedBy,getdate(),@intRowStatus_Active)
INSERT INTO [dbo].[JumpstationMacroValue]([JumpstationMacroId],[MatchName],[ResultValue],[CreatedBy],[CreatedOn],[ModifiedBy],[ModifiedOn],[RowStatusId])VALUES(23,'0x081d','5',@strDefaultValue_CreatedBy, getdate(), @strDefaultValue_ModifiedBy,getdate(),@intRowStatus_Active)
INSERT INTO [dbo].[JumpstationMacroValue]([JumpstationMacroId],[MatchName],[ResultValue],[CreatedBy],[CreatedOn],[ModifiedBy],[ModifiedOn],[RowStatusId])VALUES(23,'0x0c07','1',@strDefaultValue_CreatedBy, getdate(), @strDefaultValue_ModifiedBy,getdate(),@intRowStatus_Active)
INSERT INTO [dbo].[JumpstationMacroValue]([JumpstationMacroId],[MatchName],[ResultValue],[CreatedBy],[CreatedOn],[ModifiedBy],[ModifiedOn],[RowStatusId])VALUES(23,'0x1007','2',@strDefaultValue_CreatedBy, getdate(), @strDefaultValue_ModifiedBy,getdate(),@intRowStatus_Active)
INSERT INTO [dbo].[JumpstationMacroValue]([JumpstationMacroId],[MatchName],[ResultValue],[CreatedBy],[CreatedOn],[ModifiedBy],[ModifiedOn],[RowStatusId])VALUES(23,'0x100c','14',@strDefaultValue_CreatedBy, getdate(), @strDefaultValue_ModifiedBy,getdate(),@intRowStatus_Active)
INSERT INTO [dbo].[JumpstationMacroValue]([JumpstationMacroId],[MatchName],[ResultValue],[CreatedBy],[CreatedOn],[ModifiedBy],[ModifiedOn],[RowStatusId])VALUES(23,'0x140c','2',@strDefaultValue_CreatedBy, getdate(), @strDefaultValue_ModifiedBy,getdate(),@intRowStatus_Active)
INSERT INTO [dbo].[JumpstationMacroValue]([JumpstationMacroId],[MatchName],[ResultValue],[CreatedBy],[CreatedOn],[ModifiedBy],[ModifiedOn],[RowStatusId])VALUES(23,'0x1809','4',@strDefaultValue_CreatedBy, getdate(), @strDefaultValue_ModifiedBy,getdate(),@intRowStatus_Active)

INSERT INTO [dbo].[JumpstationMacroValue]([JumpstationMacroId],[MatchName],[ResultValue],[CreatedBy],[CreatedOn],[ModifiedBy],[ModifiedOn],[RowStatusId])VALUES(24,'langid','$maprgncntry(langid)$/$mapisolang(lang)$',@strDefaultValue_CreatedBy, getdate(), @strDefaultValue_ModifiedBy,getdate(),@intRowStatus_Active)
INSERT INTO [dbo].[JumpstationMacroValue]([JumpstationMacroId],[MatchName],[ResultValue],[CreatedBy],[CreatedOn],[ModifiedBy],[ModifiedOn],[RowStatusId])VALUES(25,null,'$http_protocol$register.hp.com/servlet/WebReg.servlets.ProdSelServlet?appID=java_wreg_wreg_genpg&language=$mapiso2lang(lang)$&PRODUCT_TYPE=Printers&PRODUCT_FAMILY=HP+Deskjet+Printers&PRODUCT_NAME=HP+Deskjet+$product$+Printer',@strDefaultValue_CreatedBy, getdate(), @strDefaultValue_ModifiedBy,getdate(),@intRowStatus_Active)
INSERT INTO [dbo].[JumpstationMacroValue]([JumpstationMacroId],[MatchName],[ResultValue],[CreatedBy],[CreatedOn],[ModifiedBy],[ModifiedOn],[RowStatusId])VALUES(26,null,'register.hp.com',@strDefaultValue_CreatedBy, getdate(), @strDefaultValue_ModifiedBy,getdate(),@intRowStatus_Active)
INSERT INTO [dbo].[JumpstationMacroValue]([JumpstationMacroId],[MatchName],[ResultValue],[CreatedBy],[CreatedOn],[ModifiedBy],[ModifiedOn],[RowStatusId])VALUES(27,null,'vdccnzproh.houston.hp.com',@strDefaultValue_CreatedBy, getdate(), @strDefaultValue_ModifiedBy,getdate(),@intRowStatus_Active)
INSERT INTO [dbo].[JumpstationMacroValue]([JumpstationMacroId],[MatchName],[ResultValue],[CreatedBy],[CreatedOn],[ModifiedBy],[ModifiedOn],[RowStatusId])VALUES(28,null,'lang=$lang$&cc=$cc$&modelId=$modelId$&prod_serial_id=$prod_serial_id$&application=934&soft_build=$soft_build$&bom_soft=$bom_soft$',@strDefaultValue_CreatedBy, getdate(), @strDefaultValue_ModifiedBy,getdate(),@intRowStatus_Active)
INSERT INTO [dbo].[JumpstationMacroValue]([JumpstationMacroId],[MatchName],[ResultValue],[CreatedBy],[CreatedOn],[ModifiedBy],[ModifiedOn],[RowStatusId])VALUES(29,null,'$http_protocol$test.register.hp.com/servlet/WebReg.servlets.ProdSelServlet?appID=java_wreg_wreg_genpg&language=$mapiso2lang(lang)$&PRODUCT_TYPE=Printers&PRODUCT_FAMILY=HP+Deskjet+Printers&PRODUCT_NAME=HP+Deskjet+$product$+Printer',@strDefaultValue_CreatedBy, getdate(), @strDefaultValue_ModifiedBy,getdate(),@intRowStatus_Active)

INSERT INTO [dbo].[JumpstationMacroValue]([JumpstationMacroId],[MatchName],[ResultValue],[CreatedBy],[CreatedOn],[ModifiedBy],[ModifiedOn],[RowStatusId])VALUES(30,'01','01',@strDefaultValue_CreatedBy, getdate(), @strDefaultValue_ModifiedBy,getdate(),@intRowStatus_Active)
INSERT INTO [dbo].[JumpstationMacroValue]([JumpstationMacroId],[MatchName],[ResultValue],[CreatedBy],[CreatedOn],[ModifiedBy],[ModifiedOn],[RowStatusId])VALUES(30,'02','02',@strDefaultValue_CreatedBy, getdate(), @strDefaultValue_ModifiedBy,getdate(),@intRowStatus_Active)
INSERT INTO [dbo].[JumpstationMacroValue]([JumpstationMacroId],[MatchName],[ResultValue],[CreatedBy],[CreatedOn],[ModifiedBy],[ModifiedOn],[RowStatusId])VALUES(30,'03','03',@strDefaultValue_CreatedBy, getdate(), @strDefaultValue_ModifiedBy,getdate(),@intRowStatus_Active)
INSERT INTO [dbo].[JumpstationMacroValue]([JumpstationMacroId],[MatchName],[ResultValue],[CreatedBy],[CreatedOn],[ModifiedBy],[ModifiedOn],[RowStatusId])VALUES(30,'04','04',@strDefaultValue_CreatedBy, getdate(), @strDefaultValue_ModifiedBy,getdate(),@intRowStatus_Active)
INSERT INTO [dbo].[JumpstationMacroValue]([JumpstationMacroId],[MatchName],[ResultValue],[CreatedBy],[CreatedOn],[ModifiedBy],[ModifiedOn],[RowStatusId])VALUES(30,'05','05',@strDefaultValue_CreatedBy, getdate(), @strDefaultValue_ModifiedBy,getdate(),@intRowStatus_Active)
INSERT INTO [dbo].[JumpstationMacroValue]([JumpstationMacroId],[MatchName],[ResultValue],[CreatedBy],[CreatedOn],[ModifiedBy],[ModifiedOn],[RowStatusId])VALUES(30,'06','06',@strDefaultValue_CreatedBy, getdate(), @strDefaultValue_ModifiedBy,getdate(),@intRowStatus_Active)
INSERT INTO [dbo].[JumpstationMacroValue]([JumpstationMacroId],[MatchName],[ResultValue],[CreatedBy],[CreatedOn],[ModifiedBy],[ModifiedOn],[RowStatusId])VALUES(30,'07','07',@strDefaultValue_CreatedBy, getdate(), @strDefaultValue_ModifiedBy,getdate(),@intRowStatus_Active)
INSERT INTO [dbo].[JumpstationMacroValue]([JumpstationMacroId],[MatchName],[ResultValue],[CreatedBy],[CreatedOn],[ModifiedBy],[ModifiedOn],[RowStatusId])VALUES(30,'08','08',@strDefaultValue_CreatedBy, getdate(), @strDefaultValue_ModifiedBy,getdate(),@intRowStatus_Active)
INSERT INTO [dbo].[JumpstationMacroValue]([JumpstationMacroId],[MatchName],[ResultValue],[CreatedBy],[CreatedOn],[ModifiedBy],[ModifiedOn],[RowStatusId])VALUES(30,'09','09',@strDefaultValue_CreatedBy, getdate(), @strDefaultValue_ModifiedBy,getdate(),@intRowStatus_Active)
INSERT INTO [dbo].[JumpstationMacroValue]([JumpstationMacroId],[MatchName],[ResultValue],[CreatedBy],[CreatedOn],[ModifiedBy],[ModifiedOn],[RowStatusId])VALUES(30,'10','10',@strDefaultValue_CreatedBy, getdate(), @strDefaultValue_ModifiedBy,getdate(),@intRowStatus_Active)
INSERT INTO [dbo].[JumpstationMacroValue]([JumpstationMacroId],[MatchName],[ResultValue],[CreatedBy],[CreatedOn],[ModifiedBy],[ModifiedOn],[RowStatusId])VALUES(30,'11','11',@strDefaultValue_CreatedBy, getdate(), @strDefaultValue_ModifiedBy,getdate(),@intRowStatus_Active)
INSERT INTO [dbo].[JumpstationMacroValue]([JumpstationMacroId],[MatchName],[ResultValue],[CreatedBy],[CreatedOn],[ModifiedBy],[ModifiedOn],[RowStatusId])VALUES(30,'12','12',@strDefaultValue_CreatedBy, getdate(), @strDefaultValue_ModifiedBy,getdate(),@intRowStatus_Active)
INSERT INTO [dbo].[JumpstationMacroValue]([JumpstationMacroId],[MatchName],[ResultValue],[CreatedBy],[CreatedOn],[ModifiedBy],[ModifiedOn],[RowStatusId])VALUES(30,'13','13',@strDefaultValue_CreatedBy, getdate(), @strDefaultValue_ModifiedBy,getdate(),@intRowStatus_Active)
INSERT INTO [dbo].[JumpstationMacroValue]([JumpstationMacroId],[MatchName],[ResultValue],[CreatedBy],[CreatedOn],[ModifiedBy],[ModifiedOn],[RowStatusId])VALUES(30,'14','14',@strDefaultValue_CreatedBy, getdate(), @strDefaultValue_ModifiedBy,getdate(),@intRowStatus_Active)
INSERT INTO [dbo].[JumpstationMacroValue]([JumpstationMacroId],[MatchName],[ResultValue],[CreatedBy],[CreatedOn],[ModifiedBy],[ModifiedOn],[RowStatusId])VALUES(30,'15','15',@strDefaultValue_CreatedBy, getdate(), @strDefaultValue_ModifiedBy,getdate(),@intRowStatus_Active)
INSERT INTO [dbo].[JumpstationMacroValue]([JumpstationMacroId],[MatchName],[ResultValue],[CreatedBy],[CreatedOn],[ModifiedBy],[ModifiedOn],[RowStatusId])VALUES(30,'16','16',@strDefaultValue_CreatedBy, getdate(), @strDefaultValue_ModifiedBy,getdate(),@intRowStatus_Active)
INSERT INTO [dbo].[JumpstationMacroValue]([JumpstationMacroId],[MatchName],[ResultValue],[CreatedBy],[CreatedOn],[ModifiedBy],[ModifiedOn],[RowStatusId])VALUES(30,'17','17',@strDefaultValue_CreatedBy, getdate(), @strDefaultValue_ModifiedBy,getdate(),@intRowStatus_Active)
INSERT INTO [dbo].[JumpstationMacroValue]([JumpstationMacroId],[MatchName],[ResultValue],[CreatedBy],[CreatedOn],[ModifiedBy],[ModifiedOn],[RowStatusId])VALUES(30,'18','18',@strDefaultValue_CreatedBy, getdate(), @strDefaultValue_ModifiedBy,getdate(),@intRowStatus_Active)
INSERT INTO [dbo].[JumpstationMacroValue]([JumpstationMacroId],[MatchName],[ResultValue],[CreatedBy],[CreatedOn],[ModifiedBy],[ModifiedOn],[RowStatusId])VALUES(30,'19','19',@strDefaultValue_CreatedBy, getdate(), @strDefaultValue_ModifiedBy,getdate(),@intRowStatus_Active)
INSERT INTO [dbo].[JumpstationMacroValue]([JumpstationMacroId],[MatchName],[ResultValue],[CreatedBy],[CreatedOn],[ModifiedBy],[ModifiedOn],[RowStatusId])VALUES(30,'20','20',@strDefaultValue_CreatedBy, getdate(), @strDefaultValue_ModifiedBy,getdate(),@intRowStatus_Active)
INSERT INTO [dbo].[JumpstationMacroValue]([JumpstationMacroId],[MatchName],[ResultValue],[CreatedBy],[CreatedOn],[ModifiedBy],[ModifiedOn],[RowStatusId])VALUES(30,'21','21',@strDefaultValue_CreatedBy, getdate(), @strDefaultValue_ModifiedBy,getdate(),@intRowStatus_Active)
INSERT INTO [dbo].[JumpstationMacroValue]([JumpstationMacroId],[MatchName],[ResultValue],[CreatedBy],[CreatedOn],[ModifiedBy],[ModifiedOn],[RowStatusId])VALUES(30,'22','22',@strDefaultValue_CreatedBy, getdate(), @strDefaultValue_ModifiedBy,getdate(),@intRowStatus_Active)
INSERT INTO [dbo].[JumpstationMacroValue]([JumpstationMacroId],[MatchName],[ResultValue],[CreatedBy],[CreatedOn],[ModifiedBy],[ModifiedOn],[RowStatusId])VALUES(30,'23','23',@strDefaultValue_CreatedBy, getdate(), @strDefaultValue_ModifiedBy,getdate(),@intRowStatus_Active)
INSERT INTO [dbo].[JumpstationMacroValue]([JumpstationMacroId],[MatchName],[ResultValue],[CreatedBy],[CreatedOn],[ModifiedBy],[ModifiedOn],[RowStatusId])VALUES(30,'24','24',@strDefaultValue_CreatedBy, getdate(), @strDefaultValue_ModifiedBy,getdate(),@intRowStatus_Active)
INSERT INTO [dbo].[JumpstationMacroValue]([JumpstationMacroId],[MatchName],[ResultValue],[CreatedBy],[CreatedOn],[ModifiedBy],[ModifiedOn],[RowStatusId])VALUES(30,'25','25',@strDefaultValue_CreatedBy, getdate(), @strDefaultValue_ModifiedBy,getdate(),@intRowStatus_Active)
INSERT INTO [dbo].[JumpstationMacroValue]([JumpstationMacroId],[MatchName],[ResultValue],[CreatedBy],[CreatedOn],[ModifiedBy],[ModifiedOn],[RowStatusId])VALUES(30,'26','26',@strDefaultValue_CreatedBy, getdate(), @strDefaultValue_ModifiedBy,getdate(),@intRowStatus_Active)
INSERT INTO [dbo].[JumpstationMacroValue]([JumpstationMacroId],[MatchName],[ResultValue],[CreatedBy],[CreatedOn],[ModifiedBy],[ModifiedOn],[RowStatusId])VALUES(30,'27','27',@strDefaultValue_CreatedBy, getdate(), @strDefaultValue_ModifiedBy,getdate(),@intRowStatus_Active)
INSERT INTO [dbo].[JumpstationMacroValue]([JumpstationMacroId],[MatchName],[ResultValue],[CreatedBy],[CreatedOn],[ModifiedBy],[ModifiedOn],[RowStatusId])VALUES(30,'28','28',@strDefaultValue_CreatedBy, getdate(), @strDefaultValue_ModifiedBy,getdate(),@intRowStatus_Active)
INSERT INTO [dbo].[JumpstationMacroValue]([JumpstationMacroId],[MatchName],[ResultValue],[CreatedBy],[CreatedOn],[ModifiedBy],[ModifiedOn],[RowStatusId])VALUES(30,'29','29',@strDefaultValue_CreatedBy, getdate(), @strDefaultValue_ModifiedBy,getdate(),@intRowStatus_Active)
INSERT INTO [dbo].[JumpstationMacroValue]([JumpstationMacroId],[MatchName],[ResultValue],[CreatedBy],[CreatedOn],[ModifiedBy],[ModifiedOn],[RowStatusId])VALUES(30,'30','30',@strDefaultValue_CreatedBy, getdate(), @strDefaultValue_ModifiedBy,getdate(),@intRowStatus_Active)
INSERT INTO [dbo].[JumpstationMacroValue]([JumpstationMacroId],[MatchName],[ResultValue],[CreatedBy],[CreatedOn],[ModifiedBy],[ModifiedOn],[RowStatusId])VALUES(30,'31','31',@strDefaultValue_CreatedBy, getdate(), @strDefaultValue_ModifiedBy,getdate(),@intRowStatus_Active)
INSERT INTO [dbo].[JumpstationMacroValue]([JumpstationMacroId],[MatchName],[ResultValue],[CreatedBy],[CreatedOn],[ModifiedBy],[ModifiedOn],[RowStatusId])VALUES(30,'1','01',@strDefaultValue_CreatedBy, getdate(), @strDefaultValue_ModifiedBy,getdate(),@intRowStatus_Active)
INSERT INTO [dbo].[JumpstationMacroValue]([JumpstationMacroId],[MatchName],[ResultValue],[CreatedBy],[CreatedOn],[ModifiedBy],[ModifiedOn],[RowStatusId])VALUES(30,'2','02',@strDefaultValue_CreatedBy, getdate(), @strDefaultValue_ModifiedBy,getdate(),@intRowStatus_Active)
INSERT INTO [dbo].[JumpstationMacroValue]([JumpstationMacroId],[MatchName],[ResultValue],[CreatedBy],[CreatedOn],[ModifiedBy],[ModifiedOn],[RowStatusId])VALUES(30,'3','03',@strDefaultValue_CreatedBy, getdate(), @strDefaultValue_ModifiedBy,getdate(),@intRowStatus_Active)
INSERT INTO [dbo].[JumpstationMacroValue]([JumpstationMacroId],[MatchName],[ResultValue],[CreatedBy],[CreatedOn],[ModifiedBy],[ModifiedOn],[RowStatusId])VALUES(30,'4','04',@strDefaultValue_CreatedBy, getdate(), @strDefaultValue_ModifiedBy,getdate(),@intRowStatus_Active)
INSERT INTO [dbo].[JumpstationMacroValue]([JumpstationMacroId],[MatchName],[ResultValue],[CreatedBy],[CreatedOn],[ModifiedBy],[ModifiedOn],[RowStatusId])VALUES(30,'5','05',@strDefaultValue_CreatedBy, getdate(), @strDefaultValue_ModifiedBy,getdate(),@intRowStatus_Active)
INSERT INTO [dbo].[JumpstationMacroValue]([JumpstationMacroId],[MatchName],[ResultValue],[CreatedBy],[CreatedOn],[ModifiedBy],[ModifiedOn],[RowStatusId])VALUES(30,'6','06',@strDefaultValue_CreatedBy, getdate(), @strDefaultValue_ModifiedBy,getdate(),@intRowStatus_Active)
INSERT INTO [dbo].[JumpstationMacroValue]([JumpstationMacroId],[MatchName],[ResultValue],[CreatedBy],[CreatedOn],[ModifiedBy],[ModifiedOn],[RowStatusId])VALUES(30,'7','07',@strDefaultValue_CreatedBy, getdate(), @strDefaultValue_ModifiedBy,getdate(),@intRowStatus_Active)
INSERT INTO [dbo].[JumpstationMacroValue]([JumpstationMacroId],[MatchName],[ResultValue],[CreatedBy],[CreatedOn],[ModifiedBy],[ModifiedOn],[RowStatusId])VALUES(30,'8','08',@strDefaultValue_CreatedBy, getdate(), @strDefaultValue_ModifiedBy,getdate(),@intRowStatus_Active)
INSERT INTO [dbo].[JumpstationMacroValue]([JumpstationMacroId],[MatchName],[ResultValue],[CreatedBy],[CreatedOn],[ModifiedBy],[ModifiedOn],[RowStatusId])VALUES(30,'9','09',@strDefaultValue_CreatedBy, getdate(), @strDefaultValue_ModifiedBy,getdate(),@intRowStatus_Active)

INSERT INTO [dbo].[JumpstationMacroValue]([JumpstationMacroId],[MatchName],[ResultValue],[CreatedBy],[CreatedOn],[ModifiedBy],[ModifiedOn],[RowStatusId])VALUES(31,'1','01',@strDefaultValue_CreatedBy, getdate(), @strDefaultValue_ModifiedBy,getdate(),@intRowStatus_Active)
INSERT INTO [dbo].[JumpstationMacroValue]([JumpstationMacroId],[MatchName],[ResultValue],[CreatedBy],[CreatedOn],[ModifiedBy],[ModifiedOn],[RowStatusId])VALUES(31,'2','02',@strDefaultValue_CreatedBy, getdate(), @strDefaultValue_ModifiedBy,getdate(),@intRowStatus_Active)
INSERT INTO [dbo].[JumpstationMacroValue]([JumpstationMacroId],[MatchName],[ResultValue],[CreatedBy],[CreatedOn],[ModifiedBy],[ModifiedOn],[RowStatusId])VALUES(31,'3','03',@strDefaultValue_CreatedBy, getdate(), @strDefaultValue_ModifiedBy,getdate(),@intRowStatus_Active)
INSERT INTO [dbo].[JumpstationMacroValue]([JumpstationMacroId],[MatchName],[ResultValue],[CreatedBy],[CreatedOn],[ModifiedBy],[ModifiedOn],[RowStatusId])VALUES(31,'4','04',@strDefaultValue_CreatedBy, getdate(), @strDefaultValue_ModifiedBy,getdate(),@intRowStatus_Active)
INSERT INTO [dbo].[JumpstationMacroValue]([JumpstationMacroId],[MatchName],[ResultValue],[CreatedBy],[CreatedOn],[ModifiedBy],[ModifiedOn],[RowStatusId])VALUES(31,'5','05',@strDefaultValue_CreatedBy, getdate(), @strDefaultValue_ModifiedBy,getdate(),@intRowStatus_Active)
INSERT INTO [dbo].[JumpstationMacroValue]([JumpstationMacroId],[MatchName],[ResultValue],[CreatedBy],[CreatedOn],[ModifiedBy],[ModifiedOn],[RowStatusId])VALUES(31,'6','06',@strDefaultValue_CreatedBy, getdate(), @strDefaultValue_ModifiedBy,getdate(),@intRowStatus_Active)
INSERT INTO [dbo].[JumpstationMacroValue]([JumpstationMacroId],[MatchName],[ResultValue],[CreatedBy],[CreatedOn],[ModifiedBy],[ModifiedOn],[RowStatusId])VALUES(31,'7','07',@strDefaultValue_CreatedBy, getdate(), @strDefaultValue_ModifiedBy,getdate(),@intRowStatus_Active)
INSERT INTO [dbo].[JumpstationMacroValue]([JumpstationMacroId],[MatchName],[ResultValue],[CreatedBy],[CreatedOn],[ModifiedBy],[ModifiedOn],[RowStatusId])VALUES(31,'8','08',@strDefaultValue_CreatedBy, getdate(), @strDefaultValue_ModifiedBy,getdate(),@intRowStatus_Active)
INSERT INTO [dbo].[JumpstationMacroValue]([JumpstationMacroId],[MatchName],[ResultValue],[CreatedBy],[CreatedOn],[ModifiedBy],[ModifiedOn],[RowStatusId])VALUES(31,'9','09',@strDefaultValue_CreatedBy, getdate(), @strDefaultValue_ModifiedBy,getdate(),@intRowStatus_Active)
INSERT INTO [dbo].[JumpstationMacroValue]([JumpstationMacroId],[MatchName],[ResultValue],[CreatedBy],[CreatedOn],[ModifiedBy],[ModifiedOn],[RowStatusId])VALUES(31,'10','10',@strDefaultValue_CreatedBy, getdate(), @strDefaultValue_ModifiedBy,getdate(),@intRowStatus_Active)
INSERT INTO [dbo].[JumpstationMacroValue]([JumpstationMacroId],[MatchName],[ResultValue],[CreatedBy],[CreatedOn],[ModifiedBy],[ModifiedOn],[RowStatusId])VALUES(31,'11','11',@strDefaultValue_CreatedBy, getdate(), @strDefaultValue_ModifiedBy,getdate(),@intRowStatus_Active)
INSERT INTO [dbo].[JumpstationMacroValue]([JumpstationMacroId],[MatchName],[ResultValue],[CreatedBy],[CreatedOn],[ModifiedBy],[ModifiedOn],[RowStatusId])VALUES(31,'12','12',@strDefaultValue_CreatedBy, getdate(), @strDefaultValue_ModifiedBy,getdate(),@intRowStatus_Active)

INSERT INTO [dbo].[JumpstationMacroValue]([JumpstationMacroId],[MatchName],[ResultValue],[CreatedBy],[CreatedOn],[ModifiedBy],[ModifiedOn],[RowStatusId])VALUES(32,null,'http://www.hp.com/unavailable',@strDefaultValue_CreatedBy, getdate(), @strDefaultValue_ModifiedBy,getdate(),@intRowStatus_Active)
INSERT INTO [dbo].[JumpstationMacroValue]([JumpstationMacroId],[MatchName],[ResultValue],[CreatedBy],[CreatedOn],[ModifiedBy],[ModifiedOn],[RowStatusId])VALUES(33,null,'modelID=$modelid$&PROD_SERIAL_ID=$prod_serial_id$&PRODUCT_NAME=$product_name$&appID=CATS2_printer&application=303&lang=$lang$&cc=$cc$&pl=$pl$&client_vp=$client_vp$&lf=$lf$&operating_system_2=$prodos$&ex1=$ex1$&ex2=$ex2$&ex3=$ex3$',@strDefaultValue_CreatedBy, getdate(), @strDefaultValue_ModifiedBy,getdate(),@intRowStatus_Active)

-- wildcard query parameter values for Redirect -> Jumpstation
INSERT INTO [dbo].[QueryParameterValue]([Name],[CreatedBy],[CreatedOn],[ModifiedBy],[ModifiedOn],[RowStatusId],[QueryParameterId],[Description])VALUES('*',@strDefaultValue_CreatedBy, getdate(), @strDefaultValue_ModifiedBy,getdate(),@intRowStatus_Active,3,NULL) -- Locale
INSERT INTO [dbo].[QueryParameterValue]([Name],[CreatedBy],[CreatedOn],[ModifiedBy],[ModifiedOn],[RowStatusId],[QueryParameterId],[Description])VALUES('*',@strDefaultValue_CreatedBy, getdate(), @strDefaultValue_ModifiedBy,getdate(),@intRowStatus_Active,5,NULL) -- Partner Category
INSERT INTO [dbo].[QueryParameterValue]([Name],[CreatedBy],[CreatedOn],[ModifiedBy],[ModifiedOn],[RowStatusId],[QueryParameterId],[Description])VALUES('*',@strDefaultValue_CreatedBy, getdate(), @strDefaultValue_ModifiedBy,getdate(),@intRowStatus_Active,7,NULL) -- Cycle
INSERT INTO [dbo].[QueryParameterValue]([Name],[CreatedBy],[CreatedOn],[ModifiedBy],[ModifiedOn],[RowStatusId],[QueryParameterId],[Description])VALUES('*',@strDefaultValue_CreatedBy, getdate(), @strDefaultValue_ModifiedBy,getdate(),@intRowStatus_Active,13,NULL) -- Touchpoint
INSERT INTO [dbo].[QueryParameterValue]([Name],[CreatedBy],[CreatedOn],[ModifiedBy],[ModifiedOn],[RowStatusId],[QueryParameterId],[Description])VALUES('*',@strDefaultValue_CreatedBy, getdate(), @strDefaultValue_ModifiedBy,getdate(),@intRowStatus_Active,14,NULL) -- Platform
INSERT INTO [dbo].[QueryParameterValue]([Name],[CreatedBy],[CreatedOn],[ModifiedBy],[ModifiedOn],[RowStatusId],[QueryParameterId],[Description])VALUES('*',@strDefaultValue_CreatedBy, getdate(), @strDefaultValue_ModifiedBy,getdate(),@intRowStatus_Active,15,NULL) -- Brand
INSERT INTO [dbo].[QueryParameterValue]([Name],[CreatedBy],[CreatedOn],[ModifiedBy],[ModifiedOn],[RowStatusId],[QueryParameterId],[Description])VALUES('*',@strDefaultValue_CreatedBy, getdate(), @strDefaultValue_ModifiedBy,getdate(),@intRowStatus_Active,16,NULL) -- Simple Parameter

UPDATE [dbo].[QueryParameter_JumpstationGroupType] SET Wildcard = 1 WHERE Id IN (155,156,157,158,159,160,161) -- ASG_*

END	

PRINT 'Finished loading "Jumpstation" DB data'

COMMIT TRANSACTION
END TRY
BEGIN CATCH
	---Capture the details of the original error
	DECLARE @ErrMsg nvarchar(4000), @ErrSeverity int
	SELECT	@ErrMsg = ERROR_MESSAGE(),
			@ErrSeverity = ERROR_SEVERITY()

	PRINT 'Error occurred while loading "Representative" DB data'
	ROLLBACK TRANSACTION

	---Raise an error with the details of the original error
	RAISERROR(@ErrMsg, @ErrSeverity, 1)
END CATCH
GO

--- Reseed identities for each table
BEGIN
	PRINT 'Reseeding Identities'
	EXEC sp_MSForEachTable ' 
		IF OBJECTPROPERTY(object_id(''?''), ''TableHasIdentity'') = 1 
			BEGIN
				--DECLARE @highestId int
				--DECLARE @newSeed int
				--SET @highestId = (SELECT MAX([Id]) FROM ?);
				--SET @newSeed = (SELECT 1+ISNULL(@highestId, 0));
				--PRINT N''Reseeding ''''?'''' Identity to '' + CONVERT(NVARCHAR(20), @newSeed)
				--DBCC CHECKIDENT (''?'', RESEED, @newSeed) 
				PRINT N''Reseeding ''''?'''' Identity''
				DBCC CHECKIDENT (''?'', RESEED)
			END
	' 
END
GO
