
SET NUMERIC_ROUNDABORT OFF
GO
SET XACT_ABORT, ANSI_PADDING, ANSI_WARNINGS, CONCAT_NULL_YIELDS_NULL, ARITHABORT, QUOTED_IDENTIFIER, ANSI_NULLS, NOCOUNT ON
GO
SET DATEFORMAT YMD
GO

BEGIN TRY
BEGIN TRANSACTION

PRINT 'Loading "Migration" DB data'

DECLARE @strDefaultValue_CreatedBy NVARCHAR(50);
DECLARE @strDefaultValue_ModifiedBy NVARCHAR(50);
DECLARE @intRowStatus_Active int;
DECLARE @intRowStatus_Inactive int;
DECLARE @intRowStatus_Deleted int;
DECLARE @intRole_RestrictedAccess int;
DECLARE @intRole_Everyone int;
DECLARE @intRole_TechSupport int;
DECLARE @intConfigurationServiceStatus_Modified int;
DECLARE @intParamId int;

SET @strDefaultValue_CreatedBy = N'system\system';
SET @strDefaultValue_ModifiedBy = @strDefaultValue_CreatedBy;
SET @intRowStatus_Active = 1;
SET @intRowStatus_Inactive = 2;
SET @intRowStatus_Deleted = 3;
SET @intConfigurationServiceStatus_Modified = 1;

SET @intRole_RestrictedAccess = 9;
SET @intRole_Everyone = 10;
SET @intRole_TechSupport = 11;


PRINT 'Adding rows to [dbo].[Role]'
BEGIN
SET IDENTITY_INSERT [dbo].[Role] ON
INSERT INTO [dbo].[Role] ([Id], [Name], [CreatedBy], [CreatedOn], [ModifiedBy], [ModifiedOn], [RowStatusId], [Description]) VALUES (@intRole_RestrictedAccess, N'Restricted Access', @strDefaultValue_CreatedBy, getdate(), @strDefaultValue_ModifiedBy, getdate(), @intRowStatus_Active, N'Restricted access users have limited access to (and limited capabilities within) the system, regardless of any other roles they possess (except Account Locked).')
INSERT INTO [dbo].[Role] ([Id], [Name], [CreatedBy], [CreatedOn], [ModifiedBy], [ModifiedOn], [RowStatusId], [Description]) VALUES (@intRole_Everyone, N'Everyone', @strDefaultValue_CreatedBy, getdate(), @strDefaultValue_ModifiedBy, getdate(), @intRowStatus_Active, N'All users (except those who possess AccountLocked) automatically possesses this role.')
INSERT INTO [dbo].[Role] ([Id], [Name], [CreatedBy], [CreatedOn], [ModifiedBy], [ModifiedOn], [RowStatusId], [Description]) VALUES (@intRole_TechSupport, N'Technical Support', @strDefaultValue_CreatedBy, getdate(), @strDefaultValue_ModifiedBy, getdate(), @intRowStatus_Active, N'Technical support users are responsible for troubleshooting and resolving system errors, user problem reports, and other such system maintainance activities.')
SET IDENTITY_INSERT [dbo].[Role] OFF
END


PRINT 'Adding rows to [dbo].[ProxyURLStatus]'
BEGIN
SET IDENTITY_INSERT [dbo].[ProxyURLStatus] ON
INSERT INTO [dbo].[ProxyURLStatus]([Id],[Name],[CreatedBy],[CreatedOn],[ModifiedBy],[ModifiedOn],[RowStatusId],[Description])VALUES (8,'Deleted',@strDefaultValue_CreatedBy, getdate(), @strDefaultValue_ModifiedBy,getdate(),@intRowStatus_Active, 'New')
SET IDENTITY_INSERT [dbo].[ProxyURLStatus] OFF
END	


PRINT 'Adding rows to [dbo].[ConfigurationServiceApplication]'
BEGIN
SET IDENTITY_INSERT [dbo].[ConfigurationServiceApplication] ON
INSERT INTO [dbo].[ConfigurationServiceApplication]([Id],[Name],[CreatedBy],[CreatedOn],[ModifiedBy],[ModifiedOn],[RowStatusId],[Version],[Description],[ElementsKey])VALUES(1,'UsageTracking (V0.7.1)',@strDefaultValue_CreatedBy, getdate(), @strDefaultValue_ModifiedBy,getdate(),@intRowStatus_Active,'0.7.1','New','UsageTracking')
SET IDENTITY_INSERT [dbo].[ConfigurationServiceApplication] OFF
END	

PRINT 'Adding rows to [dbo].[ConfigurationServiceGroupType]'
BEGIN
SET IDENTITY_INSERT [dbo].[ConfigurationServiceGroupType] ON
INSERT INTO [dbo].[ConfigurationServiceGroupType]([Id],[Name],[CreatedBy],[CreatedOn],[ModifiedBy],[ModifiedOn],[RowStatusId],[Description])VALUES(1,'appconfig',@strDefaultValue_CreatedBy, getdate(), @strDefaultValue_ModifiedBy,getdate(),@intRowStatus_Active,'New')
INSERT INTO [dbo].[ConfigurationServiceGroupType]([Id],[Name],[CreatedBy],[CreatedOn],[ModifiedBy],[ModifiedOn],[RowStatusId],[Description])VALUES(2,'tracking',@strDefaultValue_CreatedBy, getdate(), @strDefaultValue_ModifiedBy,getdate(),@intRowStatus_Active,'New')
SET IDENTITY_INSERT [dbo].[ConfigurationServiceGroupType] OFF
END	

PRINT 'Adding rows to [dbo].[ConfigurationServiceGroupStatus]'
BEGIN
SET IDENTITY_INSERT [dbo].[ConfigurationServiceGroupStatus] ON
INSERT INTO [dbo].[ConfigurationServiceGroupStatus]([Id],[Name],[CreatedBy],[CreatedOn],[ModifiedBy],[ModifiedOn],[RowStatusId],[Description])VALUES (1,'Modified',@strDefaultValue_CreatedBy, getdate(), @strDefaultValue_ModifiedBy,getdate(),@intRowStatus_Active, 'New')
INSERT INTO [dbo].[ConfigurationServiceGroupStatus]([Id],[Name],[CreatedBy],[CreatedOn],[ModifiedBy],[ModifiedOn],[RowStatusId],[Description])VALUES (2,'ReadyForValidation',@strDefaultValue_CreatedBy, getdate(), @strDefaultValue_ModifiedBy,getdate(),@intRowStatus_Active, 'New')
INSERT INTO [dbo].[ConfigurationServiceGroupStatus]([Id],[Name],[CreatedBy],[CreatedOn],[ModifiedBy],[ModifiedOn],[RowStatusId],[Description])VALUES (3,'Validated',@strDefaultValue_CreatedBy, getdate(), @strDefaultValue_ModifiedBy,getdate(),@intRowStatus_Active, 'New')
INSERT INTO [dbo].[ConfigurationServiceGroupStatus]([Id],[Name],[CreatedBy],[CreatedOn],[ModifiedBy],[ModifiedOn],[RowStatusId],[Description])VALUES (4,'Published',@strDefaultValue_CreatedBy, getdate(), @strDefaultValue_ModifiedBy,getdate(),@intRowStatus_Active, 'New')
INSERT INTO [dbo].[ConfigurationServiceGroupStatus]([Id],[Name],[CreatedBy],[CreatedOn],[ModifiedBy],[ModifiedOn],[RowStatusId],[Description])VALUES (5,'Published (Production Only)',@strDefaultValue_CreatedBy, getdate(), @strDefaultValue_ModifiedBy,getdate(),@intRowStatus_Active, 'New')
INSERT INTO [dbo].[ConfigurationServiceGroupStatus]([Id],[Name],[CreatedBy],[CreatedOn],[ModifiedBy],[ModifiedOn],[RowStatusId],[Description])VALUES (6,'Cancelled',@strDefaultValue_CreatedBy, getdate(), @strDefaultValue_ModifiedBy,getdate(),@intRowStatus_Active, 'New')
INSERT INTO [dbo].[ConfigurationServiceGroupStatus]([Id],[Name],[CreatedBy],[CreatedOn],[ModifiedBy],[ModifiedOn],[RowStatusId],[Description])VALUES (7,'Abandoned',@strDefaultValue_CreatedBy, getdate(), @strDefaultValue_ModifiedBy,getdate(),@intRowStatus_Active, 'New')
INSERT INTO [dbo].[ConfigurationServiceGroupStatus]([Id],[Name],[CreatedBy],[CreatedOn],[ModifiedBy],[ModifiedOn],[RowStatusId],[Description])VALUES (8,'Deleted',@strDefaultValue_CreatedBy, getdate(), @strDefaultValue_ModifiedBy,getdate(),@intRowStatus_Active, 'New')
SET IDENTITY_INSERT [dbo].[ConfigurationServiceGroupStatus] OFF
END	

PRINT 'Adding rows to [dbo].[ConfigurationServiceItem]'
BEGIN
SET IDENTITY_INSERT [dbo].[ConfigurationServiceItem] ON
INSERT INTO [dbo].[ConfigurationServiceItem]([Id],[Name],[CreatedBy],[CreatedOn],[ModifiedBy],[ModifiedOn],[RowStatusId],[Description],[ElementsKey],[SortOrder],[Parent])VALUES (1,'Parent (appconfig)',@strDefaultValue_CreatedBy, getdate(), @strDefaultValue_ModifiedBy,getdate(),@intRowStatus_Active, 'New', 'None', 1, 1)
INSERT INTO [dbo].[ConfigurationServiceItem]([Id],[Name],[CreatedBy],[CreatedOn],[ModifiedBy],[ModifiedOn],[RowStatusId],[Description],[ElementsKey],[SortOrder],[Parent])VALUES (2,'Parent (tracking)',@strDefaultValue_CreatedBy, getdate(), @strDefaultValue_ModifiedBy,getdate(),@intRowStatus_Active, 'New', 'None', 1, 1)
INSERT INTO [dbo].[ConfigurationServiceItem]([Id],[Name],[CreatedBy],[CreatedOn],[ModifiedBy],[ModifiedOn],[RowStatusId],[Description],[ElementsKey],[SortOrder],[Parent])VALUES (3,'config',@strDefaultValue_CreatedBy, getdate(), @strDefaultValue_ModifiedBy,getdate(),@intRowStatus_Active, 'New', 'config', 2, 0)
INSERT INTO [dbo].[ConfigurationServiceItem]([Id],[Name],[CreatedBy],[CreatedOn],[ModifiedBy],[ModifiedOn],[RowStatusId],[Description],[ElementsKey],[SortOrder],[Parent])VALUES (4,'TrackByExePath',@strDefaultValue_CreatedBy, getdate(), @strDefaultValue_ModifiedBy,getdate(),@intRowStatus_Active, 'New', 'TrackByExePath', 3, 0)
INSERT INTO [dbo].[ConfigurationServiceItem]([Id],[Name],[CreatedBy],[CreatedOn],[ModifiedBy],[ModifiedOn],[RowStatusId],[Description],[ElementsKey],[SortOrder],[Parent])VALUES (5,'WUK',@strDefaultValue_CreatedBy, getdate(), @strDefaultValue_ModifiedBy,getdate(),@intRowStatus_Active, 'New', 'WUK', 2, 0)
SET IDENTITY_INSERT [dbo].[ConfigurationServiceItem] OFF
END	

PRINT 'Adding rows to [dbo].[ConfigurationServiceItem_ConfigurationServiceGroupType]'
BEGIN
INSERT INTO [dbo].[ConfigurationServiceItem_ConfigurationServiceGroupType]([ConfigurationServiceGroupTypeId],[ConfigurationServiceItemId],[CreatedBy],[CreatedOn],[ModifiedBy],[ModifiedOn])VALUES(1,1,@strDefaultValue_CreatedBy, getdate(),@strDefaultValue_ModifiedBy,getdate())
INSERT INTO [dbo].[ConfigurationServiceItem_ConfigurationServiceGroupType]([ConfigurationServiceGroupTypeId],[ConfigurationServiceItemId],[CreatedBy],[CreatedOn],[ModifiedBy],[ModifiedOn])VALUES(1,3,@strDefaultValue_CreatedBy, getdate(),@strDefaultValue_ModifiedBy,getdate())
INSERT INTO [dbo].[ConfigurationServiceItem_ConfigurationServiceGroupType]([ConfigurationServiceGroupTypeId],[ConfigurationServiceItemId],[CreatedBy],[CreatedOn],[ModifiedBy],[ModifiedOn])VALUES(2,2,@strDefaultValue_CreatedBy, getdate(),@strDefaultValue_ModifiedBy,getdate())
INSERT INTO [dbo].[ConfigurationServiceItem_ConfigurationServiceGroupType]([ConfigurationServiceGroupTypeId],[ConfigurationServiceItemId],[CreatedBy],[CreatedOn],[ModifiedBy],[ModifiedOn])VALUES(2,4,@strDefaultValue_CreatedBy, getdate(),@strDefaultValue_ModifiedBy,getdate())
INSERT INTO [dbo].[ConfigurationServiceItem_ConfigurationServiceGroupType]([ConfigurationServiceGroupTypeId],[ConfigurationServiceItemId],[CreatedBy],[CreatedOn],[ModifiedBy],[ModifiedOn])VALUES(2,5,@strDefaultValue_CreatedBy, getdate(),@strDefaultValue_ModifiedBy,getdate())
END	    

PRINT 'Adding rows to [dbo].[ConfigurationServiceLabelType]'
BEGIN
SET IDENTITY_INSERT [dbo].[ConfigurationServiceLabelType] ON
INSERT INTO [dbo].[ConfigurationServiceLabelType]([Id],[Name],[CreatedBy],[CreatedOn],[ModifiedBy],[ModifiedOn],[RowStatusId],[Description])VALUES(1,'Text (Single Line)',@strDefaultValue_CreatedBy, getdate(), @strDefaultValue_ModifiedBy,getdate(),@intRowStatus_Active,'Single Line Input')
INSERT INTO [dbo].[ConfigurationServiceLabelType]([Id],[Name],[CreatedBy],[CreatedOn],[ModifiedBy],[ModifiedOn],[RowStatusId],[Description])VALUES(2,'Text (Multiple Line)',@strDefaultValue_CreatedBy, getdate(), @strDefaultValue_ModifiedBy,getdate(),@intRowStatus_Active,'Multiple Line Input')
INSERT INTO [dbo].[ConfigurationServiceLabelType]([Id],[Name],[CreatedBy],[CreatedOn],[ModifiedBy],[ModifiedOn],[RowStatusId],[Description])VALUES(3,'Drop Down List',@strDefaultValue_CreatedBy, getdate(), @strDefaultValue_ModifiedBy,getdate(),@intRowStatus_Active,'Drop Down List Input')
SET IDENTITY_INSERT [dbo].[ConfigurationServiceLabelType] OFF
END	

PRINT 'Adding rows to [dbo].[ConfigurationServiceLabel]'
BEGIN
SET IDENTITY_INSERT [dbo].[ConfigurationServiceLabel] ON
INSERT INTO [dbo].[ConfigurationServiceLabel]([Id],[Name],[CreatedBy],[CreatedOn],[ModifiedBy],[ModifiedOn],[RowStatusId],[Description],[ElementsKey],[ConfigurationServiceItemId],[ConfigurationServiceLabelTypeId],[ValueList],[SortOrder])VALUES (1,'Category',@strDefaultValue_CreatedBy, getdate(), @strDefaultValue_ModifiedBy,getdate(),@intRowStatus_Active, 'New', 'Category', 1, 1, null, 1)
INSERT INTO [dbo].[ConfigurationServiceLabel]([Id],[Name],[CreatedBy],[CreatedOn],[ModifiedBy],[ModifiedOn],[RowStatusId],[Description],[ElementsKey],[ConfigurationServiceItemId],[ConfigurationServiceLabelTypeId],[ValueList],[SortOrder])VALUES (2,'TrackingConfigFreq',@strDefaultValue_CreatedBy, getdate(), @strDefaultValue_ModifiedBy,getdate(),@intRowStatus_Active, 'New', 'TrackingConfigFreq', 3, 1, null, 1)
INSERT INTO [dbo].[ConfigurationServiceLabel]([Id],[Name],[CreatedBy],[CreatedOn],[ModifiedBy],[ModifiedOn],[RowStatusId],[Description],[ElementsKey],[ConfigurationServiceItemId],[ConfigurationServiceLabelTypeId],[ValueList],[SortOrder])VALUES (3,'TrackingConfigURL',@strDefaultValue_CreatedBy, getdate(), @strDefaultValue_ModifiedBy,getdate(),@intRowStatus_Active, 'New', 'TrackingConfigURL', 3, 1, null, 2)
INSERT INTO [dbo].[ConfigurationServiceLabel]([Id],[Name],[CreatedBy],[CreatedOn],[ModifiedBy],[ModifiedOn],[RowStatusId],[Description],[ElementsKey],[ConfigurationServiceItemId],[ConfigurationServiceLabelTypeId],[ValueList],[SortOrder])VALUES (4,'CurrentState',@strDefaultValue_CreatedBy, getdate(), @strDefaultValue_ModifiedBy,getdate(),@intRowStatus_Active, 'New', 'CurrentState', 3, 3, 'TERMINATE,SUSPEND,ON', 3)
INSERT INTO [dbo].[ConfigurationServiceLabel]([Id],[Name],[CreatedBy],[CreatedOn],[ModifiedBy],[ModifiedOn],[RowStatusId],[Description],[ElementsKey],[ConfigurationServiceItemId],[ConfigurationServiceLabelTypeId],[ValueList],[SortOrder])VALUES (5,'DisplayName',@strDefaultValue_CreatedBy, getdate(), @strDefaultValue_ModifiedBy,getdate(),@intRowStatus_Active, 'New', 'DisplayName', 5, 1, null, 1)
INSERT INTO [dbo].[ConfigurationServiceLabel]([Id],[Name],[CreatedBy],[CreatedOn],[ModifiedBy],[ModifiedOn],[RowStatusId],[Description],[ElementsKey],[ConfigurationServiceItemId],[ConfigurationServiceLabelTypeId],[ValueList],[SortOrder])VALUES (6,'Version',@strDefaultValue_CreatedBy, getdate(), @strDefaultValue_ModifiedBy,getdate(),@intRowStatus_Active, 'New', 'Version', 5, 1, null, 2)
INSERT INTO [dbo].[ConfigurationServiceLabel]([Id],[Name],[CreatedBy],[CreatedOn],[ModifiedBy],[ModifiedOn],[RowStatusId],[Description],[ElementsKey],[ConfigurationServiceItemId],[ConfigurationServiceLabelTypeId],[ValueList],[SortOrder])VALUES (7,'Publisher',@strDefaultValue_CreatedBy, getdate(), @strDefaultValue_ModifiedBy,getdate(),@intRowStatus_Active, 'New', 'Publisher', 5, 1, null, 3)
INSERT INTO [dbo].[ConfigurationServiceLabel]([Id],[Name],[CreatedBy],[CreatedOn],[ModifiedBy],[ModifiedOn],[RowStatusId],[Description],[ElementsKey],[ConfigurationServiceItemId],[ConfigurationServiceLabelTypeId],[ValueList],[SortOrder])VALUES (8,'InstallerType',@strDefaultValue_CreatedBy, getdate(), @strDefaultValue_ModifiedBy,getdate(),@intRowStatus_Active, 'New', 'InstallerType', 5, 3, '32,64', 4)
INSERT INTO [dbo].[ConfigurationServiceLabel]([Id],[Name],[CreatedBy],[CreatedOn],[ModifiedBy],[ModifiedOn],[RowStatusId],[Description],[ElementsKey],[ConfigurationServiceItemId],[ConfigurationServiceLabelTypeId],[ValueList],[SortOrder])VALUES (9,'InstPath32bit',@strDefaultValue_CreatedBy, getdate(), @strDefaultValue_ModifiedBy,getdate(),@intRowStatus_Active, 'New', 'InstPath32bit', 4, 2, null, 1)
INSERT INTO [dbo].[ConfigurationServiceLabel]([Id],[Name],[CreatedBy],[CreatedOn],[ModifiedBy],[ModifiedOn],[RowStatusId],[Description],[ElementsKey],[ConfigurationServiceItemId],[ConfigurationServiceLabelTypeId],[ValueList],[SortOrder])VALUES (10,'InstPath64bit',@strDefaultValue_CreatedBy, getdate(), @strDefaultValue_ModifiedBy,getdate(),@intRowStatus_Active, 'New', 'InstPath64bit', 4, 2, null, 2)
SET IDENTITY_INSERT [dbo].[ConfigurationServiceLabel] OFF
END	

PRINT 'Adding rows to [dbo].[QueryParameter]'
BEGIN
SET IDENTITY_INSERT [dbo].[QueryParameter] ON
INSERT INTO [dbo].[QueryParameter]([Id],[Name],[ElementsKey],[CreatedBy],[CreatedOn],[ModifiedBy],[ModifiedOn],[RowStatusId],[Description])VALUES(100,'Language','lang',@strDefaultValue_CreatedBy, getdate(), @strDefaultValue_ModifiedBy,getdate(),@intRowStatus_Active,'Three Letter Language Code')
INSERT INTO [dbo].[QueryParameter]([Id],[Name],[ElementsKey],[CreatedBy],[CreatedOn],[ModifiedBy],[ModifiedOn],[RowStatusId],[Description])VALUES(101,'Country Code','cc',@strDefaultValue_CreatedBy, getdate(), @strDefaultValue_ModifiedBy,getdate(),@intRowStatus_Active,'Three Letter ISO Country Code')
INSERT INTO [dbo].[QueryParameter]([Id],[Name],[ElementsKey],[CreatedBy],[CreatedOn],[ModifiedBy],[ModifiedOn],[RowStatusId],[Description])VALUES(102,'Release','release',@strDefaultValue_CreatedBy, getdate(), @strDefaultValue_ModifiedBy,getdate(),@intRowStatus_Active,'Release')
INSERT INTO [dbo].[QueryParameter]([Id],[Name],[ElementsKey],[CreatedBy],[CreatedOn],[ModifiedBy],[ModifiedOn],[RowStatusId],[Description])VALUES(103,'OS Version','osversion',@strDefaultValue_CreatedBy, getdate(), @strDefaultValue_ModifiedBy,getdate(),@intRowStatus_Active,'OS Version')
INSERT INTO [dbo].[QueryParameter]([Id],[Name],[ElementsKey],[CreatedBy],[CreatedOn],[ModifiedBy],[ModifiedOn],[RowStatusId],[Description])VALUES(104,'OS Bit','osbit',@strDefaultValue_CreatedBy, getdate(), @strDefaultValue_ModifiedBy,getdate(),@intRowStatus_Active,'OS bit')
INSERT INTO [dbo].[QueryParameter]([Id],[Name],[ElementsKey],[CreatedBy],[CreatedOn],[ModifiedBy],[ModifiedOn],[RowStatusId],[Description])VALUES(105,'OS Type','ostype',@strDefaultValue_CreatedBy, getdate(), @strDefaultValue_ModifiedBy,getdate(),@intRowStatus_Active,'OS Type')
INSERT INTO [dbo].[QueryParameter]([Id],[Name],[ElementsKey],[CreatedBy],[CreatedOn],[ModifiedBy],[ModifiedOn],[RowStatusId],[Description])VALUES(106,'PC Brand','pcbrand',@strDefaultValue_CreatedBy, getdate(), @strDefaultValue_ModifiedBy,getdate(),@intRowStatus_Active,'PC brand')
INSERT INTO [dbo].[QueryParameter]([Id],[Name],[ElementsKey],[CreatedBy],[CreatedOn],[ModifiedBy],[ModifiedOn],[RowStatusId],[Description])VALUES(107,'PC Platform','platform',@strDefaultValue_CreatedBy, getdate(), @strDefaultValue_ModifiedBy,getdate(),@intRowStatus_Active,'Platform')
SET IDENTITY_INSERT [dbo].[QueryParameter] OFF
END	    

PRINT 'Adding rows to [dbo].[QueryParameter_ConfigurationServiceGroupType]'
BEGIN
INSERT INTO [dbo].[QueryParameter_ConfigurationServiceGroupType]([ConfigurationServiceGroupTypeId],[QueryParameterId],[CreatedBy],[CreatedOn],[ModifiedBy],[ModifiedOn])VALUES(1,100,@strDefaultValue_CreatedBy, getdate(),@strDefaultValue_ModifiedBy,getdate())
INSERT INTO [dbo].[QueryParameter_ConfigurationServiceGroupType]([ConfigurationServiceGroupTypeId],[QueryParameterId],[CreatedBy],[CreatedOn],[ModifiedBy],[ModifiedOn])VALUES(1,101,@strDefaultValue_CreatedBy, getdate(),@strDefaultValue_ModifiedBy,getdate())
INSERT INTO [dbo].[QueryParameter_ConfigurationServiceGroupType]([ConfigurationServiceGroupTypeId],[QueryParameterId],[CreatedBy],[CreatedOn],[ModifiedBy],[ModifiedOn])VALUES(1,102,@strDefaultValue_CreatedBy, getdate(),@strDefaultValue_ModifiedBy,getdate())
INSERT INTO [dbo].[QueryParameter_ConfigurationServiceGroupType]([ConfigurationServiceGroupTypeId],[QueryParameterId],[CreatedBy],[CreatedOn],[ModifiedBy],[ModifiedOn])VALUES(1,103,@strDefaultValue_CreatedBy, getdate(),@strDefaultValue_ModifiedBy,getdate())
INSERT INTO [dbo].[QueryParameter_ConfigurationServiceGroupType]([ConfigurationServiceGroupTypeId],[QueryParameterId],[CreatedBy],[CreatedOn],[ModifiedBy],[ModifiedOn])VALUES(1,104,@strDefaultValue_CreatedBy, getdate(),@strDefaultValue_ModifiedBy,getdate())
INSERT INTO [dbo].[QueryParameter_ConfigurationServiceGroupType]([ConfigurationServiceGroupTypeId],[QueryParameterId],[CreatedBy],[CreatedOn],[ModifiedBy],[ModifiedOn])VALUES(1,105,@strDefaultValue_CreatedBy, getdate(),@strDefaultValue_ModifiedBy,getdate())
INSERT INTO [dbo].[QueryParameter_ConfigurationServiceGroupType]([ConfigurationServiceGroupTypeId],[QueryParameterId],[CreatedBy],[CreatedOn],[ModifiedBy],[ModifiedOn])VALUES(1,106,@strDefaultValue_CreatedBy, getdate(),@strDefaultValue_ModifiedBy,getdate())
INSERT INTO [dbo].[QueryParameter_ConfigurationServiceGroupType]([ConfigurationServiceGroupTypeId],[QueryParameterId],[CreatedBy],[CreatedOn],[ModifiedBy],[ModifiedOn])VALUES(1,107,@strDefaultValue_CreatedBy, getdate(),@strDefaultValue_ModifiedBy,getdate())
INSERT INTO [dbo].[QueryParameter_ConfigurationServiceGroupType]([ConfigurationServiceGroupTypeId],[QueryParameterId],[CreatedBy],[CreatedOn],[ModifiedBy],[ModifiedOn])VALUES(2,100,@strDefaultValue_CreatedBy, getdate(),@strDefaultValue_ModifiedBy,getdate())
INSERT INTO [dbo].[QueryParameter_ConfigurationServiceGroupType]([ConfigurationServiceGroupTypeId],[QueryParameterId],[CreatedBy],[CreatedOn],[ModifiedBy],[ModifiedOn])VALUES(2,101,@strDefaultValue_CreatedBy, getdate(),@strDefaultValue_ModifiedBy,getdate())
INSERT INTO [dbo].[QueryParameter_ConfigurationServiceGroupType]([ConfigurationServiceGroupTypeId],[QueryParameterId],[CreatedBy],[CreatedOn],[ModifiedBy],[ModifiedOn])VALUES(2,102,@strDefaultValue_CreatedBy, getdate(),@strDefaultValue_ModifiedBy,getdate())
INSERT INTO [dbo].[QueryParameter_ConfigurationServiceGroupType]([ConfigurationServiceGroupTypeId],[QueryParameterId],[CreatedBy],[CreatedOn],[ModifiedBy],[ModifiedOn])VALUES(2,103,@strDefaultValue_CreatedBy, getdate(),@strDefaultValue_ModifiedBy,getdate())
INSERT INTO [dbo].[QueryParameter_ConfigurationServiceGroupType]([ConfigurationServiceGroupTypeId],[QueryParameterId],[CreatedBy],[CreatedOn],[ModifiedBy],[ModifiedOn])VALUES(2,104,@strDefaultValue_CreatedBy, getdate(),@strDefaultValue_ModifiedBy,getdate())
INSERT INTO [dbo].[QueryParameter_ConfigurationServiceGroupType]([ConfigurationServiceGroupTypeId],[QueryParameterId],[CreatedBy],[CreatedOn],[ModifiedBy],[ModifiedOn])VALUES(2,105,@strDefaultValue_CreatedBy, getdate(),@strDefaultValue_ModifiedBy,getdate())
INSERT INTO [dbo].[QueryParameter_ConfigurationServiceGroupType]([ConfigurationServiceGroupTypeId],[QueryParameterId],[CreatedBy],[CreatedOn],[ModifiedBy],[ModifiedOn])VALUES(2,106,@strDefaultValue_CreatedBy, getdate(),@strDefaultValue_ModifiedBy,getdate())
INSERT INTO [dbo].[QueryParameter_ConfigurationServiceGroupType]([ConfigurationServiceGroupTypeId],[QueryParameterId],[CreatedBy],[CreatedOn],[ModifiedBy],[ModifiedOn])VALUES(2,107,@strDefaultValue_CreatedBy, getdate(),@strDefaultValue_ModifiedBy,getdate())
END	    

SELECT @intParamId = Id FROM [dbo].[QueryParameter] WHERE name = 'Language'
INSERT INTO [dbo].[QueryParameterValue]([Name],[CreatedBy],[CreatedOn],[ModifiedBy],[ModifiedOn],[RowStatusId],[QueryParameterId],[Description])VALUES('*',@strDefaultValue_CreatedBy, getdate(), @strDefaultValue_ModifiedBy,getdate(),@intRowStatus_Active,@intParamId,'*')
INSERT INTO [dbo].[QueryParameterValue]([Name],[CreatedBy],[CreatedOn],[ModifiedBy],[ModifiedOn],[RowStatusId],[QueryParameterId],[Description])VALUES('ar-DZ',@strDefaultValue_CreatedBy, getdate(), @strDefaultValue_ModifiedBy,getdate(),@intRowStatus_Active,@intParamId,'Arabic - Algeria')
INSERT INTO [dbo].[QueryParameterValue]([Name],[CreatedBy],[CreatedOn],[ModifiedBy],[ModifiedOn],[RowStatusId],[QueryParameterId],[Description])VALUES('ar-BH',@strDefaultValue_CreatedBy, getdate(), @strDefaultValue_ModifiedBy,getdate(),@intRowStatus_Active,@intParamId,'Arabic - Bahrain')
INSERT INTO [dbo].[QueryParameterValue]([Name],[CreatedBy],[CreatedOn],[ModifiedBy],[ModifiedOn],[RowStatusId],[QueryParameterId],[Description])VALUES('ar-EG',@strDefaultValue_CreatedBy, getdate(), @strDefaultValue_ModifiedBy,getdate(),@intRowStatus_Active,@intParamId,'Arabic - Egypt')
INSERT INTO [dbo].[QueryParameterValue]([Name],[CreatedBy],[CreatedOn],[ModifiedBy],[ModifiedOn],[RowStatusId],[QueryParameterId],[Description])VALUES('ar-IQ',@strDefaultValue_CreatedBy, getdate(), @strDefaultValue_ModifiedBy,getdate(),@intRowStatus_Active,@intParamId,'Arabic - Iraq')
INSERT INTO [dbo].[QueryParameterValue]([Name],[CreatedBy],[CreatedOn],[ModifiedBy],[ModifiedOn],[RowStatusId],[QueryParameterId],[Description])VALUES('ar-JO',@strDefaultValue_CreatedBy, getdate(), @strDefaultValue_ModifiedBy,getdate(),@intRowStatus_Active,@intParamId,'Arabic - Jordan')
INSERT INTO [dbo].[QueryParameterValue]([Name],[CreatedBy],[CreatedOn],[ModifiedBy],[ModifiedOn],[RowStatusId],[QueryParameterId],[Description])VALUES('ar-KW',@strDefaultValue_CreatedBy, getdate(), @strDefaultValue_ModifiedBy,getdate(),@intRowStatus_Active,@intParamId,'Arabic - Kuwait')
INSERT INTO [dbo].[QueryParameterValue]([Name],[CreatedBy],[CreatedOn],[ModifiedBy],[ModifiedOn],[RowStatusId],[QueryParameterId],[Description])VALUES('ar-LB',@strDefaultValue_CreatedBy, getdate(), @strDefaultValue_ModifiedBy,getdate(),@intRowStatus_Active,@intParamId,'Arabic - Lebanon')
INSERT INTO [dbo].[QueryParameterValue]([Name],[CreatedBy],[CreatedOn],[ModifiedBy],[ModifiedOn],[RowStatusId],[QueryParameterId],[Description])VALUES('ar-LY',@strDefaultValue_CreatedBy, getdate(), @strDefaultValue_ModifiedBy,getdate(),@intRowStatus_Active,@intParamId,'Arabic - Libya')
INSERT INTO [dbo].[QueryParameterValue]([Name],[CreatedBy],[CreatedOn],[ModifiedBy],[ModifiedOn],[RowStatusId],[QueryParameterId],[Description])VALUES('ar-MA',@strDefaultValue_CreatedBy, getdate(), @strDefaultValue_ModifiedBy,getdate(),@intRowStatus_Active,@intParamId,'Arabic - Morocco')
INSERT INTO [dbo].[QueryParameterValue]([Name],[CreatedBy],[CreatedOn],[ModifiedBy],[ModifiedOn],[RowStatusId],[QueryParameterId],[Description])VALUES('ar-OM',@strDefaultValue_CreatedBy, getdate(), @strDefaultValue_ModifiedBy,getdate(),@intRowStatus_Active,@intParamId,'Arabic - Oman')
INSERT INTO [dbo].[QueryParameterValue]([Name],[CreatedBy],[CreatedOn],[ModifiedBy],[ModifiedOn],[RowStatusId],[QueryParameterId],[Description])VALUES('ar-QA',@strDefaultValue_CreatedBy, getdate(), @strDefaultValue_ModifiedBy,getdate(),@intRowStatus_Active,@intParamId,'Arabic - Qatar')
INSERT INTO [dbo].[QueryParameterValue]([Name],[CreatedBy],[CreatedOn],[ModifiedBy],[ModifiedOn],[RowStatusId],[QueryParameterId],[Description])VALUES('ar-SA',@strDefaultValue_CreatedBy, getdate(), @strDefaultValue_ModifiedBy,getdate(),@intRowStatus_Active,@intParamId,'Arabic - Saudi Arabia')
INSERT INTO [dbo].[QueryParameterValue]([Name],[CreatedBy],[CreatedOn],[ModifiedBy],[ModifiedOn],[RowStatusId],[QueryParameterId],[Description])VALUES('ar-SY',@strDefaultValue_CreatedBy, getdate(), @strDefaultValue_ModifiedBy,getdate(),@intRowStatus_Active,@intParamId,'Arabic - Syria')
INSERT INTO [dbo].[QueryParameterValue]([Name],[CreatedBy],[CreatedOn],[ModifiedBy],[ModifiedOn],[RowStatusId],[QueryParameterId],[Description])VALUES('ar-TN',@strDefaultValue_CreatedBy, getdate(), @strDefaultValue_ModifiedBy,getdate(),@intRowStatus_Active,@intParamId,'Arabic - Tunisia')
INSERT INTO [dbo].[QueryParameterValue]([Name],[CreatedBy],[CreatedOn],[ModifiedBy],[ModifiedOn],[RowStatusId],[QueryParameterId],[Description])VALUES('ar-AE',@strDefaultValue_CreatedBy, getdate(), @strDefaultValue_ModifiedBy,getdate(),@intRowStatus_Active,@intParamId,'Arabic - United Arab Emirates')
INSERT INTO [dbo].[QueryParameterValue]([Name],[CreatedBy],[CreatedOn],[ModifiedBy],[ModifiedOn],[RowStatusId],[QueryParameterId],[Description])VALUES('ar-YE',@strDefaultValue_CreatedBy, getdate(), @strDefaultValue_ModifiedBy,getdate(),@intRowStatus_Active,@intParamId,'Arabic - Yemen')
INSERT INTO [dbo].[QueryParameterValue]([Name],[CreatedBy],[CreatedOn],[ModifiedBy],[ModifiedOn],[RowStatusId],[QueryParameterId],[Description])VALUES('bg-BG',@strDefaultValue_CreatedBy, getdate(), @strDefaultValue_ModifiedBy,getdate(),@intRowStatus_Active,@intParamId,'Bulgarian')
INSERT INTO [dbo].[QueryParameterValue]([Name],[CreatedBy],[CreatedOn],[ModifiedBy],[ModifiedOn],[RowStatusId],[QueryParameterId],[Description])VALUES('ca-ES',@strDefaultValue_CreatedBy, getdate(), @strDefaultValue_ModifiedBy,getdate(),@intRowStatus_Active,@intParamId,'Catalan')
INSERT INTO [dbo].[QueryParameterValue]([Name],[CreatedBy],[CreatedOn],[ModifiedBy],[ModifiedOn],[RowStatusId],[QueryParameterId],[Description])VALUES('zh-CN',@strDefaultValue_CreatedBy, getdate(), @strDefaultValue_ModifiedBy,getdate(),@intRowStatus_Active,@intParamId,'Chinese (Simplified)')
INSERT INTO [dbo].[QueryParameterValue]([Name],[CreatedBy],[CreatedOn],[ModifiedBy],[ModifiedOn],[RowStatusId],[QueryParameterId],[Description])VALUES('zh-MO',@strDefaultValue_CreatedBy, getdate(), @strDefaultValue_ModifiedBy,getdate(),@intRowStatus_Active,@intParamId,'Chinese - Macau SAR')
INSERT INTO [dbo].[QueryParameterValue]([Name],[CreatedBy],[CreatedOn],[ModifiedBy],[ModifiedOn],[RowStatusId],[QueryParameterId],[Description])VALUES('zh-SG',@strDefaultValue_CreatedBy, getdate(), @strDefaultValue_ModifiedBy,getdate(),@intRowStatus_Active,@intParamId,'Chinese - Singapore')
INSERT INTO [dbo].[QueryParameterValue]([Name],[CreatedBy],[CreatedOn],[ModifiedBy],[ModifiedOn],[RowStatusId],[QueryParameterId],[Description])VALUES('cs-CZ',@strDefaultValue_CreatedBy, getdate(), @strDefaultValue_ModifiedBy,getdate(),@intRowStatus_Active,@intParamId,'Czech')
INSERT INTO [dbo].[QueryParameterValue]([Name],[CreatedBy],[CreatedOn],[ModifiedBy],[ModifiedOn],[RowStatusId],[QueryParameterId],[Description])VALUES('da-DK',@strDefaultValue_CreatedBy, getdate(), @strDefaultValue_ModifiedBy,getdate(),@intRowStatus_Active,@intParamId,'Danish')
INSERT INTO [dbo].[QueryParameterValue]([Name],[CreatedBy],[CreatedOn],[ModifiedBy],[ModifiedOn],[RowStatusId],[QueryParameterId],[Description])VALUES('de-AT',@strDefaultValue_CreatedBy, getdate(), @strDefaultValue_ModifiedBy,getdate(),@intRowStatus_Active,@intParamId,'German - Austria')
INSERT INTO [dbo].[QueryParameterValue]([Name],[CreatedBy],[CreatedOn],[ModifiedBy],[ModifiedOn],[RowStatusId],[QueryParameterId],[Description])VALUES('de-DE',@strDefaultValue_CreatedBy, getdate(), @strDefaultValue_ModifiedBy,getdate(),@intRowStatus_Active,@intParamId,'German - Germany')
INSERT INTO [dbo].[QueryParameterValue]([Name],[CreatedBy],[CreatedOn],[ModifiedBy],[ModifiedOn],[RowStatusId],[QueryParameterId],[Description])VALUES('de-LI',@strDefaultValue_CreatedBy, getdate(), @strDefaultValue_ModifiedBy,getdate(),@intRowStatus_Active,@intParamId,'German - Liechtenstein')
INSERT INTO [dbo].[QueryParameterValue]([Name],[CreatedBy],[CreatedOn],[ModifiedBy],[ModifiedOn],[RowStatusId],[QueryParameterId],[Description])VALUES('de-LU',@strDefaultValue_CreatedBy, getdate(), @strDefaultValue_ModifiedBy,getdate(),@intRowStatus_Active,@intParamId,'German - Luxembourg')
INSERT INTO [dbo].[QueryParameterValue]([Name],[CreatedBy],[CreatedOn],[ModifiedBy],[ModifiedOn],[RowStatusId],[QueryParameterId],[Description])VALUES('de-CH',@strDefaultValue_CreatedBy, getdate(), @strDefaultValue_ModifiedBy,getdate(),@intRowStatus_Active,@intParamId,'German - Switzerland')
INSERT INTO [dbo].[QueryParameterValue]([Name],[CreatedBy],[CreatedOn],[ModifiedBy],[ModifiedOn],[RowStatusId],[QueryParameterId],[Description])VALUES('el-GR',@strDefaultValue_CreatedBy, getdate(), @strDefaultValue_ModifiedBy,getdate(),@intRowStatus_Active,@intParamId,'Greek - Greece')
INSERT INTO [dbo].[QueryParameterValue]([Name],[CreatedBy],[CreatedOn],[ModifiedBy],[ModifiedOn],[RowStatusId],[QueryParameterId],[Description])VALUES('en-AU',@strDefaultValue_CreatedBy, getdate(), @strDefaultValue_ModifiedBy,getdate(),@intRowStatus_Active,@intParamId,'English - Australia')
INSERT INTO [dbo].[QueryParameterValue]([Name],[CreatedBy],[CreatedOn],[ModifiedBy],[ModifiedOn],[RowStatusId],[QueryParameterId],[Description])VALUES('en-BZ',@strDefaultValue_CreatedBy, getdate(), @strDefaultValue_ModifiedBy,getdate(),@intRowStatus_Active,@intParamId,'English - Belize')
INSERT INTO [dbo].[QueryParameterValue]([Name],[CreatedBy],[CreatedOn],[ModifiedBy],[ModifiedOn],[RowStatusId],[QueryParameterId],[Description])VALUES('en-CA',@strDefaultValue_CreatedBy, getdate(), @strDefaultValue_ModifiedBy,getdate(),@intRowStatus_Active,@intParamId,'English - Canada')
INSERT INTO [dbo].[QueryParameterValue]([Name],[CreatedBy],[CreatedOn],[ModifiedBy],[ModifiedOn],[RowStatusId],[QueryParameterId],[Description])VALUES('en-CB',@strDefaultValue_CreatedBy, getdate(), @strDefaultValue_ModifiedBy,getdate(),@intRowStatus_Active,@intParamId,'English - Caribbean')
INSERT INTO [dbo].[QueryParameterValue]([Name],[CreatedBy],[CreatedOn],[ModifiedBy],[ModifiedOn],[RowStatusId],[QueryParameterId],[Description])VALUES('en-IE',@strDefaultValue_CreatedBy, getdate(), @strDefaultValue_ModifiedBy,getdate(),@intRowStatus_Active,@intParamId,'English - Ireland')
INSERT INTO [dbo].[QueryParameterValue]([Name],[CreatedBy],[CreatedOn],[ModifiedBy],[ModifiedOn],[RowStatusId],[QueryParameterId],[Description])VALUES('en-JM',@strDefaultValue_CreatedBy, getdate(), @strDefaultValue_ModifiedBy,getdate(),@intRowStatus_Active,@intParamId,'English - Jamaica')
INSERT INTO [dbo].[QueryParameterValue]([Name],[CreatedBy],[CreatedOn],[ModifiedBy],[ModifiedOn],[RowStatusId],[QueryParameterId],[Description])VALUES('en-NZ',@strDefaultValue_CreatedBy, getdate(), @strDefaultValue_ModifiedBy,getdate(),@intRowStatus_Active,@intParamId,'English - New Zealand')
INSERT INTO [dbo].[QueryParameterValue]([Name],[CreatedBy],[CreatedOn],[ModifiedBy],[ModifiedOn],[RowStatusId],[QueryParameterId],[Description])VALUES('en-PH',@strDefaultValue_CreatedBy, getdate(), @strDefaultValue_ModifiedBy,getdate(),@intRowStatus_Active,@intParamId,'English - Philippines')
INSERT INTO [dbo].[QueryParameterValue]([Name],[CreatedBy],[CreatedOn],[ModifiedBy],[ModifiedOn],[RowStatusId],[QueryParameterId],[Description])VALUES('en-ZA',@strDefaultValue_CreatedBy, getdate(), @strDefaultValue_ModifiedBy,getdate(),@intRowStatus_Active,@intParamId,'English - South Africa')
INSERT INTO [dbo].[QueryParameterValue]([Name],[CreatedBy],[CreatedOn],[ModifiedBy],[ModifiedOn],[RowStatusId],[QueryParameterId],[Description])VALUES('en-TT',@strDefaultValue_CreatedBy, getdate(), @strDefaultValue_ModifiedBy,getdate(),@intRowStatus_Active,@intParamId,'English - Trinidad and Tobago')
INSERT INTO [dbo].[QueryParameterValue]([Name],[CreatedBy],[CreatedOn],[ModifiedBy],[ModifiedOn],[RowStatusId],[QueryParameterId],[Description])VALUES('en-GB',@strDefaultValue_CreatedBy, getdate(), @strDefaultValue_ModifiedBy,getdate(),@intRowStatus_Active,@intParamId,'English - United Kingdom')
INSERT INTO [dbo].[QueryParameterValue]([Name],[CreatedBy],[CreatedOn],[ModifiedBy],[ModifiedOn],[RowStatusId],[QueryParameterId],[Description])VALUES('en-US',@strDefaultValue_CreatedBy, getdate(), @strDefaultValue_ModifiedBy,getdate(),@intRowStatus_Active,@intParamId,'English - United States')
INSERT INTO [dbo].[QueryParameterValue]([Name],[CreatedBy],[CreatedOn],[ModifiedBy],[ModifiedOn],[RowStatusId],[QueryParameterId],[Description])VALUES('en-ZW',@strDefaultValue_CreatedBy, getdate(), @strDefaultValue_ModifiedBy,getdate(),@intRowStatus_Active,@intParamId,'English - Zimbabwe ')
INSERT INTO [dbo].[QueryParameterValue]([Name],[CreatedBy],[CreatedOn],[ModifiedBy],[ModifiedOn],[RowStatusId],[QueryParameterId],[Description])VALUES('es-AR',@strDefaultValue_CreatedBy, getdate(), @strDefaultValue_ModifiedBy,getdate(),@intRowStatus_Active,@intParamId,'Spanish - Argentina')
INSERT INTO [dbo].[QueryParameterValue]([Name],[CreatedBy],[CreatedOn],[ModifiedBy],[ModifiedOn],[RowStatusId],[QueryParameterId],[Description])VALUES('es-BO',@strDefaultValue_CreatedBy, getdate(), @strDefaultValue_ModifiedBy,getdate(),@intRowStatus_Active,@intParamId,'Spanish - Bolivia')
INSERT INTO [dbo].[QueryParameterValue]([Name],[CreatedBy],[CreatedOn],[ModifiedBy],[ModifiedOn],[RowStatusId],[QueryParameterId],[Description])VALUES('es-CL',@strDefaultValue_CreatedBy, getdate(), @strDefaultValue_ModifiedBy,getdate(),@intRowStatus_Active,@intParamId,'Spanish - Chile')
INSERT INTO [dbo].[QueryParameterValue]([Name],[CreatedBy],[CreatedOn],[ModifiedBy],[ModifiedOn],[RowStatusId],[QueryParameterId],[Description])VALUES('es-CO',@strDefaultValue_CreatedBy, getdate(), @strDefaultValue_ModifiedBy,getdate(),@intRowStatus_Active,@intParamId,'Spanish - Colombia')
INSERT INTO [dbo].[QueryParameterValue]([Name],[CreatedBy],[CreatedOn],[ModifiedBy],[ModifiedOn],[RowStatusId],[QueryParameterId],[Description])VALUES('es-CR',@strDefaultValue_CreatedBy, getdate(), @strDefaultValue_ModifiedBy,getdate(),@intRowStatus_Active,@intParamId,'Spanish - Costa Rica')
INSERT INTO [dbo].[QueryParameterValue]([Name],[CreatedBy],[CreatedOn],[ModifiedBy],[ModifiedOn],[RowStatusId],[QueryParameterId],[Description])VALUES('es-DO',@strDefaultValue_CreatedBy, getdate(), @strDefaultValue_ModifiedBy,getdate(),@intRowStatus_Active,@intParamId,'Spanish - Dominican Republic')
INSERT INTO [dbo].[QueryParameterValue]([Name],[CreatedBy],[CreatedOn],[ModifiedBy],[ModifiedOn],[RowStatusId],[QueryParameterId],[Description])VALUES('es-EC',@strDefaultValue_CreatedBy, getdate(), @strDefaultValue_ModifiedBy,getdate(),@intRowStatus_Active,@intParamId,'Spanish - Ecuador')
INSERT INTO [dbo].[QueryParameterValue]([Name],[CreatedBy],[CreatedOn],[ModifiedBy],[ModifiedOn],[RowStatusId],[QueryParameterId],[Description])VALUES('es-SV',@strDefaultValue_CreatedBy, getdate(), @strDefaultValue_ModifiedBy,getdate(),@intRowStatus_Active,@intParamId,'Spanish - El Salvador')
INSERT INTO [dbo].[QueryParameterValue]([Name],[CreatedBy],[CreatedOn],[ModifiedBy],[ModifiedOn],[RowStatusId],[QueryParameterId],[Description])VALUES('es-GT',@strDefaultValue_CreatedBy, getdate(), @strDefaultValue_ModifiedBy,getdate(),@intRowStatus_Active,@intParamId,'Spanish - Guatemala')
INSERT INTO [dbo].[QueryParameterValue]([Name],[CreatedBy],[CreatedOn],[ModifiedBy],[ModifiedOn],[RowStatusId],[QueryParameterId],[Description])VALUES('es-HN',@strDefaultValue_CreatedBy, getdate(), @strDefaultValue_ModifiedBy,getdate(),@intRowStatus_Active,@intParamId,'Spanish - Honduras')
INSERT INTO [dbo].[QueryParameterValue]([Name],[CreatedBy],[CreatedOn],[ModifiedBy],[ModifiedOn],[RowStatusId],[QueryParameterId],[Description])VALUES('es-MX',@strDefaultValue_CreatedBy, getdate(), @strDefaultValue_ModifiedBy,getdate(),@intRowStatus_Active,@intParamId,'Spanish - Mexico')
INSERT INTO [dbo].[QueryParameterValue]([Name],[CreatedBy],[CreatedOn],[ModifiedBy],[ModifiedOn],[RowStatusId],[QueryParameterId],[Description])VALUES('es-NI',@strDefaultValue_CreatedBy, getdate(), @strDefaultValue_ModifiedBy,getdate(),@intRowStatus_Active,@intParamId,'Spanish - Nicaragua')
INSERT INTO [dbo].[QueryParameterValue]([Name],[CreatedBy],[CreatedOn],[ModifiedBy],[ModifiedOn],[RowStatusId],[QueryParameterId],[Description])VALUES('es-PA',@strDefaultValue_CreatedBy, getdate(), @strDefaultValue_ModifiedBy,getdate(),@intRowStatus_Active,@intParamId,'Spanish - Panama')
INSERT INTO [dbo].[QueryParameterValue]([Name],[CreatedBy],[CreatedOn],[ModifiedBy],[ModifiedOn],[RowStatusId],[QueryParameterId],[Description])VALUES('es-PY',@strDefaultValue_CreatedBy, getdate(), @strDefaultValue_ModifiedBy,getdate(),@intRowStatus_Active,@intParamId,'Spanish - Paraguay')
INSERT INTO [dbo].[QueryParameterValue]([Name],[CreatedBy],[CreatedOn],[ModifiedBy],[ModifiedOn],[RowStatusId],[QueryParameterId],[Description])VALUES('es-PE',@strDefaultValue_CreatedBy, getdate(), @strDefaultValue_ModifiedBy,getdate(),@intRowStatus_Active,@intParamId,'Spanish - Peru')
INSERT INTO [dbo].[QueryParameterValue]([Name],[CreatedBy],[CreatedOn],[ModifiedBy],[ModifiedOn],[RowStatusId],[QueryParameterId],[Description])VALUES('es-PR',@strDefaultValue_CreatedBy, getdate(), @strDefaultValue_ModifiedBy,getdate(),@intRowStatus_Active,@intParamId,'Spanish - Puerto Rico')
INSERT INTO [dbo].[QueryParameterValue]([Name],[CreatedBy],[CreatedOn],[ModifiedBy],[ModifiedOn],[RowStatusId],[QueryParameterId],[Description])VALUES('es-ES',@strDefaultValue_CreatedBy, getdate(), @strDefaultValue_ModifiedBy,getdate(),@intRowStatus_Active,@intParamId,'Spanish - Spain')
INSERT INTO [dbo].[QueryParameterValue]([Name],[CreatedBy],[CreatedOn],[ModifiedBy],[ModifiedOn],[RowStatusId],[QueryParameterId],[Description])VALUES('es-UY',@strDefaultValue_CreatedBy, getdate(), @strDefaultValue_ModifiedBy,getdate(),@intRowStatus_Active,@intParamId,'Spanish - Uruguay')
INSERT INTO [dbo].[QueryParameterValue]([Name],[CreatedBy],[CreatedOn],[ModifiedBy],[ModifiedOn],[RowStatusId],[QueryParameterId],[Description])VALUES('es-VE',@strDefaultValue_CreatedBy, getdate(), @strDefaultValue_ModifiedBy,getdate(),@intRowStatus_Active,@intParamId,'Spanish - Venezuela')
INSERT INTO [dbo].[QueryParameterValue]([Name],[CreatedBy],[CreatedOn],[ModifiedBy],[ModifiedOn],[RowStatusId],[QueryParameterId],[Description])VALUES('fi-FI',@strDefaultValue_CreatedBy, getdate(), @strDefaultValue_ModifiedBy,getdate(),@intRowStatus_Active,@intParamId,'Finnish - Finland')
INSERT INTO [dbo].[QueryParameterValue]([Name],[CreatedBy],[CreatedOn],[ModifiedBy],[ModifiedOn],[RowStatusId],[QueryParameterId],[Description])VALUES('fr-BE',@strDefaultValue_CreatedBy, getdate(), @strDefaultValue_ModifiedBy,getdate(),@intRowStatus_Active,@intParamId,'French - Belgium')
INSERT INTO [dbo].[QueryParameterValue]([Name],[CreatedBy],[CreatedOn],[ModifiedBy],[ModifiedOn],[RowStatusId],[QueryParameterId],[Description])VALUES('fr-CA',@strDefaultValue_CreatedBy, getdate(), @strDefaultValue_ModifiedBy,getdate(),@intRowStatus_Active,@intParamId,'French - Canada')
INSERT INTO [dbo].[QueryParameterValue]([Name],[CreatedBy],[CreatedOn],[ModifiedBy],[ModifiedOn],[RowStatusId],[QueryParameterId],[Description])VALUES('fr-FR',@strDefaultValue_CreatedBy, getdate(), @strDefaultValue_ModifiedBy,getdate(),@intRowStatus_Active,@intParamId,'French - France')
INSERT INTO [dbo].[QueryParameterValue]([Name],[CreatedBy],[CreatedOn],[ModifiedBy],[ModifiedOn],[RowStatusId],[QueryParameterId],[Description])VALUES('fr-LU',@strDefaultValue_CreatedBy, getdate(), @strDefaultValue_ModifiedBy,getdate(),@intRowStatus_Active,@intParamId,'French - Luxembourg')
INSERT INTO [dbo].[QueryParameterValue]([Name],[CreatedBy],[CreatedOn],[ModifiedBy],[ModifiedOn],[RowStatusId],[QueryParameterId],[Description])VALUES('fr-MC',@strDefaultValue_CreatedBy, getdate(), @strDefaultValue_ModifiedBy,getdate(),@intRowStatus_Active,@intParamId,'French - Monaco')
INSERT INTO [dbo].[QueryParameterValue]([Name],[CreatedBy],[CreatedOn],[ModifiedBy],[ModifiedOn],[RowStatusId],[QueryParameterId],[Description])VALUES('fr-CH',@strDefaultValue_CreatedBy, getdate(), @strDefaultValue_ModifiedBy,getdate(),@intRowStatus_Active,@intParamId,'French - Switzerland')
INSERT INTO [dbo].[QueryParameterValue]([Name],[CreatedBy],[CreatedOn],[ModifiedBy],[ModifiedOn],[RowStatusId],[QueryParameterId],[Description])VALUES('he-IL',@strDefaultValue_CreatedBy, getdate(), @strDefaultValue_ModifiedBy,getdate(),@intRowStatus_Active,@intParamId,'Hebrew')

SELECT @intParamId = Id FROM [dbo].[QueryParameter] WHERE name = 'Country Code'
INSERT INTO [dbo].[QueryParameterValue]([Name],[CreatedBy],[CreatedOn],[ModifiedBy],[ModifiedOn],[RowStatusId],[QueryParameterId],[Description])VALUES('*',@strDefaultValue_CreatedBy, getdate(), @strDefaultValue_ModifiedBy,getdate(),@intRowStatus_Active,@intParamId,'*')
INSERT INTO [dbo].[QueryParameterValue]([Name],[CreatedBy],[CreatedOn],[ModifiedBy],[ModifiedOn],[RowStatusId],[QueryParameterId],[Description])VALUES('AFG',@strDefaultValue_CreatedBy, getdate(), @strDefaultValue_ModifiedBy,getdate(),@intRowStatus_Active,@intParamId,'AFGHANISTAN')
INSERT INTO [dbo].[QueryParameterValue]([Name],[CreatedBy],[CreatedOn],[ModifiedBy],[ModifiedOn],[RowStatusId],[QueryParameterId],[Description])VALUES('ALB',@strDefaultValue_CreatedBy, getdate(), @strDefaultValue_ModifiedBy,getdate(),@intRowStatus_Active,@intParamId,'ALBANIA')
INSERT INTO [dbo].[QueryParameterValue]([Name],[CreatedBy],[CreatedOn],[ModifiedBy],[ModifiedOn],[RowStatusId],[QueryParameterId],[Description])VALUES('DZA',@strDefaultValue_CreatedBy, getdate(), @strDefaultValue_ModifiedBy,getdate(),@intRowStatus_Active,@intParamId,'ALGERIA')
INSERT INTO [dbo].[QueryParameterValue]([Name],[CreatedBy],[CreatedOn],[ModifiedBy],[ModifiedOn],[RowStatusId],[QueryParameterId],[Description])VALUES('ASM',@strDefaultValue_CreatedBy, getdate(), @strDefaultValue_ModifiedBy,getdate(),@intRowStatus_Active,@intParamId,'AMERICAN SAMOA')
INSERT INTO [dbo].[QueryParameterValue]([Name],[CreatedBy],[CreatedOn],[ModifiedBy],[ModifiedOn],[RowStatusId],[QueryParameterId],[Description])VALUES('AND',@strDefaultValue_CreatedBy, getdate(), @strDefaultValue_ModifiedBy,getdate(),@intRowStatus_Active,@intParamId,'ANDORRA')
INSERT INTO [dbo].[QueryParameterValue]([Name],[CreatedBy],[CreatedOn],[ModifiedBy],[ModifiedOn],[RowStatusId],[QueryParameterId],[Description])VALUES('AGO',@strDefaultValue_CreatedBy, getdate(), @strDefaultValue_ModifiedBy,getdate(),@intRowStatus_Active,@intParamId,'ANGOLA')
INSERT INTO [dbo].[QueryParameterValue]([Name],[CreatedBy],[CreatedOn],[ModifiedBy],[ModifiedOn],[RowStatusId],[QueryParameterId],[Description])VALUES('AIA',@strDefaultValue_CreatedBy, getdate(), @strDefaultValue_ModifiedBy,getdate(),@intRowStatus_Active,@intParamId,'ANGUILLA')
INSERT INTO [dbo].[QueryParameterValue]([Name],[CreatedBy],[CreatedOn],[ModifiedBy],[ModifiedOn],[RowStatusId],[QueryParameterId],[Description])VALUES('ATA',@strDefaultValue_CreatedBy, getdate(), @strDefaultValue_ModifiedBy,getdate(),@intRowStatus_Active,@intParamId,'ANTARCTICA')
INSERT INTO [dbo].[QueryParameterValue]([Name],[CreatedBy],[CreatedOn],[ModifiedBy],[ModifiedOn],[RowStatusId],[QueryParameterId],[Description])VALUES('ATG',@strDefaultValue_CreatedBy, getdate(), @strDefaultValue_ModifiedBy,getdate(),@intRowStatus_Active,@intParamId,'ANTIGUA AND BARBUDA')
INSERT INTO [dbo].[QueryParameterValue]([Name],[CreatedBy],[CreatedOn],[ModifiedBy],[ModifiedOn],[RowStatusId],[QueryParameterId],[Description])VALUES('ARG',@strDefaultValue_CreatedBy, getdate(), @strDefaultValue_ModifiedBy,getdate(),@intRowStatus_Active,@intParamId,'ARGENTINA')
INSERT INTO [dbo].[QueryParameterValue]([Name],[CreatedBy],[CreatedOn],[ModifiedBy],[ModifiedOn],[RowStatusId],[QueryParameterId],[Description])VALUES('ARM',@strDefaultValue_CreatedBy, getdate(), @strDefaultValue_ModifiedBy,getdate(),@intRowStatus_Active,@intParamId,'ARMENIA')
INSERT INTO [dbo].[QueryParameterValue]([Name],[CreatedBy],[CreatedOn],[ModifiedBy],[ModifiedOn],[RowStatusId],[QueryParameterId],[Description])VALUES('ABW',@strDefaultValue_CreatedBy, getdate(), @strDefaultValue_ModifiedBy,getdate(),@intRowStatus_Active,@intParamId,'ARUBA')
INSERT INTO [dbo].[QueryParameterValue]([Name],[CreatedBy],[CreatedOn],[ModifiedBy],[ModifiedOn],[RowStatusId],[QueryParameterId],[Description])VALUES('AUS',@strDefaultValue_CreatedBy, getdate(), @strDefaultValue_ModifiedBy,getdate(),@intRowStatus_Active,@intParamId,'AUSTRALIA')
INSERT INTO [dbo].[QueryParameterValue]([Name],[CreatedBy],[CreatedOn],[ModifiedBy],[ModifiedOn],[RowStatusId],[QueryParameterId],[Description])VALUES('AUT',@strDefaultValue_CreatedBy, getdate(), @strDefaultValue_ModifiedBy,getdate(),@intRowStatus_Active,@intParamId,'AUSTRIA')
INSERT INTO [dbo].[QueryParameterValue]([Name],[CreatedBy],[CreatedOn],[ModifiedBy],[ModifiedOn],[RowStatusId],[QueryParameterId],[Description])VALUES('AZE',@strDefaultValue_CreatedBy, getdate(), @strDefaultValue_ModifiedBy,getdate(),@intRowStatus_Active,@intParamId,'AZERBAIJAN')
INSERT INTO [dbo].[QueryParameterValue]([Name],[CreatedBy],[CreatedOn],[ModifiedBy],[ModifiedOn],[RowStatusId],[QueryParameterId],[Description])VALUES('BHS',@strDefaultValue_CreatedBy, getdate(), @strDefaultValue_ModifiedBy,getdate(),@intRowStatus_Active,@intParamId,'BAHAMAS')
INSERT INTO [dbo].[QueryParameterValue]([Name],[CreatedBy],[CreatedOn],[ModifiedBy],[ModifiedOn],[RowStatusId],[QueryParameterId],[Description])VALUES('BHR',@strDefaultValue_CreatedBy, getdate(), @strDefaultValue_ModifiedBy,getdate(),@intRowStatus_Active,@intParamId,'BAHRAIN')
INSERT INTO [dbo].[QueryParameterValue]([Name],[CreatedBy],[CreatedOn],[ModifiedBy],[ModifiedOn],[RowStatusId],[QueryParameterId],[Description])VALUES('BGD',@strDefaultValue_CreatedBy, getdate(), @strDefaultValue_ModifiedBy,getdate(),@intRowStatus_Active,@intParamId,'BANGLADESH')
INSERT INTO [dbo].[QueryParameterValue]([Name],[CreatedBy],[CreatedOn],[ModifiedBy],[ModifiedOn],[RowStatusId],[QueryParameterId],[Description])VALUES('BRB',@strDefaultValue_CreatedBy, getdate(), @strDefaultValue_ModifiedBy,getdate(),@intRowStatus_Active,@intParamId,'BARBADOS')
INSERT INTO [dbo].[QueryParameterValue]([Name],[CreatedBy],[CreatedOn],[ModifiedBy],[ModifiedOn],[RowStatusId],[QueryParameterId],[Description])VALUES('BLR',@strDefaultValue_CreatedBy, getdate(), @strDefaultValue_ModifiedBy,getdate(),@intRowStatus_Active,@intParamId,'BELARUS')
INSERT INTO [dbo].[QueryParameterValue]([Name],[CreatedBy],[CreatedOn],[ModifiedBy],[ModifiedOn],[RowStatusId],[QueryParameterId],[Description])VALUES('BEL',@strDefaultValue_CreatedBy, getdate(), @strDefaultValue_ModifiedBy,getdate(),@intRowStatus_Active,@intParamId,'BELGIUM')
INSERT INTO [dbo].[QueryParameterValue]([Name],[CreatedBy],[CreatedOn],[ModifiedBy],[ModifiedOn],[RowStatusId],[QueryParameterId],[Description])VALUES('BLZ',@strDefaultValue_CreatedBy, getdate(), @strDefaultValue_ModifiedBy,getdate(),@intRowStatus_Active,@intParamId,'BELIZE')
INSERT INTO [dbo].[QueryParameterValue]([Name],[CreatedBy],[CreatedOn],[ModifiedBy],[ModifiedOn],[RowStatusId],[QueryParameterId],[Description])VALUES('BEN',@strDefaultValue_CreatedBy, getdate(), @strDefaultValue_ModifiedBy,getdate(),@intRowStatus_Active,@intParamId,'BENIN')
INSERT INTO [dbo].[QueryParameterValue]([Name],[CreatedBy],[CreatedOn],[ModifiedBy],[ModifiedOn],[RowStatusId],[QueryParameterId],[Description])VALUES('BMU',@strDefaultValue_CreatedBy, getdate(), @strDefaultValue_ModifiedBy,getdate(),@intRowStatus_Active,@intParamId,'BERMUDA')
INSERT INTO [dbo].[QueryParameterValue]([Name],[CreatedBy],[CreatedOn],[ModifiedBy],[ModifiedOn],[RowStatusId],[QueryParameterId],[Description])VALUES('BTN',@strDefaultValue_CreatedBy, getdate(), @strDefaultValue_ModifiedBy,getdate(),@intRowStatus_Active,@intParamId,'BHUTAN')
INSERT INTO [dbo].[QueryParameterValue]([Name],[CreatedBy],[CreatedOn],[ModifiedBy],[ModifiedOn],[RowStatusId],[QueryParameterId],[Description])VALUES('BOL',@strDefaultValue_CreatedBy, getdate(), @strDefaultValue_ModifiedBy,getdate(),@intRowStatus_Active,@intParamId,'BOLIVIA')
INSERT INTO [dbo].[QueryParameterValue]([Name],[CreatedBy],[CreatedOn],[ModifiedBy],[ModifiedOn],[RowStatusId],[QueryParameterId],[Description])VALUES('BIH',@strDefaultValue_CreatedBy, getdate(), @strDefaultValue_ModifiedBy,getdate(),@intRowStatus_Active,@intParamId,'BOSNIA AND HERZEGOWINA')
INSERT INTO [dbo].[QueryParameterValue]([Name],[CreatedBy],[CreatedOn],[ModifiedBy],[ModifiedOn],[RowStatusId],[QueryParameterId],[Description])VALUES('BWA',@strDefaultValue_CreatedBy, getdate(), @strDefaultValue_ModifiedBy,getdate(),@intRowStatus_Active,@intParamId,'BOTSWANA')
INSERT INTO [dbo].[QueryParameterValue]([Name],[CreatedBy],[CreatedOn],[ModifiedBy],[ModifiedOn],[RowStatusId],[QueryParameterId],[Description])VALUES('BVT',@strDefaultValue_CreatedBy, getdate(), @strDefaultValue_ModifiedBy,getdate(),@intRowStatus_Active,@intParamId,'BOUVET ISLAND')
INSERT INTO [dbo].[QueryParameterValue]([Name],[CreatedBy],[CreatedOn],[ModifiedBy],[ModifiedOn],[RowStatusId],[QueryParameterId],[Description])VALUES('BRA',@strDefaultValue_CreatedBy, getdate(), @strDefaultValue_ModifiedBy,getdate(),@intRowStatus_Active,@intParamId,'BRAZIL')
INSERT INTO [dbo].[QueryParameterValue]([Name],[CreatedBy],[CreatedOn],[ModifiedBy],[ModifiedOn],[RowStatusId],[QueryParameterId],[Description])VALUES('IOT',@strDefaultValue_CreatedBy, getdate(), @strDefaultValue_ModifiedBy,getdate(),@intRowStatus_Active,@intParamId,'BRITISH INDIAN OCEAN TERRITORY')
INSERT INTO [dbo].[QueryParameterValue]([Name],[CreatedBy],[CreatedOn],[ModifiedBy],[ModifiedOn],[RowStatusId],[QueryParameterId],[Description])VALUES('BRN',@strDefaultValue_CreatedBy, getdate(), @strDefaultValue_ModifiedBy,getdate(),@intRowStatus_Active,@intParamId,'BRUNEI DARUSSALAM')
INSERT INTO [dbo].[QueryParameterValue]([Name],[CreatedBy],[CreatedOn],[ModifiedBy],[ModifiedOn],[RowStatusId],[QueryParameterId],[Description])VALUES('BGR',@strDefaultValue_CreatedBy, getdate(), @strDefaultValue_ModifiedBy,getdate(),@intRowStatus_Active,@intParamId,'BULGARIA')
INSERT INTO [dbo].[QueryParameterValue]([Name],[CreatedBy],[CreatedOn],[ModifiedBy],[ModifiedOn],[RowStatusId],[QueryParameterId],[Description])VALUES('BFA',@strDefaultValue_CreatedBy, getdate(), @strDefaultValue_ModifiedBy,getdate(),@intRowStatus_Active,@intParamId,'BURKINA FASO')
INSERT INTO [dbo].[QueryParameterValue]([Name],[CreatedBy],[CreatedOn],[ModifiedBy],[ModifiedOn],[RowStatusId],[QueryParameterId],[Description])VALUES('BDI',@strDefaultValue_CreatedBy, getdate(), @strDefaultValue_ModifiedBy,getdate(),@intRowStatus_Active,@intParamId,'BURUNDI')
INSERT INTO [dbo].[QueryParameterValue]([Name],[CreatedBy],[CreatedOn],[ModifiedBy],[ModifiedOn],[RowStatusId],[QueryParameterId],[Description])VALUES('KHM',@strDefaultValue_CreatedBy, getdate(), @strDefaultValue_ModifiedBy,getdate(),@intRowStatus_Active,@intParamId,'CAMBODIA')
INSERT INTO [dbo].[QueryParameterValue]([Name],[CreatedBy],[CreatedOn],[ModifiedBy],[ModifiedOn],[RowStatusId],[QueryParameterId],[Description])VALUES('CMR',@strDefaultValue_CreatedBy, getdate(), @strDefaultValue_ModifiedBy,getdate(),@intRowStatus_Active,@intParamId,'CAMEROON')
INSERT INTO [dbo].[QueryParameterValue]([Name],[CreatedBy],[CreatedOn],[ModifiedBy],[ModifiedOn],[RowStatusId],[QueryParameterId],[Description])VALUES('CAN',@strDefaultValue_CreatedBy, getdate(), @strDefaultValue_ModifiedBy,getdate(),@intRowStatus_Active,@intParamId,'CANADA')
INSERT INTO [dbo].[QueryParameterValue]([Name],[CreatedBy],[CreatedOn],[ModifiedBy],[ModifiedOn],[RowStatusId],[QueryParameterId],[Description])VALUES('CPV',@strDefaultValue_CreatedBy, getdate(), @strDefaultValue_ModifiedBy,getdate(),@intRowStatus_Active,@intParamId,'CAPE VERDE')
INSERT INTO [dbo].[QueryParameterValue]([Name],[CreatedBy],[CreatedOn],[ModifiedBy],[ModifiedOn],[RowStatusId],[QueryParameterId],[Description])VALUES('CYM',@strDefaultValue_CreatedBy, getdate(), @strDefaultValue_ModifiedBy,getdate(),@intRowStatus_Active,@intParamId,'CAYMAN ISLANDS')
INSERT INTO [dbo].[QueryParameterValue]([Name],[CreatedBy],[CreatedOn],[ModifiedBy],[ModifiedOn],[RowStatusId],[QueryParameterId],[Description])VALUES('CAF',@strDefaultValue_CreatedBy, getdate(), @strDefaultValue_ModifiedBy,getdate(),@intRowStatus_Active,@intParamId,'CENTRAL AFRICAN REPUBLIC')
INSERT INTO [dbo].[QueryParameterValue]([Name],[CreatedBy],[CreatedOn],[ModifiedBy],[ModifiedOn],[RowStatusId],[QueryParameterId],[Description])VALUES('TCD',@strDefaultValue_CreatedBy, getdate(), @strDefaultValue_ModifiedBy,getdate(),@intRowStatus_Active,@intParamId,'CHAD')
INSERT INTO [dbo].[QueryParameterValue]([Name],[CreatedBy],[CreatedOn],[ModifiedBy],[ModifiedOn],[RowStatusId],[QueryParameterId],[Description])VALUES('CHL',@strDefaultValue_CreatedBy, getdate(), @strDefaultValue_ModifiedBy,getdate(),@intRowStatus_Active,@intParamId,'CHILE')
INSERT INTO [dbo].[QueryParameterValue]([Name],[CreatedBy],[CreatedOn],[ModifiedBy],[ModifiedOn],[RowStatusId],[QueryParameterId],[Description])VALUES('CHN',@strDefaultValue_CreatedBy, getdate(), @strDefaultValue_ModifiedBy,getdate(),@intRowStatus_Active,@intParamId,'CHINA')
INSERT INTO [dbo].[QueryParameterValue]([Name],[CreatedBy],[CreatedOn],[ModifiedBy],[ModifiedOn],[RowStatusId],[QueryParameterId],[Description])VALUES('CXR',@strDefaultValue_CreatedBy, getdate(), @strDefaultValue_ModifiedBy,getdate(),@intRowStatus_Active,@intParamId,'CHRISTMAS ISLAND')
INSERT INTO [dbo].[QueryParameterValue]([Name],[CreatedBy],[CreatedOn],[ModifiedBy],[ModifiedOn],[RowStatusId],[QueryParameterId],[Description])VALUES('CCK',@strDefaultValue_CreatedBy, getdate(), @strDefaultValue_ModifiedBy,getdate(),@intRowStatus_Active,@intParamId,'COCOS (KEELING) ISLANDS')
INSERT INTO [dbo].[QueryParameterValue]([Name],[CreatedBy],[CreatedOn],[ModifiedBy],[ModifiedOn],[RowStatusId],[QueryParameterId],[Description])VALUES('COL',@strDefaultValue_CreatedBy, getdate(), @strDefaultValue_ModifiedBy,getdate(),@intRowStatus_Active,@intParamId,'COLOMBIA')
INSERT INTO [dbo].[QueryParameterValue]([Name],[CreatedBy],[CreatedOn],[ModifiedBy],[ModifiedOn],[RowStatusId],[QueryParameterId],[Description])VALUES('COM',@strDefaultValue_CreatedBy, getdate(), @strDefaultValue_ModifiedBy,getdate(),@intRowStatus_Active,@intParamId,'COMOROS')
INSERT INTO [dbo].[QueryParameterValue]([Name],[CreatedBy],[CreatedOn],[ModifiedBy],[ModifiedOn],[RowStatusId],[QueryParameterId],[Description])VALUES('COG',@strDefaultValue_CreatedBy, getdate(), @strDefaultValue_ModifiedBy,getdate(),@intRowStatus_Active,@intParamId,'CONGO')
INSERT INTO [dbo].[QueryParameterValue]([Name],[CreatedBy],[CreatedOn],[ModifiedBy],[ModifiedOn],[RowStatusId],[QueryParameterId],[Description])VALUES('COD',@strDefaultValue_CreatedBy, getdate(), @strDefaultValue_ModifiedBy,getdate(),@intRowStatus_Active,@intParamId,'CONGO, THE DRC')
INSERT INTO [dbo].[QueryParameterValue]([Name],[CreatedBy],[CreatedOn],[ModifiedBy],[ModifiedOn],[RowStatusId],[QueryParameterId],[Description])VALUES('COK',@strDefaultValue_CreatedBy, getdate(), @strDefaultValue_ModifiedBy,getdate(),@intRowStatus_Active,@intParamId,'COOK ISLANDS')
INSERT INTO [dbo].[QueryParameterValue]([Name],[CreatedBy],[CreatedOn],[ModifiedBy],[ModifiedOn],[RowStatusId],[QueryParameterId],[Description])VALUES('CRI',@strDefaultValue_CreatedBy, getdate(), @strDefaultValue_ModifiedBy,getdate(),@intRowStatus_Active,@intParamId,'COSTA RICA')
INSERT INTO [dbo].[QueryParameterValue]([Name],[CreatedBy],[CreatedOn],[ModifiedBy],[ModifiedOn],[RowStatusId],[QueryParameterId],[Description])VALUES('CIV',@strDefaultValue_CreatedBy, getdate(), @strDefaultValue_ModifiedBy,getdate(),@intRowStatus_Active,@intParamId,'COTE D''IVOIRE')
INSERT INTO [dbo].[QueryParameterValue]([Name],[CreatedBy],[CreatedOn],[ModifiedBy],[ModifiedOn],[RowStatusId],[QueryParameterId],[Description])VALUES('HRV',@strDefaultValue_CreatedBy, getdate(), @strDefaultValue_ModifiedBy,getdate(),@intRowStatus_Active,@intParamId,'CROATIA (local name: Hrvatska)')
INSERT INTO [dbo].[QueryParameterValue]([Name],[CreatedBy],[CreatedOn],[ModifiedBy],[ModifiedOn],[RowStatusId],[QueryParameterId],[Description])VALUES('CUB',@strDefaultValue_CreatedBy, getdate(), @strDefaultValue_ModifiedBy,getdate(),@intRowStatus_Active,@intParamId,'CUBA')
INSERT INTO [dbo].[QueryParameterValue]([Name],[CreatedBy],[CreatedOn],[ModifiedBy],[ModifiedOn],[RowStatusId],[QueryParameterId],[Description])VALUES('CYP',@strDefaultValue_CreatedBy, getdate(), @strDefaultValue_ModifiedBy,getdate(),@intRowStatus_Active,@intParamId,'CYPRUS')
INSERT INTO [dbo].[QueryParameterValue]([Name],[CreatedBy],[CreatedOn],[ModifiedBy],[ModifiedOn],[RowStatusId],[QueryParameterId],[Description])VALUES('CZE',@strDefaultValue_CreatedBy, getdate(), @strDefaultValue_ModifiedBy,getdate(),@intRowStatus_Active,@intParamId,'CZECH REPUBLIC')
INSERT INTO [dbo].[QueryParameterValue]([Name],[CreatedBy],[CreatedOn],[ModifiedBy],[ModifiedOn],[RowStatusId],[QueryParameterId],[Description])VALUES('DNK',@strDefaultValue_CreatedBy, getdate(), @strDefaultValue_ModifiedBy,getdate(),@intRowStatus_Active,@intParamId,'DENMARK')
INSERT INTO [dbo].[QueryParameterValue]([Name],[CreatedBy],[CreatedOn],[ModifiedBy],[ModifiedOn],[RowStatusId],[QueryParameterId],[Description])VALUES('DJI',@strDefaultValue_CreatedBy, getdate(), @strDefaultValue_ModifiedBy,getdate(),@intRowStatus_Active,@intParamId,'DJIBOUTI')
INSERT INTO [dbo].[QueryParameterValue]([Name],[CreatedBy],[CreatedOn],[ModifiedBy],[ModifiedOn],[RowStatusId],[QueryParameterId],[Description])VALUES('DMA',@strDefaultValue_CreatedBy, getdate(), @strDefaultValue_ModifiedBy,getdate(),@intRowStatus_Active,@intParamId,'DOMINICA')
INSERT INTO [dbo].[QueryParameterValue]([Name],[CreatedBy],[CreatedOn],[ModifiedBy],[ModifiedOn],[RowStatusId],[QueryParameterId],[Description])VALUES('DOM',@strDefaultValue_CreatedBy, getdate(), @strDefaultValue_ModifiedBy,getdate(),@intRowStatus_Active,@intParamId,'DOMINICAN REPUBLIC')
INSERT INTO [dbo].[QueryParameterValue]([Name],[CreatedBy],[CreatedOn],[ModifiedBy],[ModifiedOn],[RowStatusId],[QueryParameterId],[Description])VALUES('TMP',@strDefaultValue_CreatedBy, getdate(), @strDefaultValue_ModifiedBy,getdate(),@intRowStatus_Active,@intParamId,'EAST TIMOR')
INSERT INTO [dbo].[QueryParameterValue]([Name],[CreatedBy],[CreatedOn],[ModifiedBy],[ModifiedOn],[RowStatusId],[QueryParameterId],[Description])VALUES('ECU',@strDefaultValue_CreatedBy, getdate(), @strDefaultValue_ModifiedBy,getdate(),@intRowStatus_Active,@intParamId,'ECUADOR')
INSERT INTO [dbo].[QueryParameterValue]([Name],[CreatedBy],[CreatedOn],[ModifiedBy],[ModifiedOn],[RowStatusId],[QueryParameterId],[Description])VALUES('EGY',@strDefaultValue_CreatedBy, getdate(), @strDefaultValue_ModifiedBy,getdate(),@intRowStatus_Active,@intParamId,'EGYPT')
INSERT INTO [dbo].[QueryParameterValue]([Name],[CreatedBy],[CreatedOn],[ModifiedBy],[ModifiedOn],[RowStatusId],[QueryParameterId],[Description])VALUES('SLV',@strDefaultValue_CreatedBy, getdate(), @strDefaultValue_ModifiedBy,getdate(),@intRowStatus_Active,@intParamId,'EL SALVADOR')
INSERT INTO [dbo].[QueryParameterValue]([Name],[CreatedBy],[CreatedOn],[ModifiedBy],[ModifiedOn],[RowStatusId],[QueryParameterId],[Description])VALUES('GNQ',@strDefaultValue_CreatedBy, getdate(), @strDefaultValue_ModifiedBy,getdate(),@intRowStatus_Active,@intParamId,'EQUATORIAL GUINEA')
INSERT INTO [dbo].[QueryParameterValue]([Name],[CreatedBy],[CreatedOn],[ModifiedBy],[ModifiedOn],[RowStatusId],[QueryParameterId],[Description])VALUES('ERI',@strDefaultValue_CreatedBy, getdate(), @strDefaultValue_ModifiedBy,getdate(),@intRowStatus_Active,@intParamId,'ERITREA')
INSERT INTO [dbo].[QueryParameterValue]([Name],[CreatedBy],[CreatedOn],[ModifiedBy],[ModifiedOn],[RowStatusId],[QueryParameterId],[Description])VALUES('EST',@strDefaultValue_CreatedBy, getdate(), @strDefaultValue_ModifiedBy,getdate(),@intRowStatus_Active,@intParamId,'ESTONIA')
INSERT INTO [dbo].[QueryParameterValue]([Name],[CreatedBy],[CreatedOn],[ModifiedBy],[ModifiedOn],[RowStatusId],[QueryParameterId],[Description])VALUES('ETH',@strDefaultValue_CreatedBy, getdate(), @strDefaultValue_ModifiedBy,getdate(),@intRowStatus_Active,@intParamId,'ETHIOPIA')
INSERT INTO [dbo].[QueryParameterValue]([Name],[CreatedBy],[CreatedOn],[ModifiedBy],[ModifiedOn],[RowStatusId],[QueryParameterId],[Description])VALUES('FLK',@strDefaultValue_CreatedBy, getdate(), @strDefaultValue_ModifiedBy,getdate(),@intRowStatus_Active,@intParamId,'FALKLAND ISLANDS (MALVINAS)')
INSERT INTO [dbo].[QueryParameterValue]([Name],[CreatedBy],[CreatedOn],[ModifiedBy],[ModifiedOn],[RowStatusId],[QueryParameterId],[Description])VALUES('FRO',@strDefaultValue_CreatedBy, getdate(), @strDefaultValue_ModifiedBy,getdate(),@intRowStatus_Active,@intParamId,'FAROE ISLANDS')
INSERT INTO [dbo].[QueryParameterValue]([Name],[CreatedBy],[CreatedOn],[ModifiedBy],[ModifiedOn],[RowStatusId],[QueryParameterId],[Description])VALUES('FJI',@strDefaultValue_CreatedBy, getdate(), @strDefaultValue_ModifiedBy,getdate(),@intRowStatus_Active,@intParamId,'FIJI')
INSERT INTO [dbo].[QueryParameterValue]([Name],[CreatedBy],[CreatedOn],[ModifiedBy],[ModifiedOn],[RowStatusId],[QueryParameterId],[Description])VALUES('FIN',@strDefaultValue_CreatedBy, getdate(), @strDefaultValue_ModifiedBy,getdate(),@intRowStatus_Active,@intParamId,'FINLAND')
INSERT INTO [dbo].[QueryParameterValue]([Name],[CreatedBy],[CreatedOn],[ModifiedBy],[ModifiedOn],[RowStatusId],[QueryParameterId],[Description])VALUES('FRA',@strDefaultValue_CreatedBy, getdate(), @strDefaultValue_ModifiedBy,getdate(),@intRowStatus_Active,@intParamId,'FRANCE')
INSERT INTO [dbo].[QueryParameterValue]([Name],[CreatedBy],[CreatedOn],[ModifiedBy],[ModifiedOn],[RowStatusId],[QueryParameterId],[Description])VALUES('FXX',@strDefaultValue_CreatedBy, getdate(), @strDefaultValue_ModifiedBy,getdate(),@intRowStatus_Active,@intParamId,'FRANCE, METROPOLITAN')
INSERT INTO [dbo].[QueryParameterValue]([Name],[CreatedBy],[CreatedOn],[ModifiedBy],[ModifiedOn],[RowStatusId],[QueryParameterId],[Description])VALUES('GUF',@strDefaultValue_CreatedBy, getdate(), @strDefaultValue_ModifiedBy,getdate(),@intRowStatus_Active,@intParamId,'FRENCH GUIANA')
INSERT INTO [dbo].[QueryParameterValue]([Name],[CreatedBy],[CreatedOn],[ModifiedBy],[ModifiedOn],[RowStatusId],[QueryParameterId],[Description])VALUES('PYF',@strDefaultValue_CreatedBy, getdate(), @strDefaultValue_ModifiedBy,getdate(),@intRowStatus_Active,@intParamId,'FRENCH POLYNESIA')
INSERT INTO [dbo].[QueryParameterValue]([Name],[CreatedBy],[CreatedOn],[ModifiedBy],[ModifiedOn],[RowStatusId],[QueryParameterId],[Description])VALUES('ATF',@strDefaultValue_CreatedBy, getdate(), @strDefaultValue_ModifiedBy,getdate(),@intRowStatus_Active,@intParamId,'FRENCH SOUTHERN TERRITORIES')
INSERT INTO [dbo].[QueryParameterValue]([Name],[CreatedBy],[CreatedOn],[ModifiedBy],[ModifiedOn],[RowStatusId],[QueryParameterId],[Description])VALUES('GAB',@strDefaultValue_CreatedBy, getdate(), @strDefaultValue_ModifiedBy,getdate(),@intRowStatus_Active,@intParamId,'GABON')
INSERT INTO [dbo].[QueryParameterValue]([Name],[CreatedBy],[CreatedOn],[ModifiedBy],[ModifiedOn],[RowStatusId],[QueryParameterId],[Description])VALUES('GMB',@strDefaultValue_CreatedBy, getdate(), @strDefaultValue_ModifiedBy,getdate(),@intRowStatus_Active,@intParamId,'GAMBIA')
INSERT INTO [dbo].[QueryParameterValue]([Name],[CreatedBy],[CreatedOn],[ModifiedBy],[ModifiedOn],[RowStatusId],[QueryParameterId],[Description])VALUES('GEO',@strDefaultValue_CreatedBy, getdate(), @strDefaultValue_ModifiedBy,getdate(),@intRowStatus_Active,@intParamId,'GEORGIA')
INSERT INTO [dbo].[QueryParameterValue]([Name],[CreatedBy],[CreatedOn],[ModifiedBy],[ModifiedOn],[RowStatusId],[QueryParameterId],[Description])VALUES('DEU',@strDefaultValue_CreatedBy, getdate(), @strDefaultValue_ModifiedBy,getdate(),@intRowStatus_Active,@intParamId,'GERMANY')
INSERT INTO [dbo].[QueryParameterValue]([Name],[CreatedBy],[CreatedOn],[ModifiedBy],[ModifiedOn],[RowStatusId],[QueryParameterId],[Description])VALUES('GHA',@strDefaultValue_CreatedBy, getdate(), @strDefaultValue_ModifiedBy,getdate(),@intRowStatus_Active,@intParamId,'GHANA')
INSERT INTO [dbo].[QueryParameterValue]([Name],[CreatedBy],[CreatedOn],[ModifiedBy],[ModifiedOn],[RowStatusId],[QueryParameterId],[Description])VALUES('GIB',@strDefaultValue_CreatedBy, getdate(), @strDefaultValue_ModifiedBy,getdate(),@intRowStatus_Active,@intParamId,'GIBRALTAR')
INSERT INTO [dbo].[QueryParameterValue]([Name],[CreatedBy],[CreatedOn],[ModifiedBy],[ModifiedOn],[RowStatusId],[QueryParameterId],[Description])VALUES('GRC',@strDefaultValue_CreatedBy, getdate(), @strDefaultValue_ModifiedBy,getdate(),@intRowStatus_Active,@intParamId,'GREECE')
INSERT INTO [dbo].[QueryParameterValue]([Name],[CreatedBy],[CreatedOn],[ModifiedBy],[ModifiedOn],[RowStatusId],[QueryParameterId],[Description])VALUES('GRL',@strDefaultValue_CreatedBy, getdate(), @strDefaultValue_ModifiedBy,getdate(),@intRowStatus_Active,@intParamId,'GREENLAND')
INSERT INTO [dbo].[QueryParameterValue]([Name],[CreatedBy],[CreatedOn],[ModifiedBy],[ModifiedOn],[RowStatusId],[QueryParameterId],[Description])VALUES('GRD',@strDefaultValue_CreatedBy, getdate(), @strDefaultValue_ModifiedBy,getdate(),@intRowStatus_Active,@intParamId,'GRENADA')
INSERT INTO [dbo].[QueryParameterValue]([Name],[CreatedBy],[CreatedOn],[ModifiedBy],[ModifiedOn],[RowStatusId],[QueryParameterId],[Description])VALUES('GLP',@strDefaultValue_CreatedBy, getdate(), @strDefaultValue_ModifiedBy,getdate(),@intRowStatus_Active,@intParamId,'GUADELOUPE')
INSERT INTO [dbo].[QueryParameterValue]([Name],[CreatedBy],[CreatedOn],[ModifiedBy],[ModifiedOn],[RowStatusId],[QueryParameterId],[Description])VALUES('GUM',@strDefaultValue_CreatedBy, getdate(), @strDefaultValue_ModifiedBy,getdate(),@intRowStatus_Active,@intParamId,'GUAM')
INSERT INTO [dbo].[QueryParameterValue]([Name],[CreatedBy],[CreatedOn],[ModifiedBy],[ModifiedOn],[RowStatusId],[QueryParameterId],[Description])VALUES('GTM',@strDefaultValue_CreatedBy, getdate(), @strDefaultValue_ModifiedBy,getdate(),@intRowStatus_Active,@intParamId,'GUATEMALA')
INSERT INTO [dbo].[QueryParameterValue]([Name],[CreatedBy],[CreatedOn],[ModifiedBy],[ModifiedOn],[RowStatusId],[QueryParameterId],[Description])VALUES('GIN',@strDefaultValue_CreatedBy, getdate(), @strDefaultValue_ModifiedBy,getdate(),@intRowStatus_Active,@intParamId,'GUINEA')
INSERT INTO [dbo].[QueryParameterValue]([Name],[CreatedBy],[CreatedOn],[ModifiedBy],[ModifiedOn],[RowStatusId],[QueryParameterId],[Description])VALUES('GNB',@strDefaultValue_CreatedBy, getdate(), @strDefaultValue_ModifiedBy,getdate(),@intRowStatus_Active,@intParamId,'GUINEA-BISSAU')
INSERT INTO [dbo].[QueryParameterValue]([Name],[CreatedBy],[CreatedOn],[ModifiedBy],[ModifiedOn],[RowStatusId],[QueryParameterId],[Description])VALUES('GUY',@strDefaultValue_CreatedBy, getdate(), @strDefaultValue_ModifiedBy,getdate(),@intRowStatus_Active,@intParamId,'GUYANA')
INSERT INTO [dbo].[QueryParameterValue]([Name],[CreatedBy],[CreatedOn],[ModifiedBy],[ModifiedOn],[RowStatusId],[QueryParameterId],[Description])VALUES('HTI',@strDefaultValue_CreatedBy, getdate(), @strDefaultValue_ModifiedBy,getdate(),@intRowStatus_Active,@intParamId,'HAITI')
INSERT INTO [dbo].[QueryParameterValue]([Name],[CreatedBy],[CreatedOn],[ModifiedBy],[ModifiedOn],[RowStatusId],[QueryParameterId],[Description])VALUES('HMD',@strDefaultValue_CreatedBy, getdate(), @strDefaultValue_ModifiedBy,getdate(),@intRowStatus_Active,@intParamId,'HEARD AND MC DONALD ISLANDS')
INSERT INTO [dbo].[QueryParameterValue]([Name],[CreatedBy],[CreatedOn],[ModifiedBy],[ModifiedOn],[RowStatusId],[QueryParameterId],[Description])VALUES('VAT',@strDefaultValue_CreatedBy, getdate(), @strDefaultValue_ModifiedBy,getdate(),@intRowStatus_Active,@intParamId,'HOLY SEE (VATICAN CITY STATE)')
INSERT INTO [dbo].[QueryParameterValue]([Name],[CreatedBy],[CreatedOn],[ModifiedBy],[ModifiedOn],[RowStatusId],[QueryParameterId],[Description])VALUES('HND',@strDefaultValue_CreatedBy, getdate(), @strDefaultValue_ModifiedBy,getdate(),@intRowStatus_Active,@intParamId,'HONDURAS')
INSERT INTO [dbo].[QueryParameterValue]([Name],[CreatedBy],[CreatedOn],[ModifiedBy],[ModifiedOn],[RowStatusId],[QueryParameterId],[Description])VALUES('HKG',@strDefaultValue_CreatedBy, getdate(), @strDefaultValue_ModifiedBy,getdate(),@intRowStatus_Active,@intParamId,'HONG KONG')
INSERT INTO [dbo].[QueryParameterValue]([Name],[CreatedBy],[CreatedOn],[ModifiedBy],[ModifiedOn],[RowStatusId],[QueryParameterId],[Description])VALUES('HUN',@strDefaultValue_CreatedBy, getdate(), @strDefaultValue_ModifiedBy,getdate(),@intRowStatus_Active,@intParamId,'HUNGARY')
INSERT INTO [dbo].[QueryParameterValue]([Name],[CreatedBy],[CreatedOn],[ModifiedBy],[ModifiedOn],[RowStatusId],[QueryParameterId],[Description])VALUES('ISL',@strDefaultValue_CreatedBy, getdate(), @strDefaultValue_ModifiedBy,getdate(),@intRowStatus_Active,@intParamId,'ICELAND')
INSERT INTO [dbo].[QueryParameterValue]([Name],[CreatedBy],[CreatedOn],[ModifiedBy],[ModifiedOn],[RowStatusId],[QueryParameterId],[Description])VALUES('IND',@strDefaultValue_CreatedBy, getdate(), @strDefaultValue_ModifiedBy,getdate(),@intRowStatus_Active,@intParamId,'INDIA')
INSERT INTO [dbo].[QueryParameterValue]([Name],[CreatedBy],[CreatedOn],[ModifiedBy],[ModifiedOn],[RowStatusId],[QueryParameterId],[Description])VALUES('IDN',@strDefaultValue_CreatedBy, getdate(), @strDefaultValue_ModifiedBy,getdate(),@intRowStatus_Active,@intParamId,'INDONESIA')
INSERT INTO [dbo].[QueryParameterValue]([Name],[CreatedBy],[CreatedOn],[ModifiedBy],[ModifiedOn],[RowStatusId],[QueryParameterId],[Description])VALUES('IRN',@strDefaultValue_CreatedBy, getdate(), @strDefaultValue_ModifiedBy,getdate(),@intRowStatus_Active,@intParamId,'IRAN (ISLAMIC REPUBLIC OF)')
INSERT INTO [dbo].[QueryParameterValue]([Name],[CreatedBy],[CreatedOn],[ModifiedBy],[ModifiedOn],[RowStatusId],[QueryParameterId],[Description])VALUES('IRQ',@strDefaultValue_CreatedBy, getdate(), @strDefaultValue_ModifiedBy,getdate(),@intRowStatus_Active,@intParamId,'IRAQ')
INSERT INTO [dbo].[QueryParameterValue]([Name],[CreatedBy],[CreatedOn],[ModifiedBy],[ModifiedOn],[RowStatusId],[QueryParameterId],[Description])VALUES('IRL',@strDefaultValue_CreatedBy, getdate(), @strDefaultValue_ModifiedBy,getdate(),@intRowStatus_Active,@intParamId,'IRELAND')
INSERT INTO [dbo].[QueryParameterValue]([Name],[CreatedBy],[CreatedOn],[ModifiedBy],[ModifiedOn],[RowStatusId],[QueryParameterId],[Description])VALUES('ISR',@strDefaultValue_CreatedBy, getdate(), @strDefaultValue_ModifiedBy,getdate(),@intRowStatus_Active,@intParamId,'ISRAEL')
INSERT INTO [dbo].[QueryParameterValue]([Name],[CreatedBy],[CreatedOn],[ModifiedBy],[ModifiedOn],[RowStatusId],[QueryParameterId],[Description])VALUES('ITA',@strDefaultValue_CreatedBy, getdate(), @strDefaultValue_ModifiedBy,getdate(),@intRowStatus_Active,@intParamId,'ITALY')
INSERT INTO [dbo].[QueryParameterValue]([Name],[CreatedBy],[CreatedOn],[ModifiedBy],[ModifiedOn],[RowStatusId],[QueryParameterId],[Description])VALUES('JAM',@strDefaultValue_CreatedBy, getdate(), @strDefaultValue_ModifiedBy,getdate(),@intRowStatus_Active,@intParamId,'JAMAICA')
INSERT INTO [dbo].[QueryParameterValue]([Name],[CreatedBy],[CreatedOn],[ModifiedBy],[ModifiedOn],[RowStatusId],[QueryParameterId],[Description])VALUES('JPN',@strDefaultValue_CreatedBy, getdate(), @strDefaultValue_ModifiedBy,getdate(),@intRowStatus_Active,@intParamId,'JAPAN')
INSERT INTO [dbo].[QueryParameterValue]([Name],[CreatedBy],[CreatedOn],[ModifiedBy],[ModifiedOn],[RowStatusId],[QueryParameterId],[Description])VALUES('JOR',@strDefaultValue_CreatedBy, getdate(), @strDefaultValue_ModifiedBy,getdate(),@intRowStatus_Active,@intParamId,'JORDAN')
INSERT INTO [dbo].[QueryParameterValue]([Name],[CreatedBy],[CreatedOn],[ModifiedBy],[ModifiedOn],[RowStatusId],[QueryParameterId],[Description])VALUES('KAZ',@strDefaultValue_CreatedBy, getdate(), @strDefaultValue_ModifiedBy,getdate(),@intRowStatus_Active,@intParamId,'KAZAKHSTAN')
INSERT INTO [dbo].[QueryParameterValue]([Name],[CreatedBy],[CreatedOn],[ModifiedBy],[ModifiedOn],[RowStatusId],[QueryParameterId],[Description])VALUES('KEN',@strDefaultValue_CreatedBy, getdate(), @strDefaultValue_ModifiedBy,getdate(),@intRowStatus_Active,@intParamId,'KENYA')
INSERT INTO [dbo].[QueryParameterValue]([Name],[CreatedBy],[CreatedOn],[ModifiedBy],[ModifiedOn],[RowStatusId],[QueryParameterId],[Description])VALUES('KIR',@strDefaultValue_CreatedBy, getdate(), @strDefaultValue_ModifiedBy,getdate(),@intRowStatus_Active,@intParamId,'KIRIBATI')
INSERT INTO [dbo].[QueryParameterValue]([Name],[CreatedBy],[CreatedOn],[ModifiedBy],[ModifiedOn],[RowStatusId],[QueryParameterId],[Description])VALUES('PRK',@strDefaultValue_CreatedBy, getdate(), @strDefaultValue_ModifiedBy,getdate(),@intRowStatus_Active,@intParamId,'KOREA, D.P.R.O.')
INSERT INTO [dbo].[QueryParameterValue]([Name],[CreatedBy],[CreatedOn],[ModifiedBy],[ModifiedOn],[RowStatusId],[QueryParameterId],[Description])VALUES('KOR',@strDefaultValue_CreatedBy, getdate(), @strDefaultValue_ModifiedBy,getdate(),@intRowStatus_Active,@intParamId,'KOREA, REPUBLIC OF')
INSERT INTO [dbo].[QueryParameterValue]([Name],[CreatedBy],[CreatedOn],[ModifiedBy],[ModifiedOn],[RowStatusId],[QueryParameterId],[Description])VALUES('KWT',@strDefaultValue_CreatedBy, getdate(), @strDefaultValue_ModifiedBy,getdate(),@intRowStatus_Active,@intParamId,'KUWAIT')
INSERT INTO [dbo].[QueryParameterValue]([Name],[CreatedBy],[CreatedOn],[ModifiedBy],[ModifiedOn],[RowStatusId],[QueryParameterId],[Description])VALUES('KGZ',@strDefaultValue_CreatedBy, getdate(), @strDefaultValue_ModifiedBy,getdate(),@intRowStatus_Active,@intParamId,'KYRGYZSTAN')
INSERT INTO [dbo].[QueryParameterValue]([Name],[CreatedBy],[CreatedOn],[ModifiedBy],[ModifiedOn],[RowStatusId],[QueryParameterId],[Description])VALUES('LAO',@strDefaultValue_CreatedBy, getdate(), @strDefaultValue_ModifiedBy,getdate(),@intRowStatus_Active,@intParamId,'LAOS')
INSERT INTO [dbo].[QueryParameterValue]([Name],[CreatedBy],[CreatedOn],[ModifiedBy],[ModifiedOn],[RowStatusId],[QueryParameterId],[Description])VALUES('LVA',@strDefaultValue_CreatedBy, getdate(), @strDefaultValue_ModifiedBy,getdate(),@intRowStatus_Active,@intParamId,'LATVIA')
INSERT INTO [dbo].[QueryParameterValue]([Name],[CreatedBy],[CreatedOn],[ModifiedBy],[ModifiedOn],[RowStatusId],[QueryParameterId],[Description])VALUES('LBN',@strDefaultValue_CreatedBy, getdate(), @strDefaultValue_ModifiedBy,getdate(),@intRowStatus_Active,@intParamId,'LEBANON')
INSERT INTO [dbo].[QueryParameterValue]([Name],[CreatedBy],[CreatedOn],[ModifiedBy],[ModifiedOn],[RowStatusId],[QueryParameterId],[Description])VALUES('LSO',@strDefaultValue_CreatedBy, getdate(), @strDefaultValue_ModifiedBy,getdate(),@intRowStatus_Active,@intParamId,'LESOTHO')
INSERT INTO [dbo].[QueryParameterValue]([Name],[CreatedBy],[CreatedOn],[ModifiedBy],[ModifiedOn],[RowStatusId],[QueryParameterId],[Description])VALUES('LBR',@strDefaultValue_CreatedBy, getdate(), @strDefaultValue_ModifiedBy,getdate(),@intRowStatus_Active,@intParamId,'LIBERIA')
INSERT INTO [dbo].[QueryParameterValue]([Name],[CreatedBy],[CreatedOn],[ModifiedBy],[ModifiedOn],[RowStatusId],[QueryParameterId],[Description])VALUES('LBY',@strDefaultValue_CreatedBy, getdate(), @strDefaultValue_ModifiedBy,getdate(),@intRowStatus_Active,@intParamId,'LIBYAN ARAB JAMAHIRIYA')
INSERT INTO [dbo].[QueryParameterValue]([Name],[CreatedBy],[CreatedOn],[ModifiedBy],[ModifiedOn],[RowStatusId],[QueryParameterId],[Description])VALUES('LIE',@strDefaultValue_CreatedBy, getdate(), @strDefaultValue_ModifiedBy,getdate(),@intRowStatus_Active,@intParamId,'LIECHTENSTEIN')
INSERT INTO [dbo].[QueryParameterValue]([Name],[CreatedBy],[CreatedOn],[ModifiedBy],[ModifiedOn],[RowStatusId],[QueryParameterId],[Description])VALUES('LTU',@strDefaultValue_CreatedBy, getdate(), @strDefaultValue_ModifiedBy,getdate(),@intRowStatus_Active,@intParamId,'LITHUANIA')
INSERT INTO [dbo].[QueryParameterValue]([Name],[CreatedBy],[CreatedOn],[ModifiedBy],[ModifiedOn],[RowStatusId],[QueryParameterId],[Description])VALUES('LUX',@strDefaultValue_CreatedBy, getdate(), @strDefaultValue_ModifiedBy,getdate(),@intRowStatus_Active,@intParamId,'LUXEMBOURG')
INSERT INTO [dbo].[QueryParameterValue]([Name],[CreatedBy],[CreatedOn],[ModifiedBy],[ModifiedOn],[RowStatusId],[QueryParameterId],[Description])VALUES('MAC',@strDefaultValue_CreatedBy, getdate(), @strDefaultValue_ModifiedBy,getdate(),@intRowStatus_Active,@intParamId,'MACAU')
INSERT INTO [dbo].[QueryParameterValue]([Name],[CreatedBy],[CreatedOn],[ModifiedBy],[ModifiedOn],[RowStatusId],[QueryParameterId],[Description])VALUES('MKD',@strDefaultValue_CreatedBy, getdate(), @strDefaultValue_ModifiedBy,getdate(),@intRowStatus_Active,@intParamId,'MACEDONIA')
INSERT INTO [dbo].[QueryParameterValue]([Name],[CreatedBy],[CreatedOn],[ModifiedBy],[ModifiedOn],[RowStatusId],[QueryParameterId],[Description])VALUES('MDG',@strDefaultValue_CreatedBy, getdate(), @strDefaultValue_ModifiedBy,getdate(),@intRowStatus_Active,@intParamId,'MADAGASCAR')
INSERT INTO [dbo].[QueryParameterValue]([Name],[CreatedBy],[CreatedOn],[ModifiedBy],[ModifiedOn],[RowStatusId],[QueryParameterId],[Description])VALUES('MWI',@strDefaultValue_CreatedBy, getdate(), @strDefaultValue_ModifiedBy,getdate(),@intRowStatus_Active,@intParamId,'MALAWI')
INSERT INTO [dbo].[QueryParameterValue]([Name],[CreatedBy],[CreatedOn],[ModifiedBy],[ModifiedOn],[RowStatusId],[QueryParameterId],[Description])VALUES('MYS',@strDefaultValue_CreatedBy, getdate(), @strDefaultValue_ModifiedBy,getdate(),@intRowStatus_Active,@intParamId,'MALAYSIA')
INSERT INTO [dbo].[QueryParameterValue]([Name],[CreatedBy],[CreatedOn],[ModifiedBy],[ModifiedOn],[RowStatusId],[QueryParameterId],[Description])VALUES('MDV',@strDefaultValue_CreatedBy, getdate(), @strDefaultValue_ModifiedBy,getdate(),@intRowStatus_Active,@intParamId,'MALDIVES')
INSERT INTO [dbo].[QueryParameterValue]([Name],[CreatedBy],[CreatedOn],[ModifiedBy],[ModifiedOn],[RowStatusId],[QueryParameterId],[Description])VALUES('MLI',@strDefaultValue_CreatedBy, getdate(), @strDefaultValue_ModifiedBy,getdate(),@intRowStatus_Active,@intParamId,'MALI')
INSERT INTO [dbo].[QueryParameterValue]([Name],[CreatedBy],[CreatedOn],[ModifiedBy],[ModifiedOn],[RowStatusId],[QueryParameterId],[Description])VALUES('MLT',@strDefaultValue_CreatedBy, getdate(), @strDefaultValue_ModifiedBy,getdate(),@intRowStatus_Active,@intParamId,'MALTA')
INSERT INTO [dbo].[QueryParameterValue]([Name],[CreatedBy],[CreatedOn],[ModifiedBy],[ModifiedOn],[RowStatusId],[QueryParameterId],[Description])VALUES('MHL',@strDefaultValue_CreatedBy, getdate(), @strDefaultValue_ModifiedBy,getdate(),@intRowStatus_Active,@intParamId,'MARSHALL ISLANDS')
INSERT INTO [dbo].[QueryParameterValue]([Name],[CreatedBy],[CreatedOn],[ModifiedBy],[ModifiedOn],[RowStatusId],[QueryParameterId],[Description])VALUES('MTQ',@strDefaultValue_CreatedBy, getdate(), @strDefaultValue_ModifiedBy,getdate(),@intRowStatus_Active,@intParamId,'MARTINIQUE')
INSERT INTO [dbo].[QueryParameterValue]([Name],[CreatedBy],[CreatedOn],[ModifiedBy],[ModifiedOn],[RowStatusId],[QueryParameterId],[Description])VALUES('MRT',@strDefaultValue_CreatedBy, getdate(), @strDefaultValue_ModifiedBy,getdate(),@intRowStatus_Active,@intParamId,'MAURITANIA')
INSERT INTO [dbo].[QueryParameterValue]([Name],[CreatedBy],[CreatedOn],[ModifiedBy],[ModifiedOn],[RowStatusId],[QueryParameterId],[Description])VALUES('MUS',@strDefaultValue_CreatedBy, getdate(), @strDefaultValue_ModifiedBy,getdate(),@intRowStatus_Active,@intParamId,'MAURITIUS')
INSERT INTO [dbo].[QueryParameterValue]([Name],[CreatedBy],[CreatedOn],[ModifiedBy],[ModifiedOn],[RowStatusId],[QueryParameterId],[Description])VALUES('MYT',@strDefaultValue_CreatedBy, getdate(), @strDefaultValue_ModifiedBy,getdate(),@intRowStatus_Active,@intParamId,'MAYOTTE')
INSERT INTO [dbo].[QueryParameterValue]([Name],[CreatedBy],[CreatedOn],[ModifiedBy],[ModifiedOn],[RowStatusId],[QueryParameterId],[Description])VALUES('MEX',@strDefaultValue_CreatedBy, getdate(), @strDefaultValue_ModifiedBy,getdate(),@intRowStatus_Active,@intParamId,'MEXICO')
INSERT INTO [dbo].[QueryParameterValue]([Name],[CreatedBy],[CreatedOn],[ModifiedBy],[ModifiedOn],[RowStatusId],[QueryParameterId],[Description])VALUES('FSM',@strDefaultValue_CreatedBy, getdate(), @strDefaultValue_ModifiedBy,getdate(),@intRowStatus_Active,@intParamId,'MICRONESIA, FEDERATED STATES OF')
INSERT INTO [dbo].[QueryParameterValue]([Name],[CreatedBy],[CreatedOn],[ModifiedBy],[ModifiedOn],[RowStatusId],[QueryParameterId],[Description])VALUES('MDA',@strDefaultValue_CreatedBy, getdate(), @strDefaultValue_ModifiedBy,getdate(),@intRowStatus_Active,@intParamId,'MOLDOVA, REPUBLIC OF')
INSERT INTO [dbo].[QueryParameterValue]([Name],[CreatedBy],[CreatedOn],[ModifiedBy],[ModifiedOn],[RowStatusId],[QueryParameterId],[Description])VALUES('MCO',@strDefaultValue_CreatedBy, getdate(), @strDefaultValue_ModifiedBy,getdate(),@intRowStatus_Active,@intParamId,'MONACO')
INSERT INTO [dbo].[QueryParameterValue]([Name],[CreatedBy],[CreatedOn],[ModifiedBy],[ModifiedOn],[RowStatusId],[QueryParameterId],[Description])VALUES('MNG',@strDefaultValue_CreatedBy, getdate(), @strDefaultValue_ModifiedBy,getdate(),@intRowStatus_Active,@intParamId,'MONGOLIA')
INSERT INTO [dbo].[QueryParameterValue]([Name],[CreatedBy],[CreatedOn],[ModifiedBy],[ModifiedOn],[RowStatusId],[QueryParameterId],[Description])VALUES('MSR',@strDefaultValue_CreatedBy, getdate(), @strDefaultValue_ModifiedBy,getdate(),@intRowStatus_Active,@intParamId,'MONTSERRAT')
INSERT INTO [dbo].[QueryParameterValue]([Name],[CreatedBy],[CreatedOn],[ModifiedBy],[ModifiedOn],[RowStatusId],[QueryParameterId],[Description])VALUES('MAR',@strDefaultValue_CreatedBy, getdate(), @strDefaultValue_ModifiedBy,getdate(),@intRowStatus_Active,@intParamId,'MOROCCO')
INSERT INTO [dbo].[QueryParameterValue]([Name],[CreatedBy],[CreatedOn],[ModifiedBy],[ModifiedOn],[RowStatusId],[QueryParameterId],[Description])VALUES('MOZ',@strDefaultValue_CreatedBy, getdate(), @strDefaultValue_ModifiedBy,getdate(),@intRowStatus_Active,@intParamId,'MOZAMBIQUE')
INSERT INTO [dbo].[QueryParameterValue]([Name],[CreatedBy],[CreatedOn],[ModifiedBy],[ModifiedOn],[RowStatusId],[QueryParameterId],[Description])VALUES('MMR',@strDefaultValue_CreatedBy, getdate(), @strDefaultValue_ModifiedBy,getdate(),@intRowStatus_Active,@intParamId,'MYANMAR (Burma)')
INSERT INTO [dbo].[QueryParameterValue]([Name],[CreatedBy],[CreatedOn],[ModifiedBy],[ModifiedOn],[RowStatusId],[QueryParameterId],[Description])VALUES('NAM',@strDefaultValue_CreatedBy, getdate(), @strDefaultValue_ModifiedBy,getdate(),@intRowStatus_Active,@intParamId,'NAMIBIA')
INSERT INTO [dbo].[QueryParameterValue]([Name],[CreatedBy],[CreatedOn],[ModifiedBy],[ModifiedOn],[RowStatusId],[QueryParameterId],[Description])VALUES('NRU',@strDefaultValue_CreatedBy, getdate(), @strDefaultValue_ModifiedBy,getdate(),@intRowStatus_Active,@intParamId,'NAURU')
INSERT INTO [dbo].[QueryParameterValue]([Name],[CreatedBy],[CreatedOn],[ModifiedBy],[ModifiedOn],[RowStatusId],[QueryParameterId],[Description])VALUES('NPL',@strDefaultValue_CreatedBy, getdate(), @strDefaultValue_ModifiedBy,getdate(),@intRowStatus_Active,@intParamId,'NEPAL')
INSERT INTO [dbo].[QueryParameterValue]([Name],[CreatedBy],[CreatedOn],[ModifiedBy],[ModifiedOn],[RowStatusId],[QueryParameterId],[Description])VALUES('NLD',@strDefaultValue_CreatedBy, getdate(), @strDefaultValue_ModifiedBy,getdate(),@intRowStatus_Active,@intParamId,'NETHERLANDS')
INSERT INTO [dbo].[QueryParameterValue]([Name],[CreatedBy],[CreatedOn],[ModifiedBy],[ModifiedOn],[RowStatusId],[QueryParameterId],[Description])VALUES('ANT',@strDefaultValue_CreatedBy, getdate(), @strDefaultValue_ModifiedBy,getdate(),@intRowStatus_Active,@intParamId,'NETHERLANDS ANTILLES')
INSERT INTO [dbo].[QueryParameterValue]([Name],[CreatedBy],[CreatedOn],[ModifiedBy],[ModifiedOn],[RowStatusId],[QueryParameterId],[Description])VALUES('NCL',@strDefaultValue_CreatedBy, getdate(), @strDefaultValue_ModifiedBy,getdate(),@intRowStatus_Active,@intParamId,'NEW CALEDONIA')
INSERT INTO [dbo].[QueryParameterValue]([Name],[CreatedBy],[CreatedOn],[ModifiedBy],[ModifiedOn],[RowStatusId],[QueryParameterId],[Description])VALUES('NZL',@strDefaultValue_CreatedBy, getdate(), @strDefaultValue_ModifiedBy,getdate(),@intRowStatus_Active,@intParamId,'NEW ZEALAND')
INSERT INTO [dbo].[QueryParameterValue]([Name],[CreatedBy],[CreatedOn],[ModifiedBy],[ModifiedOn],[RowStatusId],[QueryParameterId],[Description])VALUES('NIC',@strDefaultValue_CreatedBy, getdate(), @strDefaultValue_ModifiedBy,getdate(),@intRowStatus_Active,@intParamId,'NICARAGUA')
INSERT INTO [dbo].[QueryParameterValue]([Name],[CreatedBy],[CreatedOn],[ModifiedBy],[ModifiedOn],[RowStatusId],[QueryParameterId],[Description])VALUES('NER',@strDefaultValue_CreatedBy, getdate(), @strDefaultValue_ModifiedBy,getdate(),@intRowStatus_Active,@intParamId,'NIGER')
INSERT INTO [dbo].[QueryParameterValue]([Name],[CreatedBy],[CreatedOn],[ModifiedBy],[ModifiedOn],[RowStatusId],[QueryParameterId],[Description])VALUES('NGA',@strDefaultValue_CreatedBy, getdate(), @strDefaultValue_ModifiedBy,getdate(),@intRowStatus_Active,@intParamId,'NIGERIA')
INSERT INTO [dbo].[QueryParameterValue]([Name],[CreatedBy],[CreatedOn],[ModifiedBy],[ModifiedOn],[RowStatusId],[QueryParameterId],[Description])VALUES('NIU',@strDefaultValue_CreatedBy, getdate(), @strDefaultValue_ModifiedBy,getdate(),@intRowStatus_Active,@intParamId,'NIUE')
INSERT INTO [dbo].[QueryParameterValue]([Name],[CreatedBy],[CreatedOn],[ModifiedBy],[ModifiedOn],[RowStatusId],[QueryParameterId],[Description])VALUES('NFK',@strDefaultValue_CreatedBy, getdate(), @strDefaultValue_ModifiedBy,getdate(),@intRowStatus_Active,@intParamId,'NORFOLK ISLAND')
INSERT INTO [dbo].[QueryParameterValue]([Name],[CreatedBy],[CreatedOn],[ModifiedBy],[ModifiedOn],[RowStatusId],[QueryParameterId],[Description])VALUES('MNP',@strDefaultValue_CreatedBy, getdate(), @strDefaultValue_ModifiedBy,getdate(),@intRowStatus_Active,@intParamId,'NORTHERN MARIANA ISLANDS')
INSERT INTO [dbo].[QueryParameterValue]([Name],[CreatedBy],[CreatedOn],[ModifiedBy],[ModifiedOn],[RowStatusId],[QueryParameterId],[Description])VALUES('NOR',@strDefaultValue_CreatedBy, getdate(), @strDefaultValue_ModifiedBy,getdate(),@intRowStatus_Active,@intParamId,'NORWAY')
INSERT INTO [dbo].[QueryParameterValue]([Name],[CreatedBy],[CreatedOn],[ModifiedBy],[ModifiedOn],[RowStatusId],[QueryParameterId],[Description])VALUES('OMN',@strDefaultValue_CreatedBy, getdate(), @strDefaultValue_ModifiedBy,getdate(),@intRowStatus_Active,@intParamId,'OMAN')
INSERT INTO [dbo].[QueryParameterValue]([Name],[CreatedBy],[CreatedOn],[ModifiedBy],[ModifiedOn],[RowStatusId],[QueryParameterId],[Description])VALUES('PAK',@strDefaultValue_CreatedBy, getdate(), @strDefaultValue_ModifiedBy,getdate(),@intRowStatus_Active,@intParamId,'PAKISTAN')
INSERT INTO [dbo].[QueryParameterValue]([Name],[CreatedBy],[CreatedOn],[ModifiedBy],[ModifiedOn],[RowStatusId],[QueryParameterId],[Description])VALUES('PLW',@strDefaultValue_CreatedBy, getdate(), @strDefaultValue_ModifiedBy,getdate(),@intRowStatus_Active,@intParamId,'PALAU')
INSERT INTO [dbo].[QueryParameterValue]([Name],[CreatedBy],[CreatedOn],[ModifiedBy],[ModifiedOn],[RowStatusId],[QueryParameterId],[Description])VALUES('PAN',@strDefaultValue_CreatedBy, getdate(), @strDefaultValue_ModifiedBy,getdate(),@intRowStatus_Active,@intParamId,'PANAMA')
INSERT INTO [dbo].[QueryParameterValue]([Name],[CreatedBy],[CreatedOn],[ModifiedBy],[ModifiedOn],[RowStatusId],[QueryParameterId],[Description])VALUES('PNG',@strDefaultValue_CreatedBy, getdate(), @strDefaultValue_ModifiedBy,getdate(),@intRowStatus_Active,@intParamId,'PAPUA NEW GUINEA')
INSERT INTO [dbo].[QueryParameterValue]([Name],[CreatedBy],[CreatedOn],[ModifiedBy],[ModifiedOn],[RowStatusId],[QueryParameterId],[Description])VALUES('PRY',@strDefaultValue_CreatedBy, getdate(), @strDefaultValue_ModifiedBy,getdate(),@intRowStatus_Active,@intParamId,'PARAGUAY')
INSERT INTO [dbo].[QueryParameterValue]([Name],[CreatedBy],[CreatedOn],[ModifiedBy],[ModifiedOn],[RowStatusId],[QueryParameterId],[Description])VALUES('PER',@strDefaultValue_CreatedBy, getdate(), @strDefaultValue_ModifiedBy,getdate(),@intRowStatus_Active,@intParamId,'PERU')
INSERT INTO [dbo].[QueryParameterValue]([Name],[CreatedBy],[CreatedOn],[ModifiedBy],[ModifiedOn],[RowStatusId],[QueryParameterId],[Description])VALUES('PHL',@strDefaultValue_CreatedBy, getdate(), @strDefaultValue_ModifiedBy,getdate(),@intRowStatus_Active,@intParamId,'PHILIPPINES')
INSERT INTO [dbo].[QueryParameterValue]([Name],[CreatedBy],[CreatedOn],[ModifiedBy],[ModifiedOn],[RowStatusId],[QueryParameterId],[Description])VALUES('PCN',@strDefaultValue_CreatedBy, getdate(), @strDefaultValue_ModifiedBy,getdate(),@intRowStatus_Active,@intParamId,'PITCAIRN')
INSERT INTO [dbo].[QueryParameterValue]([Name],[CreatedBy],[CreatedOn],[ModifiedBy],[ModifiedOn],[RowStatusId],[QueryParameterId],[Description])VALUES('POL',@strDefaultValue_CreatedBy, getdate(), @strDefaultValue_ModifiedBy,getdate(),@intRowStatus_Active,@intParamId,'POLAND')
INSERT INTO [dbo].[QueryParameterValue]([Name],[CreatedBy],[CreatedOn],[ModifiedBy],[ModifiedOn],[RowStatusId],[QueryParameterId],[Description])VALUES('PRT',@strDefaultValue_CreatedBy, getdate(), @strDefaultValue_ModifiedBy,getdate(),@intRowStatus_Active,@intParamId,'PORTUGAL')
INSERT INTO [dbo].[QueryParameterValue]([Name],[CreatedBy],[CreatedOn],[ModifiedBy],[ModifiedOn],[RowStatusId],[QueryParameterId],[Description])VALUES('PRI',@strDefaultValue_CreatedBy, getdate(), @strDefaultValue_ModifiedBy,getdate(),@intRowStatus_Active,@intParamId,'PUERTO RICO')
INSERT INTO [dbo].[QueryParameterValue]([Name],[CreatedBy],[CreatedOn],[ModifiedBy],[ModifiedOn],[RowStatusId],[QueryParameterId],[Description])VALUES('QAT',@strDefaultValue_CreatedBy, getdate(), @strDefaultValue_ModifiedBy,getdate(),@intRowStatus_Active,@intParamId,'QATAR')
INSERT INTO [dbo].[QueryParameterValue]([Name],[CreatedBy],[CreatedOn],[ModifiedBy],[ModifiedOn],[RowStatusId],[QueryParameterId],[Description])VALUES('REU',@strDefaultValue_CreatedBy, getdate(), @strDefaultValue_ModifiedBy,getdate(),@intRowStatus_Active,@intParamId,'REUNION')
INSERT INTO [dbo].[QueryParameterValue]([Name],[CreatedBy],[CreatedOn],[ModifiedBy],[ModifiedOn],[RowStatusId],[QueryParameterId],[Description])VALUES('ROM',@strDefaultValue_CreatedBy, getdate(), @strDefaultValue_ModifiedBy,getdate(),@intRowStatus_Active,@intParamId,'ROMANIA')
INSERT INTO [dbo].[QueryParameterValue]([Name],[CreatedBy],[CreatedOn],[ModifiedBy],[ModifiedOn],[RowStatusId],[QueryParameterId],[Description])VALUES('RUS',@strDefaultValue_CreatedBy, getdate(), @strDefaultValue_ModifiedBy,getdate(),@intRowStatus_Active,@intParamId,'RUSSIAN FEDERATION')
INSERT INTO [dbo].[QueryParameterValue]([Name],[CreatedBy],[CreatedOn],[ModifiedBy],[ModifiedOn],[RowStatusId],[QueryParameterId],[Description])VALUES('RWA',@strDefaultValue_CreatedBy, getdate(), @strDefaultValue_ModifiedBy,getdate(),@intRowStatus_Active,@intParamId,'RWANDA')
INSERT INTO [dbo].[QueryParameterValue]([Name],[CreatedBy],[CreatedOn],[ModifiedBy],[ModifiedOn],[RowStatusId],[QueryParameterId],[Description])VALUES('KNA',@strDefaultValue_CreatedBy, getdate(), @strDefaultValue_ModifiedBy,getdate(),@intRowStatus_Active,@intParamId,'SAINT KITTS AND NEVIS')
INSERT INTO [dbo].[QueryParameterValue]([Name],[CreatedBy],[CreatedOn],[ModifiedBy],[ModifiedOn],[RowStatusId],[QueryParameterId],[Description])VALUES('LCA',@strDefaultValue_CreatedBy, getdate(), @strDefaultValue_ModifiedBy,getdate(),@intRowStatus_Active,@intParamId,'SAINT LUCIA')
INSERT INTO [dbo].[QueryParameterValue]([Name],[CreatedBy],[CreatedOn],[ModifiedBy],[ModifiedOn],[RowStatusId],[QueryParameterId],[Description])VALUES('VCT',@strDefaultValue_CreatedBy, getdate(), @strDefaultValue_ModifiedBy,getdate(),@intRowStatus_Active,@intParamId,'SAINT VINCENT AND THE GRENADINES')
INSERT INTO [dbo].[QueryParameterValue]([Name],[CreatedBy],[CreatedOn],[ModifiedBy],[ModifiedOn],[RowStatusId],[QueryParameterId],[Description])VALUES('WSM',@strDefaultValue_CreatedBy, getdate(), @strDefaultValue_ModifiedBy,getdate(),@intRowStatus_Active,@intParamId,'SAMOA')
INSERT INTO [dbo].[QueryParameterValue]([Name],[CreatedBy],[CreatedOn],[ModifiedBy],[ModifiedOn],[RowStatusId],[QueryParameterId],[Description])VALUES('SMR',@strDefaultValue_CreatedBy, getdate(), @strDefaultValue_ModifiedBy,getdate(),@intRowStatus_Active,@intParamId,'SAN MARINO')
INSERT INTO [dbo].[QueryParameterValue]([Name],[CreatedBy],[CreatedOn],[ModifiedBy],[ModifiedOn],[RowStatusId],[QueryParameterId],[Description])VALUES('STP',@strDefaultValue_CreatedBy, getdate(), @strDefaultValue_ModifiedBy,getdate(),@intRowStatus_Active,@intParamId,'SAO TOME AND PRINCIPE')
INSERT INTO [dbo].[QueryParameterValue]([Name],[CreatedBy],[CreatedOn],[ModifiedBy],[ModifiedOn],[RowStatusId],[QueryParameterId],[Description])VALUES('SAU',@strDefaultValue_CreatedBy, getdate(), @strDefaultValue_ModifiedBy,getdate(),@intRowStatus_Active,@intParamId,'SAUDI ARABIA')
INSERT INTO [dbo].[QueryParameterValue]([Name],[CreatedBy],[CreatedOn],[ModifiedBy],[ModifiedOn],[RowStatusId],[QueryParameterId],[Description])VALUES('SEN',@strDefaultValue_CreatedBy, getdate(), @strDefaultValue_ModifiedBy,getdate(),@intRowStatus_Active,@intParamId,'SENEGAL')
INSERT INTO [dbo].[QueryParameterValue]([Name],[CreatedBy],[CreatedOn],[ModifiedBy],[ModifiedOn],[RowStatusId],[QueryParameterId],[Description])VALUES('SYC',@strDefaultValue_CreatedBy, getdate(), @strDefaultValue_ModifiedBy,getdate(),@intRowStatus_Active,@intParamId,'SEYCHELLES')
INSERT INTO [dbo].[QueryParameterValue]([Name],[CreatedBy],[CreatedOn],[ModifiedBy],[ModifiedOn],[RowStatusId],[QueryParameterId],[Description])VALUES('SLE',@strDefaultValue_CreatedBy, getdate(), @strDefaultValue_ModifiedBy,getdate(),@intRowStatus_Active,@intParamId,'SIERRA LEONE')
INSERT INTO [dbo].[QueryParameterValue]([Name],[CreatedBy],[CreatedOn],[ModifiedBy],[ModifiedOn],[RowStatusId],[QueryParameterId],[Description])VALUES('SGP',@strDefaultValue_CreatedBy, getdate(), @strDefaultValue_ModifiedBy,getdate(),@intRowStatus_Active,@intParamId,'SINGAPORE')
INSERT INTO [dbo].[QueryParameterValue]([Name],[CreatedBy],[CreatedOn],[ModifiedBy],[ModifiedOn],[RowStatusId],[QueryParameterId],[Description])VALUES('SVK',@strDefaultValue_CreatedBy, getdate(), @strDefaultValue_ModifiedBy,getdate(),@intRowStatus_Active,@intParamId,'SLOVAKIA (Slovak Republic)')
INSERT INTO [dbo].[QueryParameterValue]([Name],[CreatedBy],[CreatedOn],[ModifiedBy],[ModifiedOn],[RowStatusId],[QueryParameterId],[Description])VALUES('SVN',@strDefaultValue_CreatedBy, getdate(), @strDefaultValue_ModifiedBy,getdate(),@intRowStatus_Active,@intParamId,'SLOVENIA')
INSERT INTO [dbo].[QueryParameterValue]([Name],[CreatedBy],[CreatedOn],[ModifiedBy],[ModifiedOn],[RowStatusId],[QueryParameterId],[Description])VALUES('SLB',@strDefaultValue_CreatedBy, getdate(), @strDefaultValue_ModifiedBy,getdate(),@intRowStatus_Active,@intParamId,'SOLOMON ISLANDS')
INSERT INTO [dbo].[QueryParameterValue]([Name],[CreatedBy],[CreatedOn],[ModifiedBy],[ModifiedOn],[RowStatusId],[QueryParameterId],[Description])VALUES('SOM',@strDefaultValue_CreatedBy, getdate(), @strDefaultValue_ModifiedBy,getdate(),@intRowStatus_Active,@intParamId,'SOMALIA')
INSERT INTO [dbo].[QueryParameterValue]([Name],[CreatedBy],[CreatedOn],[ModifiedBy],[ModifiedOn],[RowStatusId],[QueryParameterId],[Description])VALUES('ZAF',@strDefaultValue_CreatedBy, getdate(), @strDefaultValue_ModifiedBy,getdate(),@intRowStatus_Active,@intParamId,'SOUTH AFRICA')
INSERT INTO [dbo].[QueryParameterValue]([Name],[CreatedBy],[CreatedOn],[ModifiedBy],[ModifiedOn],[RowStatusId],[QueryParameterId],[Description])VALUES('SGS',@strDefaultValue_CreatedBy, getdate(), @strDefaultValue_ModifiedBy,getdate(),@intRowStatus_Active,@intParamId,'SOUTH GEORGIA AND SOUTH S.S.')
INSERT INTO [dbo].[QueryParameterValue]([Name],[CreatedBy],[CreatedOn],[ModifiedBy],[ModifiedOn],[RowStatusId],[QueryParameterId],[Description])VALUES('ESP',@strDefaultValue_CreatedBy, getdate(), @strDefaultValue_ModifiedBy,getdate(),@intRowStatus_Active,@intParamId,'SPAIN')
INSERT INTO [dbo].[QueryParameterValue]([Name],[CreatedBy],[CreatedOn],[ModifiedBy],[ModifiedOn],[RowStatusId],[QueryParameterId],[Description])VALUES('LKA',@strDefaultValue_CreatedBy, getdate(), @strDefaultValue_ModifiedBy,getdate(),@intRowStatus_Active,@intParamId,'SRI LANKA')
INSERT INTO [dbo].[QueryParameterValue]([Name],[CreatedBy],[CreatedOn],[ModifiedBy],[ModifiedOn],[RowStatusId],[QueryParameterId],[Description])VALUES('SHN',@strDefaultValue_CreatedBy, getdate(), @strDefaultValue_ModifiedBy,getdate(),@intRowStatus_Active,@intParamId,'ST. HELENA')
INSERT INTO [dbo].[QueryParameterValue]([Name],[CreatedBy],[CreatedOn],[ModifiedBy],[ModifiedOn],[RowStatusId],[QueryParameterId],[Description])VALUES('SPM',@strDefaultValue_CreatedBy, getdate(), @strDefaultValue_ModifiedBy,getdate(),@intRowStatus_Active,@intParamId,'ST. PIERRE AND MIQUELON')
INSERT INTO [dbo].[QueryParameterValue]([Name],[CreatedBy],[CreatedOn],[ModifiedBy],[ModifiedOn],[RowStatusId],[QueryParameterId],[Description])VALUES('SDN',@strDefaultValue_CreatedBy, getdate(), @strDefaultValue_ModifiedBy,getdate(),@intRowStatus_Active,@intParamId,'SUDAN')
INSERT INTO [dbo].[QueryParameterValue]([Name],[CreatedBy],[CreatedOn],[ModifiedBy],[ModifiedOn],[RowStatusId],[QueryParameterId],[Description])VALUES('SUR',@strDefaultValue_CreatedBy, getdate(), @strDefaultValue_ModifiedBy,getdate(),@intRowStatus_Active,@intParamId,'SURINAME')
INSERT INTO [dbo].[QueryParameterValue]([Name],[CreatedBy],[CreatedOn],[ModifiedBy],[ModifiedOn],[RowStatusId],[QueryParameterId],[Description])VALUES('SJM',@strDefaultValue_CreatedBy, getdate(), @strDefaultValue_ModifiedBy,getdate(),@intRowStatus_Active,@intParamId,'SVALBARD AND JAN MAYEN ISLANDS')
INSERT INTO [dbo].[QueryParameterValue]([Name],[CreatedBy],[CreatedOn],[ModifiedBy],[ModifiedOn],[RowStatusId],[QueryParameterId],[Description])VALUES('SWZ',@strDefaultValue_CreatedBy, getdate(), @strDefaultValue_ModifiedBy,getdate(),@intRowStatus_Active,@intParamId,'SWAZILAND')
INSERT INTO [dbo].[QueryParameterValue]([Name],[CreatedBy],[CreatedOn],[ModifiedBy],[ModifiedOn],[RowStatusId],[QueryParameterId],[Description])VALUES('SWE',@strDefaultValue_CreatedBy, getdate(), @strDefaultValue_ModifiedBy,getdate(),@intRowStatus_Active,@intParamId,'SWEDEN')
INSERT INTO [dbo].[QueryParameterValue]([Name],[CreatedBy],[CreatedOn],[ModifiedBy],[ModifiedOn],[RowStatusId],[QueryParameterId],[Description])VALUES('CHE',@strDefaultValue_CreatedBy, getdate(), @strDefaultValue_ModifiedBy,getdate(),@intRowStatus_Active,@intParamId,'SWITZERLAND')
INSERT INTO [dbo].[QueryParameterValue]([Name],[CreatedBy],[CreatedOn],[ModifiedBy],[ModifiedOn],[RowStatusId],[QueryParameterId],[Description])VALUES('SYR',@strDefaultValue_CreatedBy, getdate(), @strDefaultValue_ModifiedBy,getdate(),@intRowStatus_Active,@intParamId,'SYRIAN ARAB REPUBLIC')
INSERT INTO [dbo].[QueryParameterValue]([Name],[CreatedBy],[CreatedOn],[ModifiedBy],[ModifiedOn],[RowStatusId],[QueryParameterId],[Description])VALUES('TWN',@strDefaultValue_CreatedBy, getdate(), @strDefaultValue_ModifiedBy,getdate(),@intRowStatus_Active,@intParamId,'TAIWAN, PROVINCE OF CHINA')
INSERT INTO [dbo].[QueryParameterValue]([Name],[CreatedBy],[CreatedOn],[ModifiedBy],[ModifiedOn],[RowStatusId],[QueryParameterId],[Description])VALUES('TJK',@strDefaultValue_CreatedBy, getdate(), @strDefaultValue_ModifiedBy,getdate(),@intRowStatus_Active,@intParamId,'TAJIKISTAN')
INSERT INTO [dbo].[QueryParameterValue]([Name],[CreatedBy],[CreatedOn],[ModifiedBy],[ModifiedOn],[RowStatusId],[QueryParameterId],[Description])VALUES('TZA',@strDefaultValue_CreatedBy, getdate(), @strDefaultValue_ModifiedBy,getdate(),@intRowStatus_Active,@intParamId,'TANZANIA, UNITED REPUBLIC OF')
INSERT INTO [dbo].[QueryParameterValue]([Name],[CreatedBy],[CreatedOn],[ModifiedBy],[ModifiedOn],[RowStatusId],[QueryParameterId],[Description])VALUES('THA',@strDefaultValue_CreatedBy, getdate(), @strDefaultValue_ModifiedBy,getdate(),@intRowStatus_Active,@intParamId,'THAILAND')
INSERT INTO [dbo].[QueryParameterValue]([Name],[CreatedBy],[CreatedOn],[ModifiedBy],[ModifiedOn],[RowStatusId],[QueryParameterId],[Description])VALUES('TGO',@strDefaultValue_CreatedBy, getdate(), @strDefaultValue_ModifiedBy,getdate(),@intRowStatus_Active,@intParamId,'TOGO')
INSERT INTO [dbo].[QueryParameterValue]([Name],[CreatedBy],[CreatedOn],[ModifiedBy],[ModifiedOn],[RowStatusId],[QueryParameterId],[Description])VALUES('TKL',@strDefaultValue_CreatedBy, getdate(), @strDefaultValue_ModifiedBy,getdate(),@intRowStatus_Active,@intParamId,'TOKELAU')
INSERT INTO [dbo].[QueryParameterValue]([Name],[CreatedBy],[CreatedOn],[ModifiedBy],[ModifiedOn],[RowStatusId],[QueryParameterId],[Description])VALUES('TON',@strDefaultValue_CreatedBy, getdate(), @strDefaultValue_ModifiedBy,getdate(),@intRowStatus_Active,@intParamId,'TONGA')
INSERT INTO [dbo].[QueryParameterValue]([Name],[CreatedBy],[CreatedOn],[ModifiedBy],[ModifiedOn],[RowStatusId],[QueryParameterId],[Description])VALUES('TTO',@strDefaultValue_CreatedBy, getdate(), @strDefaultValue_ModifiedBy,getdate(),@intRowStatus_Active,@intParamId,'TRINIDAD AND TOBAGO')
INSERT INTO [dbo].[QueryParameterValue]([Name],[CreatedBy],[CreatedOn],[ModifiedBy],[ModifiedOn],[RowStatusId],[QueryParameterId],[Description])VALUES('TUN',@strDefaultValue_CreatedBy, getdate(), @strDefaultValue_ModifiedBy,getdate(),@intRowStatus_Active,@intParamId,'TUNISIA')
INSERT INTO [dbo].[QueryParameterValue]([Name],[CreatedBy],[CreatedOn],[ModifiedBy],[ModifiedOn],[RowStatusId],[QueryParameterId],[Description])VALUES('TUR',@strDefaultValue_CreatedBy, getdate(), @strDefaultValue_ModifiedBy,getdate(),@intRowStatus_Active,@intParamId,'TURKEY')
INSERT INTO [dbo].[QueryParameterValue]([Name],[CreatedBy],[CreatedOn],[ModifiedBy],[ModifiedOn],[RowStatusId],[QueryParameterId],[Description])VALUES('TKM',@strDefaultValue_CreatedBy, getdate(), @strDefaultValue_ModifiedBy,getdate(),@intRowStatus_Active,@intParamId,'TURKMENISTAN')
INSERT INTO [dbo].[QueryParameterValue]([Name],[CreatedBy],[CreatedOn],[ModifiedBy],[ModifiedOn],[RowStatusId],[QueryParameterId],[Description])VALUES('TCA',@strDefaultValue_CreatedBy, getdate(), @strDefaultValue_ModifiedBy,getdate(),@intRowStatus_Active,@intParamId,'TURKS AND CAICOS ISLANDS')
INSERT INTO [dbo].[QueryParameterValue]([Name],[CreatedBy],[CreatedOn],[ModifiedBy],[ModifiedOn],[RowStatusId],[QueryParameterId],[Description])VALUES('TUV',@strDefaultValue_CreatedBy, getdate(), @strDefaultValue_ModifiedBy,getdate(),@intRowStatus_Active,@intParamId,'TUVALU')
INSERT INTO [dbo].[QueryParameterValue]([Name],[CreatedBy],[CreatedOn],[ModifiedBy],[ModifiedOn],[RowStatusId],[QueryParameterId],[Description])VALUES('UGA',@strDefaultValue_CreatedBy, getdate(), @strDefaultValue_ModifiedBy,getdate(),@intRowStatus_Active,@intParamId,'UGANDA')
INSERT INTO [dbo].[QueryParameterValue]([Name],[CreatedBy],[CreatedOn],[ModifiedBy],[ModifiedOn],[RowStatusId],[QueryParameterId],[Description])VALUES('UKR',@strDefaultValue_CreatedBy, getdate(), @strDefaultValue_ModifiedBy,getdate(),@intRowStatus_Active,@intParamId,'UKRAINE')
INSERT INTO [dbo].[QueryParameterValue]([Name],[CreatedBy],[CreatedOn],[ModifiedBy],[ModifiedOn],[RowStatusId],[QueryParameterId],[Description])VALUES('ARE',@strDefaultValue_CreatedBy, getdate(), @strDefaultValue_ModifiedBy,getdate(),@intRowStatus_Active,@intParamId,'UNITED ARAB EMIRATES')
INSERT INTO [dbo].[QueryParameterValue]([Name],[CreatedBy],[CreatedOn],[ModifiedBy],[ModifiedOn],[RowStatusId],[QueryParameterId],[Description])VALUES('GBR',@strDefaultValue_CreatedBy, getdate(), @strDefaultValue_ModifiedBy,getdate(),@intRowStatus_Active,@intParamId,'UNITED KINGDOM')
INSERT INTO [dbo].[QueryParameterValue]([Name],[CreatedBy],[CreatedOn],[ModifiedBy],[ModifiedOn],[RowStatusId],[QueryParameterId],[Description])VALUES('USA',@strDefaultValue_CreatedBy, getdate(), @strDefaultValue_ModifiedBy,getdate(),@intRowStatus_Active,@intParamId,'UNITED STATES')
INSERT INTO [dbo].[QueryParameterValue]([Name],[CreatedBy],[CreatedOn],[ModifiedBy],[ModifiedOn],[RowStatusId],[QueryParameterId],[Description])VALUES('UMI',@strDefaultValue_CreatedBy, getdate(), @strDefaultValue_ModifiedBy,getdate(),@intRowStatus_Active,@intParamId,'U.S. MINOR ISLANDS')
INSERT INTO [dbo].[QueryParameterValue]([Name],[CreatedBy],[CreatedOn],[ModifiedBy],[ModifiedOn],[RowStatusId],[QueryParameterId],[Description])VALUES('URY',@strDefaultValue_CreatedBy, getdate(), @strDefaultValue_ModifiedBy,getdate(),@intRowStatus_Active,@intParamId,'URUGUAY')
INSERT INTO [dbo].[QueryParameterValue]([Name],[CreatedBy],[CreatedOn],[ModifiedBy],[ModifiedOn],[RowStatusId],[QueryParameterId],[Description])VALUES('UZB',@strDefaultValue_CreatedBy, getdate(), @strDefaultValue_ModifiedBy,getdate(),@intRowStatus_Active,@intParamId,'UZBEKISTAN')
INSERT INTO [dbo].[QueryParameterValue]([Name],[CreatedBy],[CreatedOn],[ModifiedBy],[ModifiedOn],[RowStatusId],[QueryParameterId],[Description])VALUES('VUT',@strDefaultValue_CreatedBy, getdate(), @strDefaultValue_ModifiedBy,getdate(),@intRowStatus_Active,@intParamId,'VANUATU')
INSERT INTO [dbo].[QueryParameterValue]([Name],[CreatedBy],[CreatedOn],[ModifiedBy],[ModifiedOn],[RowStatusId],[QueryParameterId],[Description])VALUES('VEN',@strDefaultValue_CreatedBy, getdate(), @strDefaultValue_ModifiedBy,getdate(),@intRowStatus_Active,@intParamId,'VENEZUELA')
INSERT INTO [dbo].[QueryParameterValue]([Name],[CreatedBy],[CreatedOn],[ModifiedBy],[ModifiedOn],[RowStatusId],[QueryParameterId],[Description])VALUES('VNM',@strDefaultValue_CreatedBy, getdate(), @strDefaultValue_ModifiedBy,getdate(),@intRowStatus_Active,@intParamId,'VIET NAM')
INSERT INTO [dbo].[QueryParameterValue]([Name],[CreatedBy],[CreatedOn],[ModifiedBy],[ModifiedOn],[RowStatusId],[QueryParameterId],[Description])VALUES('VGB',@strDefaultValue_CreatedBy, getdate(), @strDefaultValue_ModifiedBy,getdate(),@intRowStatus_Active,@intParamId,'VIRGIN ISLANDS (BRITISH)')
INSERT INTO [dbo].[QueryParameterValue]([Name],[CreatedBy],[CreatedOn],[ModifiedBy],[ModifiedOn],[RowStatusId],[QueryParameterId],[Description])VALUES('VIR',@strDefaultValue_CreatedBy, getdate(), @strDefaultValue_ModifiedBy,getdate(),@intRowStatus_Active,@intParamId,'VIRGIN ISLANDS (U.S.)')
INSERT INTO [dbo].[QueryParameterValue]([Name],[CreatedBy],[CreatedOn],[ModifiedBy],[ModifiedOn],[RowStatusId],[QueryParameterId],[Description])VALUES('WLF',@strDefaultValue_CreatedBy, getdate(), @strDefaultValue_ModifiedBy,getdate(),@intRowStatus_Active,@intParamId,'WALLIS AND FUTUNA ISLANDS')
INSERT INTO [dbo].[QueryParameterValue]([Name],[CreatedBy],[CreatedOn],[ModifiedBy],[ModifiedOn],[RowStatusId],[QueryParameterId],[Description])VALUES('ESH',@strDefaultValue_CreatedBy, getdate(), @strDefaultValue_ModifiedBy,getdate(),@intRowStatus_Active,@intParamId,'WESTERN SAHARA')
INSERT INTO [dbo].[QueryParameterValue]([Name],[CreatedBy],[CreatedOn],[ModifiedBy],[ModifiedOn],[RowStatusId],[QueryParameterId],[Description])VALUES('YEM',@strDefaultValue_CreatedBy, getdate(), @strDefaultValue_ModifiedBy,getdate(),@intRowStatus_Active,@intParamId,'YEMEN')
INSERT INTO [dbo].[QueryParameterValue]([Name],[CreatedBy],[CreatedOn],[ModifiedBy],[ModifiedOn],[RowStatusId],[QueryParameterId],[Description])VALUES('YUG',@strDefaultValue_CreatedBy, getdate(), @strDefaultValue_ModifiedBy,getdate(),@intRowStatus_Active,@intParamId,'Yugoslavia (Serbia and Montenegro)')
INSERT INTO [dbo].[QueryParameterValue]([Name],[CreatedBy],[CreatedOn],[ModifiedBy],[ModifiedOn],[RowStatusId],[QueryParameterId],[Description])VALUES('ZMB',@strDefaultValue_CreatedBy, getdate(), @strDefaultValue_ModifiedBy,getdate(),@intRowStatus_Active,@intParamId,'ZAMBIA')
INSERT INTO [dbo].[QueryParameterValue]([Name],[CreatedBy],[CreatedOn],[ModifiedBy],[ModifiedOn],[RowStatusId],[QueryParameterId],[Description])VALUES('ZWE',@strDefaultValue_CreatedBy, getdate(), @strDefaultValue_ModifiedBy,getdate(),@intRowStatus_Active,@intParamId,'ZIMBABWE')

SELECT @intParamId = Id FROM [dbo].[QueryParameter] WHERE name = 'Release'
INSERT INTO [dbo].[QueryParameterValue]([Name],[CreatedBy],[CreatedOn],[ModifiedBy],[ModifiedOn],[RowStatusId],[QueryParameterId],[Description])VALUES('*',@strDefaultValue_CreatedBy, getdate(), @strDefaultValue_ModifiedBy,getdate(),@intRowStatus_Active,@intParamId,'*')
INSERT INTO [dbo].[QueryParameterValue]([Name],[CreatedBy],[CreatedOn],[ModifiedBy],[ModifiedOn],[RowStatusId],[QueryParameterId],[Description])VALUES('101',@strDefaultValue_CreatedBy, getdate(), @strDefaultValue_ModifiedBy,getdate(),@intRowStatus_Active,@intParamId,'2010 Spring release')
INSERT INTO [dbo].[QueryParameterValue]([Name],[CreatedBy],[CreatedOn],[ModifiedBy],[ModifiedOn],[RowStatusId],[QueryParameterId],[Description])VALUES('102',@strDefaultValue_CreatedBy, getdate(), @strDefaultValue_ModifiedBy,getdate(),@intRowStatus_Active,@intParamId,'2010 Spring Refreshrelease')
INSERT INTO [dbo].[QueryParameterValue]([Name],[CreatedBy],[CreatedOn],[ModifiedBy],[ModifiedOn],[RowStatusId],[QueryParameterId],[Description])VALUES('103',@strDefaultValue_CreatedBy, getdate(), @strDefaultValue_ModifiedBy,getdate(),@intRowStatus_Active,@intParamId,'2010 Summer release')
INSERT INTO [dbo].[QueryParameterValue]([Name],[CreatedBy],[CreatedOn],[ModifiedBy],[ModifiedOn],[RowStatusId],[QueryParameterId],[Description])VALUES('104',@strDefaultValue_CreatedBy, getdate(), @strDefaultValue_ModifiedBy,getdate(),@intRowStatus_Active,@intParamId,'2010  Fall release')
INSERT INTO [dbo].[QueryParameterValue]([Name],[CreatedBy],[CreatedOn],[ModifiedBy],[ModifiedOn],[RowStatusId],[QueryParameterId],[Description])VALUES('111',@strDefaultValue_CreatedBy, getdate(), @strDefaultValue_ModifiedBy,getdate(),@intRowStatus_Active,@intParamId,'2011 Spring release')
INSERT INTO [dbo].[QueryParameterValue]([Name],[CreatedBy],[CreatedOn],[ModifiedBy],[ModifiedOn],[RowStatusId],[QueryParameterId],[Description])VALUES('112',@strDefaultValue_CreatedBy, getdate(), @strDefaultValue_ModifiedBy,getdate(),@intRowStatus_Active,@intParamId,'2011 Spring Refreshrelease')
INSERT INTO [dbo].[QueryParameterValue]([Name],[CreatedBy],[CreatedOn],[ModifiedBy],[ModifiedOn],[RowStatusId],[QueryParameterId],[Description])VALUES('113',@strDefaultValue_CreatedBy, getdate(), @strDefaultValue_ModifiedBy,getdate(),@intRowStatus_Active,@intParamId,'2011 Summer release')
INSERT INTO [dbo].[QueryParameterValue]([Name],[CreatedBy],[CreatedOn],[ModifiedBy],[ModifiedOn],[RowStatusId],[QueryParameterId],[Description])VALUES('114',@strDefaultValue_CreatedBy, getdate(), @strDefaultValue_ModifiedBy,getdate(),@intRowStatus_Active,@intParamId,'2011  Fall release')

SELECT @intParamId = Id FROM [dbo].[QueryParameter] WHERE name = 'OS Version'
INSERT INTO [dbo].[QueryParameterValue]([Name],[CreatedBy],[CreatedOn],[ModifiedBy],[ModifiedOn],[RowStatusId],[QueryParameterId],[Description])VALUES('*',@strDefaultValue_CreatedBy, getdate(), @strDefaultValue_ModifiedBy,getdate(),@intRowStatus_Active,@intParamId,'*')
INSERT INTO [dbo].[QueryParameterValue]([Name],[CreatedBy],[CreatedOn],[ModifiedBy],[ModifiedOn],[RowStatusId],[QueryParameterId],[Description])VALUES('6.0',@strDefaultValue_CreatedBy, getdate(), @strDefaultValue_ModifiedBy,getdate(),@intRowStatus_Active,@intParamId,'Vista')
INSERT INTO [dbo].[QueryParameterValue]([Name],[CreatedBy],[CreatedOn],[ModifiedBy],[ModifiedOn],[RowStatusId],[QueryParameterId],[Description])VALUES('6.1',@strDefaultValue_CreatedBy, getdate(), @strDefaultValue_ModifiedBy,getdate(),@intRowStatus_Active,@intParamId,'Windows 7')

SELECT @intParamId = Id FROM [dbo].[QueryParameter] WHERE name = 'OS Bit'
INSERT INTO [dbo].[QueryParameterValue]([Name],[CreatedBy],[CreatedOn],[ModifiedBy],[ModifiedOn],[RowStatusId],[QueryParameterId],[Description])VALUES('*',@strDefaultValue_CreatedBy, getdate(), @strDefaultValue_ModifiedBy,getdate(),@intRowStatus_Active,@intParamId,'*')
INSERT INTO [dbo].[QueryParameterValue]([Name],[CreatedBy],[CreatedOn],[ModifiedBy],[ModifiedOn],[RowStatusId],[QueryParameterId],[Description])VALUES('32',@strDefaultValue_CreatedBy, getdate(), @strDefaultValue_ModifiedBy,getdate(),@intRowStatus_Active,@intParamId,'32bit')
INSERT INTO [dbo].[QueryParameterValue]([Name],[CreatedBy],[CreatedOn],[ModifiedBy],[ModifiedOn],[RowStatusId],[QueryParameterId],[Description])VALUES('64',@strDefaultValue_CreatedBy, getdate(), @strDefaultValue_ModifiedBy,getdate(),@intRowStatus_Active,@intParamId,'64bit')
	
SELECT @intParamId = Id FROM [dbo].[QueryParameter] WHERE name = 'OS Type'
INSERT INTO [dbo].[QueryParameterValue]([Name],[CreatedBy],[CreatedOn],[ModifiedBy],[ModifiedOn],[RowStatusId],[QueryParameterId],[Description])VALUES('*',@strDefaultValue_CreatedBy, getdate(), @strDefaultValue_ModifiedBy,getdate(),@intRowStatus_Active,@intParamId,'*')
INSERT INTO [dbo].[QueryParameterValue]([Name],[CreatedBy],[CreatedOn],[ModifiedBy],[ModifiedOn],[RowStatusId],[QueryParameterId],[Description])VALUES('17',@strDefaultValue_CreatedBy, getdate(), @strDefaultValue_ModifiedBy,getdate(),@intRowStatus_Active,@intParamId,'Indicates Home Basic')
INSERT INTO [dbo].[QueryParameterValue]([Name],[CreatedBy],[CreatedOn],[ModifiedBy],[ModifiedOn],[RowStatusId],[QueryParameterId],[Description])VALUES('18',@strDefaultValue_CreatedBy, getdate(), @strDefaultValue_ModifiedBy,getdate(),@intRowStatus_Active,@intParamId,'Indicates  HomePremium')
INSERT INTO [dbo].[QueryParameterValue]([Name],[CreatedBy],[CreatedOn],[ModifiedBy],[ModifiedOn],[RowStatusId],[QueryParameterId],[Description])VALUES('19',@strDefaultValue_CreatedBy, getdate(), @strDefaultValue_ModifiedBy,getdate(),@intRowStatus_Active,@intParamId,'Indicates Business')
INSERT INTO [dbo].[QueryParameterValue]([Name],[CreatedBy],[CreatedOn],[ModifiedBy],[ModifiedOn],[RowStatusId],[QueryParameterId],[Description])VALUES('20',@strDefaultValue_CreatedBy, getdate(), @strDefaultValue_ModifiedBy,getdate(),@intRowStatus_Active,@intParamId,'Indicates  Ulitmate')
INSERT INTO [dbo].[QueryParameterValue]([Name],[CreatedBy],[CreatedOn],[ModifiedBy],[ModifiedOn],[RowStatusId],[QueryParameterId],[Description])VALUES('21',@strDefaultValue_CreatedBy, getdate(), @strDefaultValue_ModifiedBy,getdate(),@intRowStatus_Active,@intParamId,'Indicates  Starter Edition')
INSERT INTO [dbo].[QueryParameterValue]([Name],[CreatedBy],[CreatedOn],[ModifiedBy],[ModifiedOn],[RowStatusId],[QueryParameterId],[Description])VALUES('22',@strDefaultValue_CreatedBy, getdate(), @strDefaultValue_ModifiedBy,getdate(),@intRowStatus_Active,@intParamId,'Indicates  Enterprise')

SELECT @intParamId = Id FROM [dbo].[QueryParameter] WHERE name = 'PC Brand'
INSERT INTO [dbo].[QueryParameterValue]([Name],[CreatedBy],[CreatedOn],[ModifiedBy],[ModifiedOn],[RowStatusId],[QueryParameterId],[Description])VALUES('*',@strDefaultValue_CreatedBy, getdate(), @strDefaultValue_ModifiedBy,getdate(),@intRowStatus_Active,@intParamId,'*')
INSERT INTO [dbo].[QueryParameterValue]([Name],[CreatedBy],[CreatedOn],[ModifiedBy],[ModifiedOn],[RowStatusId],[QueryParameterId],[Description])VALUES('Pavilion',@strDefaultValue_CreatedBy, getdate(), @strDefaultValue_ModifiedBy,getdate(),@intRowStatus_Active,@intParamId,'Pavilion')
INSERT INTO [dbo].[QueryParameterValue]([Name],[CreatedBy],[CreatedOn],[ModifiedBy],[ModifiedOn],[RowStatusId],[QueryParameterId],[Description])VALUES('Presario',@strDefaultValue_CreatedBy, getdate(), @strDefaultValue_ModifiedBy,getdate(),@intRowStatus_Active,@intParamId,'Presario')
	
SELECT @intParamId = Id FROM [dbo].[QueryParameter] WHERE name = 'PC Platform'
INSERT INTO [dbo].[QueryParameterValue]([Name],[CreatedBy],[CreatedOn],[ModifiedBy],[ModifiedOn],[RowStatusId],[QueryParameterId],[Description])VALUES('*',@strDefaultValue_CreatedBy, getdate(), @strDefaultValue_ModifiedBy,getdate(),@intRowStatus_Active,@intParamId,'*')
INSERT INTO [dbo].[QueryParameterValue]([Name],[CreatedBy],[CreatedOn],[ModifiedBy],[ModifiedOn],[RowStatusId],[QueryParameterId],[Description])VALUES('CPC',@strDefaultValue_CreatedBy, getdate(), @strDefaultValue_ModifiedBy,getdate(),@intRowStatus_Active,@intParamId,'HPD')
INSERT INTO [dbo].[QueryParameterValue]([Name],[CreatedBy],[CreatedOn],[ModifiedBy],[ModifiedOn],[RowStatusId],[QueryParameterId],[Description])VALUES('CNB',@strDefaultValue_CreatedBy, getdate(), @strDefaultValue_ModifiedBy,getdate(),@intRowStatus_Active,@intParamId,'MCD')
INSERT INTO [dbo].[QueryParameterValue]([Name],[CreatedBy],[CreatedOn],[ModifiedBy],[ModifiedOn],[RowStatusId],[QueryParameterId],[Description])VALUES('BPC',@strDefaultValue_CreatedBy, getdate(), @strDefaultValue_ModifiedBy,getdate(),@intRowStatus_Active,@intParamId,'BPC')
INSERT INTO [dbo].[QueryParameterValue]([Name],[CreatedBy],[CreatedOn],[ModifiedBy],[ModifiedOn],[RowStatusId],[QueryParameterId],[Description])VALUES('BNB',@strDefaultValue_CreatedBy, getdate(), @strDefaultValue_ModifiedBy,getdate(),@intRowStatus_Active,@intParamId,'BNB')
INSERT INTO [dbo].[QueryParameterValue]([Name],[CreatedBy],[CreatedOn],[ModifiedBy],[ModifiedOn],[RowStatusId],[QueryParameterId],[Description])VALUES('BWS',@strDefaultValue_CreatedBy, getdate(), @strDefaultValue_ModifiedBy,getdate(),@intRowStatus_Active,@intParamId,'BWS')

SELECT @intParamId = Id FROM [dbo].[QueryParameter] WHERE name = 'Language'
INSERT INTO [dbo].[QueryParameterValue]([Name],[CreatedBy],[CreatedOn],[ModifiedBy],[ModifiedOn],[RowStatusId],[QueryParameterId],[Description])VALUES('hu-HU',@strDefaultValue_CreatedBy, getdate(), @strDefaultValue_ModifiedBy,getdate(),@intRowStatus_Active,@intParamId,'Hungarian')
INSERT INTO [dbo].[QueryParameterValue]([Name],[CreatedBy],[CreatedOn],[ModifiedBy],[ModifiedOn],[RowStatusId],[QueryParameterId],[Description])VALUES('is-IS',@strDefaultValue_CreatedBy, getdate(), @strDefaultValue_ModifiedBy,getdate(),@intRowStatus_Active,@intParamId,'Icelandic')
INSERT INTO [dbo].[QueryParameterValue]([Name],[CreatedBy],[CreatedOn],[ModifiedBy],[ModifiedOn],[RowStatusId],[QueryParameterId],[Description])VALUES('it-IT',@strDefaultValue_CreatedBy, getdate(), @strDefaultValue_ModifiedBy,getdate(),@intRowStatus_Active,@intParamId,'Italian')
INSERT INTO [dbo].[QueryParameterValue]([Name],[CreatedBy],[CreatedOn],[ModifiedBy],[ModifiedOn],[RowStatusId],[QueryParameterId],[Description])VALUES('it-CH',@strDefaultValue_CreatedBy, getdate(), @strDefaultValue_ModifiedBy,getdate(),@intRowStatus_Active,@intParamId,'Italian - Switzerland')
INSERT INTO [dbo].[QueryParameterValue]([Name],[CreatedBy],[CreatedOn],[ModifiedBy],[ModifiedOn],[RowStatusId],[QueryParameterId],[Description])VALUES('ja-JP',@strDefaultValue_CreatedBy, getdate(), @strDefaultValue_ModifiedBy,getdate(),@intRowStatus_Active,@intParamId,'Japanese')
INSERT INTO [dbo].[QueryParameterValue]([Name],[CreatedBy],[CreatedOn],[ModifiedBy],[ModifiedOn],[RowStatusId],[QueryParameterId],[Description])VALUES('ko-KR',@strDefaultValue_CreatedBy, getdate(), @strDefaultValue_ModifiedBy,getdate(),@intRowStatus_Active,@intParamId,'Korean')
INSERT INTO [dbo].[QueryParameterValue]([Name],[CreatedBy],[CreatedOn],[ModifiedBy],[ModifiedOn],[RowStatusId],[QueryParameterId],[Description])VALUES('nl-BE',@strDefaultValue_CreatedBy, getdate(), @strDefaultValue_ModifiedBy,getdate(),@intRowStatus_Active,@intParamId,'Dutch - Belgium')
INSERT INTO [dbo].[QueryParameterValue]([Name],[CreatedBy],[CreatedOn],[ModifiedBy],[ModifiedOn],[RowStatusId],[QueryParameterId],[Description])VALUES('nl-NL',@strDefaultValue_CreatedBy, getdate(), @strDefaultValue_ModifiedBy,getdate(),@intRowStatus_Active,@intParamId,'Dutch - The Netherlands')
INSERT INTO [dbo].[QueryParameterValue]([Name],[CreatedBy],[CreatedOn],[ModifiedBy],[ModifiedOn],[RowStatusId],[QueryParameterId],[Description])VALUES('nb-NO',@strDefaultValue_CreatedBy, getdate(), @strDefaultValue_ModifiedBy,getdate(),@intRowStatus_Active,@intParamId,'Norwegian')
INSERT INTO [dbo].[QueryParameterValue]([Name],[CreatedBy],[CreatedOn],[ModifiedBy],[ModifiedOn],[RowStatusId],[QueryParameterId],[Description])VALUES('pl-PL',@strDefaultValue_CreatedBy, getdate(), @strDefaultValue_ModifiedBy,getdate(),@intRowStatus_Active,@intParamId,'Polish')
INSERT INTO [dbo].[QueryParameterValue]([Name],[CreatedBy],[CreatedOn],[ModifiedBy],[ModifiedOn],[RowStatusId],[QueryParameterId],[Description])VALUES('pt-BR',@strDefaultValue_CreatedBy, getdate(), @strDefaultValue_ModifiedBy,getdate(),@intRowStatus_Active,@intParamId,'Portuguese - Brazil')
INSERT INTO [dbo].[QueryParameterValue]([Name],[CreatedBy],[CreatedOn],[ModifiedBy],[ModifiedOn],[RowStatusId],[QueryParameterId],[Description])VALUES('pt-PT',@strDefaultValue_CreatedBy, getdate(), @strDefaultValue_ModifiedBy,getdate(),@intRowStatus_Active,@intParamId,'Portuguese - Portugal')
INSERT INTO [dbo].[QueryParameterValue]([Name],[CreatedBy],[CreatedOn],[ModifiedBy],[ModifiedOn],[RowStatusId],[QueryParameterId],[Description])VALUES('ro-RO',@strDefaultValue_CreatedBy, getdate(), @strDefaultValue_ModifiedBy,getdate(),@intRowStatus_Active,@intParamId,'Romanian')
INSERT INTO [dbo].[QueryParameterValue]([Name],[CreatedBy],[CreatedOn],[ModifiedBy],[ModifiedOn],[RowStatusId],[QueryParameterId],[Description])VALUES('ru-RU',@strDefaultValue_CreatedBy, getdate(), @strDefaultValue_ModifiedBy,getdate(),@intRowStatus_Active,@intParamId,'Russian - Russia')
INSERT INTO [dbo].[QueryParameterValue]([Name],[CreatedBy],[CreatedOn],[ModifiedBy],[ModifiedOn],[RowStatusId],[QueryParameterId],[Description])VALUES('hr-HR',@strDefaultValue_CreatedBy, getdate(), @strDefaultValue_ModifiedBy,getdate(),@intRowStatus_Active,@intParamId,'Croatian')
INSERT INTO [dbo].[QueryParameterValue]([Name],[CreatedBy],[CreatedOn],[ModifiedBy],[ModifiedOn],[RowStatusId],[QueryParameterId],[Description])VALUES('sk-SK',@strDefaultValue_CreatedBy, getdate(), @strDefaultValue_ModifiedBy,getdate(),@intRowStatus_Active,@intParamId,'Slovak')
INSERT INTO [dbo].[QueryParameterValue]([Name],[CreatedBy],[CreatedOn],[ModifiedBy],[ModifiedOn],[RowStatusId],[QueryParameterId],[Description])VALUES('sq-AL',@strDefaultValue_CreatedBy, getdate(), @strDefaultValue_ModifiedBy,getdate(),@intRowStatus_Active,@intParamId,'Albanian')
INSERT INTO [dbo].[QueryParameterValue]([Name],[CreatedBy],[CreatedOn],[ModifiedBy],[ModifiedOn],[RowStatusId],[QueryParameterId],[Description])VALUES('sv-FI',@strDefaultValue_CreatedBy, getdate(), @strDefaultValue_ModifiedBy,getdate(),@intRowStatus_Active,@intParamId,'Swedish')
INSERT INTO [dbo].[QueryParameterValue]([Name],[CreatedBy],[CreatedOn],[ModifiedBy],[ModifiedOn],[RowStatusId],[QueryParameterId],[Description])VALUES('sv-SE',@strDefaultValue_CreatedBy, getdate(), @strDefaultValue_ModifiedBy,getdate(),@intRowStatus_Active,@intParamId,'Swedish - Sweden')
INSERT INTO [dbo].[QueryParameterValue]([Name],[CreatedBy],[CreatedOn],[ModifiedBy],[ModifiedOn],[RowStatusId],[QueryParameterId],[Description])VALUES('th-TH',@strDefaultValue_CreatedBy, getdate(), @strDefaultValue_ModifiedBy,getdate(),@intRowStatus_Active,@intParamId,'Thai')
INSERT INTO [dbo].[QueryParameterValue]([Name],[CreatedBy],[CreatedOn],[ModifiedBy],[ModifiedOn],[RowStatusId],[QueryParameterId],[Description])VALUES('tr-TR',@strDefaultValue_CreatedBy, getdate(), @strDefaultValue_ModifiedBy,getdate(),@intRowStatus_Active,@intParamId,'Turkish')
INSERT INTO [dbo].[QueryParameterValue]([Name],[CreatedBy],[CreatedOn],[ModifiedBy],[ModifiedOn],[RowStatusId],[QueryParameterId],[Description])VALUES('ur-PK',@strDefaultValue_CreatedBy, getdate(), @strDefaultValue_ModifiedBy,getdate(),@intRowStatus_Active,@intParamId,'Urdu - Pakistan')
INSERT INTO [dbo].[QueryParameterValue]([Name],[CreatedBy],[CreatedOn],[ModifiedBy],[ModifiedOn],[RowStatusId],[QueryParameterId],[Description])VALUES('id-ID',@strDefaultValue_CreatedBy, getdate(), @strDefaultValue_ModifiedBy,getdate(),@intRowStatus_Active,@intParamId,'Indonesian')
INSERT INTO [dbo].[QueryParameterValue]([Name],[CreatedBy],[CreatedOn],[ModifiedBy],[ModifiedOn],[RowStatusId],[QueryParameterId],[Description])VALUES('uk-UA',@strDefaultValue_CreatedBy, getdate(), @strDefaultValue_ModifiedBy,getdate(),@intRowStatus_Active,@intParamId,'Ukrainian')
INSERT INTO [dbo].[QueryParameterValue]([Name],[CreatedBy],[CreatedOn],[ModifiedBy],[ModifiedOn],[RowStatusId],[QueryParameterId],[Description])VALUES('be-BY',@strDefaultValue_CreatedBy, getdate(), @strDefaultValue_ModifiedBy,getdate(),@intRowStatus_Active,@intParamId,'Belarusian')
INSERT INTO [dbo].[QueryParameterValue]([Name],[CreatedBy],[CreatedOn],[ModifiedBy],[ModifiedOn],[RowStatusId],[QueryParameterId],[Description])VALUES('sl-SI',@strDefaultValue_CreatedBy, getdate(), @strDefaultValue_ModifiedBy,getdate(),@intRowStatus_Active,@intParamId,'Slovenian')
INSERT INTO [dbo].[QueryParameterValue]([Name],[CreatedBy],[CreatedOn],[ModifiedBy],[ModifiedOn],[RowStatusId],[QueryParameterId],[Description])VALUES('et-EE',@strDefaultValue_CreatedBy, getdate(), @strDefaultValue_ModifiedBy,getdate(),@intRowStatus_Active,@intParamId,'Estonian')
INSERT INTO [dbo].[QueryParameterValue]([Name],[CreatedBy],[CreatedOn],[ModifiedBy],[ModifiedOn],[RowStatusId],[QueryParameterId],[Description])VALUES('lv-LV',@strDefaultValue_CreatedBy, getdate(), @strDefaultValue_ModifiedBy,getdate(),@intRowStatus_Active,@intParamId,'Latvian')
INSERT INTO [dbo].[QueryParameterValue]([Name],[CreatedBy],[CreatedOn],[ModifiedBy],[ModifiedOn],[RowStatusId],[QueryParameterId],[Description])VALUES('lt-LT',@strDefaultValue_CreatedBy, getdate(), @strDefaultValue_ModifiedBy,getdate(),@intRowStatus_Active,@intParamId,'Lithuanian')
INSERT INTO [dbo].[QueryParameterValue]([Name],[CreatedBy],[CreatedOn],[ModifiedBy],[ModifiedOn],[RowStatusId],[QueryParameterId],[Description])VALUES('vi-VN',@strDefaultValue_CreatedBy, getdate(), @strDefaultValue_ModifiedBy,getdate(),@intRowStatus_Active,@intParamId,'Vietnamese')
INSERT INTO [dbo].[QueryParameterValue]([Name],[CreatedBy],[CreatedOn],[ModifiedBy],[ModifiedOn],[RowStatusId],[QueryParameterId],[Description])VALUES('hy-AM',@strDefaultValue_CreatedBy, getdate(), @strDefaultValue_ModifiedBy,getdate(),@intRowStatus_Active,@intParamId,'Armenian')
INSERT INTO [dbo].[QueryParameterValue]([Name],[CreatedBy],[CreatedOn],[ModifiedBy],[ModifiedOn],[RowStatusId],[QueryParameterId],[Description])VALUES('Cy-az-AZ',@strDefaultValue_CreatedBy, getdate(), @strDefaultValue_ModifiedBy,getdate(),@intRowStatus_Active,@intParamId,'Azeri (Cyrillic) - Azerbaijan')
INSERT INTO [dbo].[QueryParameterValue]([Name],[CreatedBy],[CreatedOn],[ModifiedBy],[ModifiedOn],[RowStatusId],[QueryParameterId],[Description])VALUES('Lt-az-AZ',@strDefaultValue_CreatedBy, getdate(), @strDefaultValue_ModifiedBy,getdate(),@intRowStatus_Active,@intParamId,'Azeri (Latin) - Azerbaijan')
INSERT INTO [dbo].[QueryParameterValue]([Name],[CreatedBy],[CreatedOn],[ModifiedBy],[ModifiedOn],[RowStatusId],[QueryParameterId],[Description])VALUES('eu-ES',@strDefaultValue_CreatedBy, getdate(), @strDefaultValue_ModifiedBy,getdate(),@intRowStatus_Active,@intParamId,'Basque')
INSERT INTO [dbo].[QueryParameterValue]([Name],[CreatedBy],[CreatedOn],[ModifiedBy],[ModifiedOn],[RowStatusId],[QueryParameterId],[Description])VALUES('mk-MK',@strDefaultValue_CreatedBy, getdate(), @strDefaultValue_ModifiedBy,getdate(),@intRowStatus_Active,@intParamId,'Macedonian')
INSERT INTO [dbo].[QueryParameterValue]([Name],[CreatedBy],[CreatedOn],[ModifiedBy],[ModifiedOn],[RowStatusId],[QueryParameterId],[Description])VALUES('af-ZA',@strDefaultValue_CreatedBy, getdate(), @strDefaultValue_ModifiedBy,getdate(),@intRowStatus_Active,@intParamId,'Afrikaans')
INSERT INTO [dbo].[QueryParameterValue]([Name],[CreatedBy],[CreatedOn],[ModifiedBy],[ModifiedOn],[RowStatusId],[QueryParameterId],[Description])VALUES('ka-GE',@strDefaultValue_CreatedBy, getdate(), @strDefaultValue_ModifiedBy,getdate(),@intRowStatus_Active,@intParamId,'Georgian')
INSERT INTO [dbo].[QueryParameterValue]([Name],[CreatedBy],[CreatedOn],[ModifiedBy],[ModifiedOn],[RowStatusId],[QueryParameterId],[Description])VALUES('fo-FO',@strDefaultValue_CreatedBy, getdate(), @strDefaultValue_ModifiedBy,getdate(),@intRowStatus_Active,@intParamId,'Faroese')
INSERT INTO [dbo].[QueryParameterValue]([Name],[CreatedBy],[CreatedOn],[ModifiedBy],[ModifiedOn],[RowStatusId],[QueryParameterId],[Description])VALUES('hi-IN',@strDefaultValue_CreatedBy, getdate(), @strDefaultValue_ModifiedBy,getdate(),@intRowStatus_Active,@intParamId,'Hindi')
INSERT INTO [dbo].[QueryParameterValue]([Name],[CreatedBy],[CreatedOn],[ModifiedBy],[ModifiedOn],[RowStatusId],[QueryParameterId],[Description])VALUES('ms-BN',@strDefaultValue_CreatedBy, getdate(), @strDefaultValue_ModifiedBy,getdate(),@intRowStatus_Active,@intParamId,'Malay - Brunei')
INSERT INTO [dbo].[QueryParameterValue]([Name],[CreatedBy],[CreatedOn],[ModifiedBy],[ModifiedOn],[RowStatusId],[QueryParameterId],[Description])VALUES('ms-MY',@strDefaultValue_CreatedBy, getdate(), @strDefaultValue_ModifiedBy,getdate(),@intRowStatus_Active,@intParamId,'Malay - Malaysia')
INSERT INTO [dbo].[QueryParameterValue]([Name],[CreatedBy],[CreatedOn],[ModifiedBy],[ModifiedOn],[RowStatusId],[QueryParameterId],[Description])VALUES('kk-KZ',@strDefaultValue_CreatedBy, getdate(), @strDefaultValue_ModifiedBy,getdate(),@intRowStatus_Active,@intParamId,'Kazakh - Kazakhstan')
INSERT INTO [dbo].[QueryParameterValue]([Name],[CreatedBy],[CreatedOn],[ModifiedBy],[ModifiedOn],[RowStatusId],[QueryParameterId],[Description])VALUES('ky-KZ',@strDefaultValue_CreatedBy, getdate(), @strDefaultValue_ModifiedBy,getdate(),@intRowStatus_Active,@intParamId,'Kyrgyz - Kazakhstan')
INSERT INTO [dbo].[QueryParameterValue]([Name],[CreatedBy],[CreatedOn],[ModifiedBy],[ModifiedOn],[RowStatusId],[QueryParameterId],[Description])VALUES('Cy-uz-UZ',@strDefaultValue_CreatedBy, getdate(), @strDefaultValue_ModifiedBy,getdate(),@intRowStatus_Active,@intParamId,'Uzbek (Cyrillic) - Uzbekistan')
INSERT INTO [dbo].[QueryParameterValue]([Name],[CreatedBy],[CreatedOn],[ModifiedBy],[ModifiedOn],[RowStatusId],[QueryParameterId],[Description])VALUES('Lt-uz-UZ',@strDefaultValue_CreatedBy, getdate(), @strDefaultValue_ModifiedBy,getdate(),@intRowStatus_Active,@intParamId,'Uzbek (Latin) - Uzbekistan')
INSERT INTO [dbo].[QueryParameterValue]([Name],[CreatedBy],[CreatedOn],[ModifiedBy],[ModifiedOn],[RowStatusId],[QueryParameterId],[Description])VALUES('tt-RU',@strDefaultValue_CreatedBy, getdate(), @strDefaultValue_ModifiedBy,getdate(),@intRowStatus_Active,@intParamId,'Tatar - Russia')
INSERT INTO [dbo].[QueryParameterValue]([Name],[CreatedBy],[CreatedOn],[ModifiedBy],[ModifiedOn],[RowStatusId],[QueryParameterId],[Description])VALUES('pa-IN',@strDefaultValue_CreatedBy, getdate(), @strDefaultValue_ModifiedBy,getdate(),@intRowStatus_Active,@intParamId,'Punjabi - India')
INSERT INTO [dbo].[QueryParameterValue]([Name],[CreatedBy],[CreatedOn],[ModifiedBy],[ModifiedOn],[RowStatusId],[QueryParameterId],[Description])VALUES('gu-IN',@strDefaultValue_CreatedBy, getdate(), @strDefaultValue_ModifiedBy,getdate(),@intRowStatus_Active,@intParamId,'Gujarati - India')
INSERT INTO [dbo].[QueryParameterValue]([Name],[CreatedBy],[CreatedOn],[ModifiedBy],[ModifiedOn],[RowStatusId],[QueryParameterId],[Description])VALUES('ta-IN',@strDefaultValue_CreatedBy, getdate(), @strDefaultValue_ModifiedBy,getdate(),@intRowStatus_Active,@intParamId,'Tamil - India')
INSERT INTO [dbo].[QueryParameterValue]([Name],[CreatedBy],[CreatedOn],[ModifiedBy],[ModifiedOn],[RowStatusId],[QueryParameterId],[Description])VALUES('te-IN',@strDefaultValue_CreatedBy, getdate(), @strDefaultValue_ModifiedBy,getdate(),@intRowStatus_Active,@intParamId,'Telugu - India')
INSERT INTO [dbo].[QueryParameterValue]([Name],[CreatedBy],[CreatedOn],[ModifiedBy],[ModifiedOn],[RowStatusId],[QueryParameterId],[Description])VALUES('kn-IN',@strDefaultValue_CreatedBy, getdate(), @strDefaultValue_ModifiedBy,getdate(),@intRowStatus_Active,@intParamId,'Kannada - India')
INSERT INTO [dbo].[QueryParameterValue]([Name],[CreatedBy],[CreatedOn],[ModifiedBy],[ModifiedOn],[RowStatusId],[QueryParameterId],[Description])VALUES('mr-IN',@strDefaultValue_CreatedBy, getdate(), @strDefaultValue_ModifiedBy,getdate(),@intRowStatus_Active,@intParamId,'Marathi - India')
INSERT INTO [dbo].[QueryParameterValue]([Name],[CreatedBy],[CreatedOn],[ModifiedBy],[ModifiedOn],[RowStatusId],[QueryParameterId],[Description])VALUES('sa-IN',@strDefaultValue_CreatedBy, getdate(), @strDefaultValue_ModifiedBy,getdate(),@intRowStatus_Active,@intParamId,'Sanskrit - India')
INSERT INTO [dbo].[QueryParameterValue]([Name],[CreatedBy],[CreatedOn],[ModifiedBy],[ModifiedOn],[RowStatusId],[QueryParameterId],[Description])VALUES('mn-MN',@strDefaultValue_CreatedBy, getdate(), @strDefaultValue_ModifiedBy,getdate(),@intRowStatus_Active,@intParamId,'Mongolian')
INSERT INTO [dbo].[QueryParameterValue]([Name],[CreatedBy],[CreatedOn],[ModifiedBy],[ModifiedOn],[RowStatusId],[QueryParameterId],[Description])VALUES('gl-ES',@strDefaultValue_CreatedBy, getdate(), @strDefaultValue_ModifiedBy,getdate(),@intRowStatus_Active,@intParamId,'Galician')
INSERT INTO [dbo].[QueryParameterValue]([Name],[CreatedBy],[CreatedOn],[ModifiedBy],[ModifiedOn],[RowStatusId],[QueryParameterId],[Description])VALUES('kok-IN',@strDefaultValue_CreatedBy, getdate(), @strDefaultValue_ModifiedBy,getdate(),@intRowStatus_Active,@intParamId,'Konkani - India')
INSERT INTO [dbo].[QueryParameterValue]([Name],[CreatedBy],[CreatedOn],[ModifiedBy],[ModifiedOn],[RowStatusId],[QueryParameterId],[Description])VALUES('syr-SY',@strDefaultValue_CreatedBy, getdate(), @strDefaultValue_ModifiedBy,getdate(),@intRowStatus_Active,@intParamId,'Syriac - Syria')
INSERT INTO [dbo].[QueryParameterValue]([Name],[CreatedBy],[CreatedOn],[ModifiedBy],[ModifiedOn],[RowStatusId],[QueryParameterId],[Description])VALUES('div-MV',@strDefaultValue_CreatedBy, getdate(), @strDefaultValue_ModifiedBy,getdate(),@intRowStatus_Active,@intParamId,'Dhivehi - Maldives')
INSERT INTO [dbo].[QueryParameterValue]([Name],[CreatedBy],[CreatedOn],[ModifiedBy],[ModifiedOn],[RowStatusId],[QueryParameterId],[Description])VALUES('zh-HK',@strDefaultValue_CreatedBy, getdate(), @strDefaultValue_ModifiedBy,getdate(),@intRowStatus_Active,@intParamId,'Chinese - Hong Kong SAR ')
INSERT INTO [dbo].[QueryParameterValue]([Name],[CreatedBy],[CreatedOn],[ModifiedBy],[ModifiedOn],[RowStatusId],[QueryParameterId],[Description])VALUES('Cy-sr-SP',@strDefaultValue_CreatedBy, getdate(), @strDefaultValue_ModifiedBy,getdate(),@intRowStatus_Active,@intParamId,'Serbian (Cyrillic) - Serbia')
INSERT INTO [dbo].[QueryParameterValue]([Name],[CreatedBy],[CreatedOn],[ModifiedBy],[ModifiedOn],[RowStatusId],[QueryParameterId],[Description])VALUES('Lt-sr-SP',@strDefaultValue_CreatedBy, getdate(), @strDefaultValue_ModifiedBy,getdate(),@intRowStatus_Active,@intParamId,'Serbian (Latin) - Serbia')


PRINT 'Finished loading "Migration" DB data'

COMMIT TRANSACTION
END TRY

BEGIN CATCH
	---Capture the details of the original error
	DECLARE @ErrMsg nvarchar(4000), @ErrSeverity int
	SELECT	@ErrMsg = ERROR_MESSAGE(),
			@ErrSeverity = ERROR_SEVERITY()

	PRINT 'Error occurred while loading "Migration" DB data'
	ROLLBACK TRANSACTION

	---Raise an error with the details of the original error
	RAISERROR(@ErrMsg, @ErrSeverity, 1)
END CATCH
GO

--- Reseed identities for each table
BEGIN
	PRINT 'Reseeding Identities'
	EXEC sp_MSForEachTable ' 
		IF OBJECTPROPERTY(object_id(''?''), ''TableHasIdentity'') = 1 
			BEGIN
				--DECLARE @highestId int
				--DECLARE @newSeed int
				--SET @highestId = (SELECT MAX([Id]) FROM ?);
				--SET @newSeed = (SELECT 1+ISNULL(@highestId, 0));
				--PRINT N''Reseeding ''''?'''' Identity to '' + CONVERT(NVARCHAR(20), @newSeed)
				--DBCC CHECKIDENT (''?'', RESEED, @newSeed) 
				PRINT N''Reseeding ''''?'''' Identity''
				DBCC CHECKIDENT (''?'', RESEED)
			END
	' 
END
GO